#
# A fatal error has been detected by the Java Runtime Environment:
#
#  SIGSEGV (0xb) at pc=0x00007fd7bcc1e39b, pid=18728, tid=19290
#
# JRE version: OpenJDK Runtime Environment (21.0.12.1+1) (build 21.0.12.1+1)
# Java VM: OpenJDK 64-Bit Server VM (21.0.12.1+1, mixed mode, sharing, tiered, compressed oops, compressed class ptrs, g1 gc, linux-amd64)
# Problematic frame:
# C  [liblwjgl_lmdb.so+0xa39b]
#
# Core dump will be written. Default location: Determined by the following: "/usr/lib/systemd/systemd-coredump %P %u %g %s %t %c %h %d %F %I" (alternatively, falling back to /tmp/styra/workspace/core.18728)
#
# If you would like to submit a bug report, please visit:
#   https://bugreport.java.com/bugreport/crash.jsp
# The crash happened outside the Java Virtual Machine in native code.
# See problematic frame for where to report the bug.
#

---------------  S U M M A R Y ------------

Command Line: -Dfile.encoding=UTF-8 -Dsbt.override.build.repos=true -Dsbt.repository.config=project/repositories -Xms1024m -Xmx1024m -Xss4M -XX:ReservedCodeCacheSize=128m -Dsbt.script=/home/ggvgc/.cache/coursier/arc/https/github.com/sbt/sbt/releases/download/v2.0.5/sbt-2.0.5.zip/sbt/bin/sbt -Dscala.ext.dirs=/home/ggvgc/.sbt/1.0/java9-rt-ext-arch_linux_21_0_12_1 /home/ggvgc/.cache/coursier/arc/https/github.com/sbt/sbt/releases/download/v2.0.5/sbt-2.0.5.zip/sbt/bin/sbt-launch.jar rdfStore/test

Host: AMD Ryzen 7 PRO 7840U w/ Radeon 780M Graphics, 16 cores, 27G, Linux
Time: Thu Oct  8 00:18:03 2026 CEST elapsed time: 39.146591 seconds (0d 0h 0m 39s)

---------------  T H R E A D  ---------------

Current thread (0x00007fd760699920):  JavaThread "RemoteMetaSyncDbTest-akka.actor.default-dispatcher-27"        [_thread_in_native, id=19290, stack(0x00007fd503400000,0x00007fd503800000) (4096K)]

Stack: [0x00007fd503400000,0x00007fd503800000],  sp=0x00007fd5037fd450,  free space=4085k
Native frames: (J=compiled Java code, j=interpreted, Vv=VM code, C=native code)
C  [liblwjgl_lmdb.so+0xa39b]
Java frames: (J=compiled Java code, j=interpreted, Vv=VM code)
J 30650  org.lwjgl.util.lmdb.LMDB.nmdb_txn_reset(J)V (0 bytes) @ 0x00007fd7c17aedf9 [0x00007fd7c17aeda0+0x0000000000000059]
J 33083 c2 org.eclipse.rdf4j.sail.lmdb.LmdbSailStore$LmdbSailDataset.close()V (8 bytes) @ 0x00007fd7c30f0a40 [0x00007fd7c30f04e0+0x0000000000000560]
J 32684 c2 org.eclipse.rdf4j.sail.base.SailSourceBranch$2.close()V (69 bytes) @ 0x00007fd7c2fe7088 [0x00007fd7c2fe7020+0x0000000000000068]
J 32684 c2 org.eclipse.rdf4j.sail.base.SailSourceBranch$2.close()V (69 bytes) @ 0x00007fd7c2fe7088 [0x00007fd7c2fe7020+0x0000000000000068]
j  org.eclipse.rdf4j.sail.base.UnionSailDataset.close()V+4
J 33037 c2 org.eclipse.rdf4j.sail.base.SailClosingIteration.handleClose()V (316 bytes) @ 0x00007fd7c30b2460 [0x00007fd7c30b2300+0x0000000000000160]
J 32212 c2 org.eclipse.rdf4j.common.iteration.AbstractCloseableIteration.close()V (17 bytes) @ 0x00007fd7c2df65f8 [0x00007fd7c2df65a0+0x0000000000000058]
J 32443 c2 org.eclipse.rdf4j.common.iteration.IterationWrapper.handleClose()V (10 bytes) @ 0x00007fd7c2e9e770 [0x00007fd7c2e9e720+0x0000000000000050]
J 32212 c2 org.eclipse.rdf4j.common.iteration.AbstractCloseableIteration.close()V (17 bytes) @ 0x00007fd7c2df65f8 [0x00007fd7c2df65a0+0x0000000000000058]
J 33086 c2 org.eclipse.rdf4j.sail.helpers.CleanerIteration.close()V (17 bytes) @ 0x00007fd7c30fb288 [0x00007fd7c30fb200+0x0000000000000088]
J 32443 c2 org.eclipse.rdf4j.common.iteration.IterationWrapper.handleClose()V (10 bytes) @ 0x00007fd7c2e9e770 [0x00007fd7c2e9e720+0x0000000000000050]
J 32212 c2 org.eclipse.rdf4j.common.iteration.AbstractCloseableIteration.close()V (17 bytes) @ 0x00007fd7c2df65f8 [0x00007fd7c2df65a0+0x0000000000000058]
J 34077 c2 se.lu.nateko.cp.meta.utils.rdf4j.Rdf4jIterationIterator.Rdf4jIterationIterator$superArg$1$$anonfun$1(Lorg/eclipse/rdf4j/common/iteration/CloseableIteration;Lscala/Function0;)V (25 bytes) @ 0x00007fd7bfd2c030 [0x00007fd7bfd2bfc0+0x0000000000000070]
J 27348 c2 se.lu.nateko.cp.meta.api.CloseableIterator$Wrap.hasNext()Z (48 bytes) @ 0x00007fd7c009f3a4 [0x00007fd7c009f1c0+0x00000000000001e4]
J 36765 c2 scala.collection.immutable.Vector$.from(Lscala/collection/IterableOnce;)Ljava/lang/Object; (6 bytes) @ 0x00007fd7c29565f4 [0x00007fd7c2955ce0+0x0000000000000914]
J 31921 c2 scala.collection.AbstractIterator.toIndexedSeq()Lscala/collection/immutable/IndexedSeq; (5 bytes) @ 0x00007fd7c0fedd18 [0x00007fd7c0fedc40+0x00000000000000d8]
j  se.lu.nateko.cp.meta.services.sync.RemoteMetaSync.$init$$$anonfun$1$$anonfun$1$$anonfun$1(Lse/lu/nateko/cp/meta/api/CloseableIterator;)Lscala/collection/immutable/IndexedSeq;+1
j  se.lu.nateko.cp.meta.services.sync.RemoteMetaSync$$Lambda+0x00007fd769a0b130.apply(Ljava/lang/Object;)Ljava/lang/Object;+4
j  scala.util.Using$.resource(Ljava/lang/Object;Lscala/Function1;Lscala/util/Using$Releasable;)Ljava/lang/Object;+19
j  se.lu.nateko.cp.meta.services.sync.RemoteMetaSync.$init$$$anonfun$1$$anonfun$1(Lse/lu/nateko/cp/meta/api/SparqlRunner;Ljava/lang/String;)Lscala/collection/immutable/IndexedSeq;+18
j  se.lu.nateko.cp.meta.services.sync.RemoteMetaSync$$Lambda+0x00007fd769a05000.apply()Ljava/lang/Object;+8
j  se.lu.nateko.cp.meta.services.sync.QueryThrottle.apply(Lscala/Function0;)Ljava/lang/Object;+43
j  se.lu.nateko.cp.meta.services.sync.RemoteMetaSync.$init$$$anonfun$1(Lse/lu/nateko/cp/meta/services/sync/QueryThrottle;Lse/lu/nateko/cp/meta/api/SparqlRunner;Ljava/lang/String;)Lscala/collection/immutable/IndexedSeq;+8
j  se.lu.nateko.cp.meta.services.sync.RemoteMetaSync$$Lambda+0x00007fd7699702c0.apply(Ljava/lang/Object;)Ljava/lang/Object;+12
j  se.lu.nateko.cp.meta.services.sync.RemoteMetaSync$.associatedStatements(Lscala/collection/immutable/Seq;ILscala/Function1;)Lscala/collection/immutable/Set;+54
j  se.lu.nateko.cp.meta.services.sync.RemoteMetaSync.batchStatements(Lse/lu/nateko/cp/meta/services/sync/SyncKind;Lscala/collection/immutable/Seq;Lscala/Function1;)Lscala/collection/immutable/Set;+53
j  se.lu.nateko.cp.meta.services.sync.RemoteMetaSync.syncInBatches$$anonfun$1$$anonfun$1(Lse/lu/nateko/cp/meta/services/sync/SyncKind;Lscala/collection/immutable/Seq;)Lscala/collection/immutable/Set;+7
j  se.lu.nateko.cp.meta.services.sync.RemoteMetaSync$$Lambda+0x00007fd769a00000.apply()Ljava/lang/Object;+12
j  akka.dispatch.MonitorableThreadFactory$AkkaForkJoinWorkerThread$$anon$3.block()Z+12
j  java.util.concurrent.ForkJoinPool.compensatedBlock(Ljava/util/concurrent/ForkJoinPool$ManagedBlocker;)V+56 java.base@21.0.12.1
J 25636 c1 java.util.concurrent.ForkJoinPool.managedBlock(Ljava/util/concurrent/ForkJoinPool$ManagedBlocker;)V java.base@21.0.12.1 (36 bytes) @ 0x00007fd7c10800ec [0x00007fd7c107fba0+0x000000000000054c]
j  akka.dispatch.MonitorableThreadFactory$AkkaForkJoinWorkerThread.blockOn(Lscala/Function0;Lscala/concurrent/CanAwait;)Ljava/lang/Object;+21
j  akka.dispatch.BatchingExecutor$BlockableBatch.blockOn(Lscala/Function0;Lscala/concurrent/CanAwait;)Ljava/lang/Object;+22
j  scala.concurrent.package$.blocking(Lscala/Function0;)Ljava/lang/Object;+10
j  se.lu.nateko.cp.meta.services.sync.RemoteMetaSync.withRetries$$anonfun$1(Lscala/Function0;)Ljava/lang/Object;+4
j  se.lu.nateko.cp.meta.services.sync.RemoteMetaSync$$Lambda+0x00007fd769a004d0.apply()Ljava/lang/Object;+4
j  scala.concurrent.Future$.$anonfun$apply$1(Lscala/Function0;Lscala/runtime/BoxedUnit;)Ljava/lang/Object;+1
j  scala.concurrent.Future$$$Lambda+0x00007fd7696b6880.apply(Ljava/lang/Object;)Ljava/lang/Object;+8
J 28340 c1 scala.concurrent.impl.Promise$Transformation.run()V (527 bytes) @ 0x00007fd7c11fe89c [0x00007fd7c11fba40+0x0000000000002e5c]
j  akka.dispatch.BatchingExecutor$AbstractBatch.processBatch(Lakka/dispatch/BatchingExecutor$AbstractBatch;)V+19
j  akka.dispatch.BatchingExecutor$BlockableBatch.$anonfun$run$1(Lakka/dispatch/BatchingExecutor$BlockableBatch;Z)V+2
j  akka.dispatch.BatchingExecutor$BlockableBatch$$Lambda+0x00007fd769973540.apply$mcV$sp()V+8
J 30411 c1 scala.runtime.java8.JFunction0$mcV$sp.apply()Ljava/lang/Object; (10 bytes) @ 0x00007fd7c1a0dbc4 [0x00007fd7c1a0dac0+0x0000000000000104]
j  scala.concurrent.BlockContext$.withBlockContext(Lscala/concurrent/BlockContext;Lscala/Function0;)Ljava/lang/Object;+30
j  akka.dispatch.BatchingExecutor$BlockableBatch.run()V+96
J 31113 c1 akka.dispatch.TaskInvocation.run()V (115 bytes) @ 0x00007fd7c0883ec4 [0x00007fd7c0883e40+0x0000000000000084]
J 32173 c1 akka.dispatch.ForkJoinExecutorConfigurator$AkkaForkJoinTask.exec()Z (69 bytes) @ 0x00007fd7c2740794 [0x00007fd7c2740680+0x0000000000000114]
J 36443 c2 java.util.concurrent.ForkJoinPool.scan(Ljava/util/concurrent/ForkJoinPool$WorkQueue;II)I java.base@21.0.12.1 (263 bytes) @ 0x00007fd7c296b1b0 [0x00007fd7c296aea0+0x0000000000000310]
j  java.util.concurrent.ForkJoinPool.runWorker(Ljava/util/concurrent/ForkJoinPool$WorkQueue;)V+35 java.base@21.0.12.1
j  java.util.concurrent.ForkJoinWorkerThread.run()V+31 java.base@21.0.12.1
v  ~StubRoutines::call_stub 0x00007fd7bf400cc6

siginfo: si_signo: 11 (SIGSEGV), si_code: 1 (SEGV_MAPERR), si_addr: 0x00007fd7d6007140

Registers:
RAX=0x0000000000020000, RBX=0x0000000000000001, RCX=0x000000000000007f, RDX=0x00007fd7d6007140
RSP=0x00007fd5037fd450, RBP=0x00007fd73d3b38b0, RSI=0x0000000000000009, RDI=0x00007fd73d3b38b0
R8 =0x0000000000000001, R9 =0x00000000c7c41980, R10=0x00007fd7c17aedf9, R11=0x00000000c7c41980
R12=0x00007fd73d3b3bd8, R13=0x00007fd73ca25cd0, R14=0x0000000000000003, R15=0x00007fd760699920
RIP=0x00007fd7bcc1e39b, EFLAGS=0x0000000000010202, CSGSFS=0x002b000000000033, ERR=0x0000000000000006
  TRAPNO=0x000000000000000e

XMM[0]=0x00007fd7bf525417 0x00007fd5037fd830
XMM[1]=0x00007fd5037fd830 0x0000000000000000
XMM[2]=0x0000000000000000 0x00007fd7bf525417
XMM[3]=0x00007fd7493105d0 0x00007fd7493105c0
XMM[4]=0x00007fd7493105d0 0x00007fd7493105c0
XMM[5]=0x00007fd7493105d0 0x00007fd7493105c0
XMM[6]=0x00007fd7493105d0 0x00007fd7493105c0
XMM[7]=0x0000000000000000 0x0000000000020000
XMM[8]=0x0000000000000000 0x00007fd50af5f802
XMM[9]=0x0000000000000000 0x0000000000000003
XMM[10]=0x0000000000000000 0x00000001f7011640
XMM[11]=0x0000000000000000 0x5ea3fd97d687a770
XMM[12]=0x0000000000000000 0x0000000077e3a9d9
XMM[13]=0x0000000000000000 0x000000007bcd7d76
XMM[14]=0x0000000000000000 0x00000000cf58bd90
XMM[15]=0x0000000000000000 0x000000000000006c
  MXCSR=0x00001fa2


Register to memory mapping:

RAX=0x0000000000020000 is an unknown value
RBX=0x0000000000000001 is an unknown value
RCX=0x000000000000007f is an unknown value
RDX=0x00007fd7d6007140 is an unknown value
RSP=0x00007fd5037fd450 is pointing into the stack for thread: 0x00007fd760699920
RBP=0x00007fd73d3b38b0 points into unknown readable memory: 0x0000000000000000 | 00 00 00 00 00 00 00 00
RSI=0x0000000000000009 is an unknown value
RDI=0x00007fd73d3b38b0 points into unknown readable memory: 0x0000000000000000 | 00 00 00 00 00 00 00 00
R8 =0x0000000000000001 is an unknown value
R9 =0x00000000c7c41980 is an oop: [J 
{0x00000000c7c41980} - klass: {type array long}
 - length: 128
R10=0x00007fd7c17aedf9 is at entry_point+89 in (nmethod*)0x00007fd7c17aec10
Compiled method (n/a) 39148 30650     n 0       org.lwjgl.util.lmdb.LMDB::nmdb_txn_reset (native)
 total in heap  [0x00007fd7c17aec10,0x00007fd7c17aef70] = 864
 relocation     [0x00007fd7c17aed68,0x00007fd7c17aeda0] = 56
 main code      [0x00007fd7c17aeda0,0x00007fd7c17aef63] = 451
 stub code      [0x00007fd7c17aef63,0x00007fd7c17aef68] = 5
 oops           [0x00007fd7c17aef68,0x00007fd7c17aef70] = 8
0x00007fd7c17aeddf:   48 8b d6 49 be 88 54 ee c7 00 00 00 00 4c 89 74
0x00007fd7c17aedef:   24 30 4c 8d 74 24 30 49 8b f6 c5 f8 77 
R11=0x00000000c7c41980 is an oop: [J 
{0x00000000c7c41980} - klass: {type array long}
 - length: 128
R12=0x00007fd73d3b3bd8 points into unknown readable memory: 0x1a1a1a181a1a1808 | 08 18 1a 1a 18 1a 1a 1a
R13=0x00007fd73ca25cd0 points into unknown readable memory: 0x00007fd0c13f9845 | 45 98 3f c1 d0 7f 00 00
R14=0x0000000000000003 is an unknown value
R15=0x00007fd760699920 is a thread

Top of Stack: (sp=0x00007fd5037fd450)
0x00007fd5037fd450:   00007fd5037fd4a8 00007fd73d3b38b0   .........8;=....
0x00007fd5037fd460:   00007fd5037fd498 00007fd769791178   ........x.yi....
0x00007fd5037fd470:   00007fd5037fd550 00007fd5037fd550   P.......P.......
0x00007fd5037fd480:   00007fd5037fd4f0 0000000000000000   ................
0x00007fd5037fd490:   00000000c0019670 00007fd5037fd4e0   p...............
0x00007fd5037fd4a0:   00007fd760699920 00007fd7c17aee6a    .i`....j.z.....
0x00007fd5037fd4b0:   00007fd5037fd4e8 00007fd7bf4362b7   .........bC.....
0x00007fd5037fd4c0:   00007fd71c946ee0 0000000000000000   .n..............
0x00007fd5037fd4d0:   00007fd71b9de590 00007fd769791178   ........x.yi....
0x00007fd5037fd4e0:   00000000c7ee5488 00007fd5037fd6a8   .T..............
0x00007fd5037fd4f0:   00000000c7c41980 00007fd7c30f0a40   ........@.......
0x00007fd5037fd500:   00000000c8826320 00007fd73d3b38b0    c.......8;=....
0x00007fd5037fd510:   00007fd7c7c41980 00007fd7493105d0   ..........1I....
0x00007fd5037fd520:   00007fd7493105c0 00007fd7493105d0   ..1I......1I....
0x00007fd5037fd530:   c882632000020000 0000000000000000   .... c..........
0x00007fd5037fd540:   00007fd7c7c41828 00007fd7697a6a98   (........jzi....
0x00007fd5037fd550:   0000000000000003 0000000000000000   ................
0x00007fd5037fd560:   00007fd5037fd6a8 00007fd7c2fe7088   .........p......
0x00007fd5037fd570:   00000000ffd81028 00000000c8827190   (........q......
0x00007fd5037fd580:   00000000c88262f0 00000000c88262d8   .b.......b......
0x00007fd5037fd590:   00007fd5037fd5c8 0000000000000000   ................
0x00007fd5037fd5a0:   00000000c8bc4cb8 0000000000000000   .L..............
0x00007fd5037fd5b0:   00007fd71b9de590 00007fd71ba499c0   ................
0x00007fd5037fd5c0:   00007fd769a365c8 00007fd5037fd6a8   .e.i............
0x00007fd5037fd5d0:   00007fd5037fd6a8 00007fd7c2fe7088   .........p......
0x00007fd5037fd5e0:   00007fd5037fd638 00000000c8755718   8........Wu.....
0x00007fd5037fd5f0:   00000000c88262d8 00000000c88229e8   .b.......)......
0x00007fd5037fd600:   00007fd71c6b15c0 00000000c88229e8   ..k......)......
0x00007fd5037fd610:   00000000c8bc4cb8 00007fd76949be68   .L......h.Ii....
0x00007fd5037fd620:   00007fd769a365c8 00000000c88271a8   .e.i.....q......
0x00007fd5037fd630:   ffffffffffffffff 00007fd7c01b700d   .........p......
0x00007fd5037fd640:   00007fd5037fd6a8 00007fd7bf408626   ........&.@.....

Instructions: (pc=0x00007fd7bcc1e39b)
0x00007fd7bcc1e29b:   5d 41 5e 41 5f c3 48 8b 05 20 dd 00 00 bf 08 00
0x00007fd7bcc1e2ab:   10 00 ff 10 48 85 c0 74 1a 66 0f 6f 05 e4 9d 00
0x00007fd7bcc1e2bb:   00 48 83 c0 08 0f 11 40 f8 49 89 44 24 40 e9 02
0x00007fd7bcc1e2cb:   fe ff ff 49 c7 44 24 40 00 00 00 00 b8 0c 00 00
0x00007fd7bcc1e2db:   00 e9 42 ff ff ff 45 31 ed e9 f6 fe ff ff 0f 1f
0x00007fd7bcc1e2eb:   80 00 00 00 00 41 57 89 f0 41 56 41 89 f6 83 e0
0x00007fd7bcc1e2fb:   10 41 55 41 54 55 48 89 fd 53 48 83 ec 28 8b 77
0x00007fd7bcc1e30b:   78 4c 8b 6f 20 4c 8b 67 70 8d 5e ff 83 fb 01 0f
0x00007fd7bcc1e31b:   8e 10 03 00 00 48 63 db 85 c0 0f 85 a5 01 00 00
0x00007fd7bcc1e32b:   0f 1f 44 00 00 41 f6 04 1c 04 74 48 48 8d 04 5b
0x00007fd7bcc1e33b:   48 c1 e0 04 49 03 85 88 00 00 00 48 8b 78 08 48
0x00007fd7bcc1e34b:   85 ff 74 30 48 c7 40 08 00 00 00 00 31 d2 48 c7
0x00007fd7bcc1e35b:   00 00 00 00 00 49 8b 85 90 00 00 00 66 89 14 58
0x00007fd7bcc1e36b:   49 8b 85 98 00 00 00 83 04 98 01 48 8b 05 63 dc
0x00007fd7bcc1e37b:   00 00 ff 10 48 83 eb 01 83 fb 01 7f a8 8b 45 7c
0x00007fd7bcc1e38b:   a9 00 00 02 00 74 6e 48 8b 55 48 48 85 d2 74 26
0x00007fd7bcc1e39b:   48 c7 02 ff ff ff ff 41 f6 45 0e 20 74 10 41 f7
0x00007fd7bcc1e3ab:   c6 00 00 20 00 74 0f c7 42 08 00 00 00 00 48 c7
0x00007fd7bcc1e3bb:   45 48 00 00 00 00 83 c8 01 c7 45 78 00 00 00 00
0x00007fd7bcc1e3cb:   44 89 f3 89 45 7c 83 e3 20 85 db 0f 84 e4 00 00
0x00007fd7bcc1e3db:   00 48 8b 05 fd db 00 00 48 89 ef 48 8b 00 48 83
0x00007fd7bcc1e3eb:   c4 28 5b 5d 41 5c 41 5d 41 5e 41 5f ff e0 0f 1f
0x00007fd7bcc1e3fb:   80 00 00 00 00 83 e0 01 89 c3 0f 85 15 01 00 00
0x00007fd7bcc1e40b:   4d 8b a5 b0 00 00 00 41 f6 c6 10 0f 84 91 01 00
0x00007fd7bcc1e41b:   00 41 f6 45 0e 08 0f 84 04 01 00 00 48 8b 05 92
0x00007fd7bcc1e42b:   9c 00 00 48 8b 55 28 48 89 45 78 48 8b 45 00 48
0x00007fd7bcc1e43b:   85 c0 0f 84 7d 01 00 00 f3 0f 6f 85 88 00 00 00
0x00007fd7bcc1e44b:   83 60 7c ef 48 c7 40 08 00 00 00 00 41 0f 11 85
0x00007fd7bcc1e45b:   b0 00 00 00 48 85 d2 0f 84 e1 01 00 00 48 8b 05
0x00007fd7bcc1e46b:   71 db 00 00 48 8d 7a f8 48 89 44 24 08 ff 10 48
0x00007fd7bcc1e47b:   8b 44 24 08 44 89 f3 48 8b 7d 48 ff 10 83 e3 20
0x00007fd7bcc1e48b:   48 8b 7d 40 48 85 ff 74 0d 48 8b 05 45 db 00 00


Stack slot to memory mapping:

stack at sp + 0 slots: 0x00007fd5037fd4a8 is pointing into the stack for thread: 0x00007fd760699920
stack at sp + 1 slots: 0x00007fd73d3b38b0 points into unknown readable memory: 0x0000000000000000 | 00 00 00 00 00 00 00 00
stack at sp + 2 slots: 0x00007fd5037fd498 is pointing into the stack for thread: 0x00007fd760699920
stack at sp + 3 slots: 0x00007fd769791178 is a pointer to class: 
org.eclipse.rdf4j.sail.base.SailDataset {0x00007fd769791178}
 - instance size:     2
 - klass size:        64
 - access:            public interface abstract 
 - flags:             rewritten should_verify_class has_nonstatic_concrete_methods declares_nonstatic_concrete_methods has_localvariable_table 
 - state:             fully_initialized
 - name:              'org/eclipse/rdf4j/sail/base/SailDataset'
 - super:             'java/lang/Object'
 - sub:               
 - nof implementors:  2
 - arrays:            null
 - methods:           Array<T>(0x00007fd71b9de500)
 - method ordering:   Array<T>(0x00007fd767b35758)
 - local interfaces:  Array<T>(0x00007fd71b9de4d8)
 - trans. interfaces: Array<T>(0x00007fd71b9df2c8)
 - secondary supers: Array<T>(0x00007fd71b9df320)
 - hash_slot:         31
 - bitmap:            0x0800000000000080
 - constants:         constant pool [93]/operands[5] {0x00007fd71b9dda60} for 'org/eclipse/rdf4j/sail/base/SailDataset' cache=0x00007fd71ba4d790
 - class loader data:  loader data: 0x00007fd7b807c460 for instance a 'sbt/internal/LayeredClassLoader'{0x00000000c6364f90}
 - source file:       'SailDataset.java'
 - inner classes:     Array<T>(0x00007fd71b9df290)
 - nest members:     Array<T>(0x00007fd767619878)
 - permitted subclasses:     Array<T>(0x00007fd767619878)
 - java mirror:       a 'java/lang/Class'{0x00000000c8d4da38} = 'org/eclipse/rdf4j/sail/base/SailDataset'
 - vtable length      5  (start addr: 0x00007fd769791348)
 - itable length      0 (start addr: 0x00007fd769791370)
 - ---- static fields (0 words):
 - ---- non-static fields (0 words):
 - non-static oop maps: 
stack at sp + 4 slots: 0x00007fd5037fd550 is pointing into the stack for thread: 0x00007fd760699920
stack at sp + 5 slots: 0x00007fd5037fd550 is pointing into the stack for thread: 0x00007fd760699920
stack at sp + 6 slots: 0x00007fd5037fd4f0 is pointing into the stack for thread: 0x00007fd760699920
stack at sp + 7 slots: 0x0 is null


Compiled method (n/a) 39160 30650     n 0       org.lwjgl.util.lmdb.LMDB::nmdb_txn_reset (native)
 total in heap  [0x00007fd7c17aec10,0x00007fd7c17aef70] = 864
 relocation     [0x00007fd7c17aed68,0x00007fd7c17aeda0] = 56
 main code      [0x00007fd7c17aeda0,0x00007fd7c17aef63] = 451
 stub code      [0x00007fd7c17aef63,0x00007fd7c17aef68] = 5
 oops           [0x00007fd7c17aef68,0x00007fd7c17aef70] = 8

[Constant Pool (empty)]

[MachCode]
[Entry Point]
  # {method} {0x00007fd71c7f3300} 'nmdb_txn_reset' '(J)V' in 'org/lwjgl/util/lmdb/LMDB'
  # parm0:    rsi:rsi   = long
  #           [sp+0x50]  (sp of caller)
  0x00007fd7c17aeda0: 448b 5608 | 49bb 0000 | 0067 d77f | 0000 4d03 | d349 3bc2 | 0f84 0600 

  0x00007fd7c17aedb8: ;   {runtime_call ic_miss_stub}
  0x00007fd7c17aedb8: 0000 e9c1 | f4c9 fd90 
[Verified Entry Point]
  0x00007fd7c17aedc0: 8984 2400 | c0fe ff55 | 488b ec48 | 83ec 4090 | 4181 7f20 | 3500 0000 

  0x00007fd7c17aedd8: ;   {runtime_call StubRoutines (final stubs)}
  0x00007fd7c17aedd8: 7405 e821 | 74c8 fd48 

  0x00007fd7c17aede0: ;   {oop(a 'java/lang/Class'{0x00000000c7ee5488} = 'org/lwjgl/util/lmdb/LMDB')}
  0x00007fd7c17aede0: 8bd6 49be | 8854 eec7 | 0000 0000 | 4c89 7424 | 304c 8d74 | 2430 498b | f6c5 f877 

  0x00007fd7c17aedfc: ;   {internal_word}
  0x00007fd7c17aedfc: 49ba f9ed | 7ac1 d77f | 0000 4d89 | 97a8 0300 | 0049 89a7 | a003 0000 

  0x00007fd7c17aee14: ;   {external_word}
  0x00007fd7c17aee14: 803d 9ad2 | 3f17 000f | 8432 0000 

  0x00007fd7c17aee20: ;   {metadata({method} {0x00007fd71c7f3300} 'nmdb_txn_reset' '(J)V' in 'org/lwjgl/util/lmdb/LMDB')}
  0x00007fd7c17aee20: 0056 5248 | be00 337f | 1cd7 7f00 | 0049 8bff | 40f6 c40f | 0f84 1200 | 0000 4883 

  0x00007fd7c17aee3c: ;   {runtime_call}
  0x00007fd7c17aee3c: ec08 e83d | b6c6 1648 | 83c4 08e9 | 0500 0000 

  0x00007fd7c17aee4c: ;   {runtime_call}
  0x00007fd7c17aee4c: e82f b6c6 | 165a 5e49 | 8dbf c003 | 0000 41c7 | 874c 0400 | 0004 0000 

  0x00007fd7c17aee64: ;   {runtime_call Java_org_lwjgl_util_lmdb_LMDB_nmdb_1txn_1reset}
  0x00007fd7c17aee64: 00e8 c662 | 47fb c5f8 | 7741 c787 | 4c04 0000 | 0500 0000 | f083 4424 | c000 493b | af50 0400 
  0x00007fd7c17aee84: 000f 870e | 0000 0041 | 83bf 4804 | 0000 000f | 841c 0000 | 00c5 f877 | 498b ff4c | 8be4 4883 
  0x00007fd7c17aeea4: ec00 4883 

  0x00007fd7c17aeea8: ;   {runtime_call}
  0x00007fd7c17aeea8: e4f0 e801 | 2878 1649 | 8be4 4d33 | e441 c787 | 4c04 0000 | 0800 0000 | 4183 bfc8 | 0400 0002 
  0x00007fd7c17aeec8: 0f84 7700 

  0x00007fd7c17aeecc: ;   {external_word}
  0x00007fd7c17aeecc: 0000 803d | e0d1 3f17 | 000f 842e 

  0x00007fd7c17aeed8: ;   {metadata({method} {0x00007fd71c7f3300} 'nmdb_txn_reset' '(J)V' in 'org/lwjgl/util/lmdb/LMDB')}
  0x00007fd7c17aeed8: 0000 0048 | be00 337f | 1cd7 7f00 | 0049 8bff | 40f6 c40f | 0f84 1200 | 0000 4883 

  0x00007fd7c17aeef4: ;   {runtime_call}
  0x00007fd7c17aeef4: ec08 e8a5 | b5c6 1648 | 83c4 08e9 | 0500 0000 

  0x00007fd7c17aef04: ;   {runtime_call}
  0x00007fd7c17aef04: e897 b5c6 | 1649 c787 | a003 0000 | 0000 0000 | 49c7 87a8 | 0300 0000 | 0000 00c5 | f877 498b 
  0x00007fd7c17aef24: 8f30 0400 | 00c7 8100 | 0100 0000 | 0000 00c9 | 4983 7f08 | 000f 8501 | 0000 00c3 

  0x00007fd7c17aef40: ;   {runtime_call StubRoutines (initial stubs)}
  0x00007fd7c17aef40: e9bb 1cc5 | fdc5 f877 | 4c8b e448 | 83ec 0048 

  0x00007fd7c17aef50: ;   {runtime_call}
  0x00007fd7c17aef50: 83e4 f0e8 | d8c4 c616 | 498b e44d | 33e4 e96b | ffff fff4 | f4f4 f4f4 
[/MachCode]


Compiled method (c2) 39168 33083       4       org.eclipse.rdf4j.sail.lmdb.LmdbSailStore$LmdbSailDataset::close (8 bytes)
 total in heap  [0x00007fd7c30f0290,0x00007fd7c30f1f30] = 7328
 relocation     [0x00007fd7c30f03e8,0x00007fd7c30f04d8] = 240
 main code      [0x00007fd7c30f04e0,0x00007fd7c30f16c8] = 4584
 stub code      [0x00007fd7c30f16c8,0x00007fd7c30f1700] = 56
 oops           [0x00007fd7c30f1700,0x00007fd7c30f1710] = 16
 metadata       [0x00007fd7c30f1710,0x00007fd7c30f1768] = 88
 scopes data    [0x00007fd7c30f1768,0x00007fd7c30f1be8] = 1152
 scopes pcs     [0x00007fd7c30f1be8,0x00007fd7c30f1e68] = 640
 dependencies   [0x00007fd7c30f1e68,0x00007fd7c30f1e78] = 16
 handler table  [0x00007fd7c30f1e78,0x00007fd7c30f1ec0] = 72
 nul chk table  [0x00007fd7c30f1ec0,0x00007fd7c30f1f30] = 112

[Constant Pool (empty)]

[MachCode]
[Entry Point]
  # {method} {0x00007fd71c946ee0} 'close' '()V' in 'org/eclipse/rdf4j/sail/lmdb/LmdbSailStore$LmdbSailDataset'
  #           [sp+0x70]  (sp of caller)
  0x00007fd7c30f04e0: 448b 5608 | 49bb 0000 | 0067 d77f | 0000 4d03 | d349 3bc2 

  0x00007fd7c30f04f4: ;   {runtime_call ic_miss_stub}
  0x00007fd7c30f04f4: 0f85 86dd | 35fc 6690 | 0f1f 4000 
[Verified Entry Point]
  0x00007fd7c30f0500: 8984 2400 | c0fe ff55 | 4883 ec60 | 4181 7f20 | 3500 0000 | 0f85 a411 | 0000 448b | 5610 4489 
  0x00007fd7c30f0520: 5424 3445 | 8b5a 0c45 | 8b5b 1c44 | 895c 2440 | 4585 db0f | 8430 0900 | 004c 8914 | 244d 8bcb 
  0x00007fd7c30f0540: 488d 5c24 | 5049 8b01 | a802 0f85 | 2300 0000 | 4883 c801 | 4889 03f0 | 490f b119 | 0f84 3700 
  0x00007fd7c30f0560: 0000 482b | c448 2507 | f0ff ff48 | 8903 e924 | 0000 004c | 8bd0 4833 | c0f0 4d0f | b17a 3e48 
  0x00007fd7c30f0580: c703 0300 | 0000 7411 | 4c3b f875 | 1549 ff82 | 8600 0000 | 4833 c075 | 0949 ff87 | 5005 0000 
  0x00007fd7c30f05a0: 33c0 0f85 | 2c09 0000 | 448b 5424 | 3445 8b52 | 0c45 8b5a | 1c45 8b43 | 1c41 8b48 | 0c8b 5c24 
  0x00007fd7c30f05c0: 344c 8b13 | 498b d049 | 8bda 4883 | e303 498b | eb48 83fb | 010f 856b | 0500 0049 | c1ea 0845 
  0x00007fd7c30f05e0: 8bd2 4181 | e2ff ffff | 7f45 85d2 | 0f84 5405 

  0x00007fd7c30f05f0: ;   {no_reloc}
  0x00007fd7c30f05f0: 0000 418b | dac1 e308 | 41d1 e244 | 2bd3 8d59 | ff44 23d3 | 85c9 0f86 | 0209 0000 | 438b 5c90 
  0x00007fd7c30f0610: 108b 7424 | 343b de74 | 3b0f 1f80 | 0000 0000 | 85db 0f84 | 8d02 0000 | 4183 c202 | 443b d10f 
  0x00007fd7c30f0630: 8d09 0500 | 0049 8bb7 

  0x00007fd7c30f0638: ; ImmutableOopMap {r11=NarrowOop r8=NarrowOop r9=Oop rdx=Oop rbp=Oop [0]=Oop [52]=NarrowOop [64]=NarrowOop }
                      ;*goto {reexecute=1 rethrow=0 return_oop=0}
                      ; - (reexecute) java.util.IdentityHashMap::remove@99 (line 558)
                      ; - org.eclipse.rdf4j.sail.lmdb.TxnManager$Txn::close@18 (line 206)
                      ; - org.eclipse.rdf4j.sail.lmdb.LmdbSailStore$LmdbSailDataset::close@4 (line 904)
  0x00007fd7c30f0638: 5804 0000 

  0x00007fd7c30f063c: ;   {poll}
  0x00007fd7c30f063c: 8506 443b | d10f 8349 | 0b00 0043 | 8b5c 9010 | 8b7c 2434 | 3bdf 75cc | 418b 5314 | 418b 7b18 
  0x00007fd7c30f065c: 418d 5a01 | ffc7 4189 | 7b18 ffca | 4189 5314 | 3bd9 0f83 | 6d09 0000 | 4963 da41 | 807f 4000 
  0x00007fd7c30f067c: 0f85 3705 | 0000 458b | 6c98 1445 | 8964 9814 | 443b d10f | 837b 0900 | 0041 807f | 4000 0f85 
  0x00007fd7c30f069c: 4905 0000 | 4789 6490 | 1041 8b5b | 1c44 8b43 | 0c45 8d5a | 0245 3bd8 | 0f8d 7404 | 0000 453b 
  0x00007fd7c30f06bc: d80f 837d | 0900 0042 | 8b7c 9b10 | 85ff 0f84 | e501 0000 | 488b d74c | 8bf3 418d | 48ff 4489 
  0x00007fd7c30f06dc: 5424 4c90 | 4c8b 1249 | 8bfa 4883 | e703 4883 | ff01 0f85 | 2805 0000 | 49c1 ea08 | 418b c225 
  0x00007fd7c30f06fc: ffff ff7f | 85c0 0f84 | 1405 0000 | 448b d041 | c1e2 08d1 | e041 2bc2 | 23c1 443b | d80f 8c8a 
  0x00007fd7c30f071c: 0500 0044 | 8b54 244c | 413b c20f | 8f53 0100 | 0045 3bd3 | 0f8f 4a01 | 0000 453b 

  0x00007fd7c30f0738: ;   {no_reloc}
  0x00007fd7c30f0738: d00f 8381 | 0a00 008b 

  0x00007fd7c30f0740: ;   {metadata('java/lang/Object'[])}
  0x00007fd7c30f0740: 7308 81fe | 7012 0000 | 0f85 360b | 0000 4a8d | 6c93 1041 | 807f 4000 | 0f85 6e05 | 0000 4c89 
  0x00007fd7c30f0760: 4c24 1044 | 896c 240c | 895c 241c | 4489 4424 | 2044 895c | 2418 4c89 | 7424 2889 | 4c24 2444 
  0x00007fd7c30f0780: 8954 2408 | 4c8b d24c | 8bc5 4d33 | d044 8b6c | 2418 41ff | c549 c1ea | 148b 5c24 | 08ff c344 
  0x00007fd7c30f07a0: 8bf3 4c8b | da44 895d | 004d 85d2 | 741a 49c1 | e809 48bf | 0000 60d5 | d77f 0000 | 4903 f880 
  0x00007fd7c30f07c0: 3f02 0f85 | 0106 0000 | 443b 6c24 | 200f 831d | 0a00 004c | 636c 2418 | 8b5c 241c | 428b 6cab 
  0x00007fd7c30f07e0: 1444 3b74 | 2420 0f83 | 400a 0000 | 4c63 5424 | 084e 8d74 | 9314 4180 | 7f40 000f | 852e 0500 
  0x00007fd7c30f0800: 0041 892e | 4c8b d54d | 8bde 4d33 | d349 c1ea | 144d 85d2 | 741f 85ed | 741b 49c1 | eb09 49b8 
  0x00007fd7c30f0820: 0000 60d5 | d77f 0000 | 4d03 c341 | 8038 020f | 85e2 0500 | 0044 8b5c | 2418 443b | 5c24 200f 
  0x00007fd7c30f0840: ;   {no_reloc}
  0x00007fd7c30f0840: 830b 0a00 | 0041 807f | 4000 0f85 | 1105 0000 | 4689 649b | 1041 807f | 4000 0f85 | 3505 0000 
  0x00007fd7c30f0860: 4689 64ab | 1444 8b6c | 240c 448b | 4424 204c | 8b74 2428 | 8b4c 2424 | 458b d34c | 8b4c 2410 
  0x00007fd7c30f0880: 4183 c302 | 453b d80f | 8da9 0200 | 0049 8b97 

  0x00007fd7c30f0890: ; ImmutableOopMap {r9=Oop rbx=NarrowOop r13=NarrowOop r14=Oop [0]=Oop [52]=NarrowOop [64]=NarrowOop }
                      ;*goto {reexecute=1 rethrow=0 return_oop=0}
                      ; - (reexecute) java.util.IdentityHashMap::closeDeletion@103 (line 611)
                      ; - java.util.IdentityHashMap::remove@77 (line 552)
                      ; - org.eclipse.rdf4j.sail.lmdb.TxnManager$Txn::close@18 (line 206)
                      ; - org.eclipse.rdf4j.sail.lmdb.LmdbSailStore$LmdbSailDataset::close@4 (line 904)
  0x00007fd7c30f0890: 5804 0000 

  0x00007fd7c30f0894: ;   {poll}
  0x00007fd7c30f0894: 8502 453b | d80f 83c5 | 0800 0042 | 8b7c 9b10 | 85ff 740d | 488b d744 | 8954 244c | e92b feff 
  0x00007fd7c30f08b4: ff48 8d44 | 2450 4883 | 3800 0f84 | 7900 0000 | 4d8b 1141 | f6c2 020f | 8462 0000 | 0049 83ba 
  0x00007fd7c30f08d4: 8600 0000 | 0074 0949 | ff8a 8600 | 0000 eb4b | 498b 8296 | 0000 0049 | 0b82 8e00 | 0000 750a 
  0x00007fd7c30f08f4: 49c7 423e | 0000 0000 | eb3d 4983 | ba9e 0000 | 0000 7422 | 4833 c049 | c742 3e00 | 0000 00f0 
  0x00007fd7c30f0914: 8304 2400 | 4983 ba9e | 0000 0000 | 750d f04d | 0fb1 7a3e | 7505 83c8 | 01eb 0ca8 | 00eb 084c 
  0x00007fd7c30f0934: 8b10 f04d | 0fb1 1175 | 0a49 ff8f | 5005 0000 | 4533 d20f | 85f3 0500 | 0044 8b5c | 2434 4d8b 
  0x00007fd7c30f0954: 5310 458b | 430c 458b | 5818 458b | 4b0c 4183 | f903 0f83 | 1405 0000 

  0x00007fd7c30f096c: ;   {oop([I{0x00000000c453e880})}
  0x00007fd7c30f096c: 49bb 80e8 | 53c4 0000 | 0000 478b | 4c8b 1041 | 83f9 010f | 85e0 0500 | 0045 8b58 | 2045 85db 
  0x00007fd7c30f098c: 0f84 0a05 | 0000 498b | eb48 8d5c | 2450 488b | 4500 a802 | 0f85 2400 | 0000 4883 | c801 4889 
  0x00007fd7c30f09ac: 03f0 480f | b15d 000f | 8437 0000 | 0048 2bc4 | 4825 07f0 | ffff 4889 | 03e9 2400 | 0000 4c8b 
  0x00007fd7c30f09cc: c048 33c0 | f04d 0fb1 | 783e 48c7 | 0303 0000 | 0074 114c | 3bf8 7515 | 49ff 8086 | 0000 0048 
  0x00007fd7c30f09ec: 33c0 7509 | 49ff 8750 | 0500 0033 | c00f 8581 | 0500 0044 | 8b4c 2434 | 458b 410c 

  0x00007fd7c30f0a08: ; implicit exception: dispatches to 0x00007fd7c30f1450
  0x00007fd7c30f0a08: 458b 400c | 418b 490c 

  0x00007fd7c30f0a10: ; implicit exception: dispatches to 0x00007fd7c30f146c
  0x00007fd7c30f0a10: 448b 4920 

  0x00007fd7c30f0a14: ; implicit exception: dispatches to 0x00007fd7c30f148c
  0x00007fd7c30f0a14: 418b 490c | ffc9 443b | c10f 8d51 | 0600 004d | 85d2 0f84 | 6c06 0000 | 4489 5c24 | 104c 8954 
  0x00007fd7c30f0a34: 2408 498b 

  0x00007fd7c30f0a38: ;   {static_call}
  0x00007fd7c30f0a38: f266 90e8 

  0x00007fd7c30f0a3c: ; ImmutableOopMap {rbp=Oop [0]=Oop [16]=NarrowOop [52]=NarrowOop }
                      ;*invokestatic nmdb_txn_reset {reexecute=0 rethrow=0 return_oop=0}
                      ; - org.lwjgl.util.lmdb.LMDB::mdb_txn_reset@12 (line 1264)
                      ; - org.eclipse.rdf4j.sail.lmdb.TxnManager$Txn::free@71 (line 188)
                      ; - org.eclipse.rdf4j.sail.lmdb.TxnManager$Txn::close@37 (line 208)
                      ; - org.eclipse.rdf4j.sail.lmdb.LmdbSailStore$LmdbSailDataset::close@4 (line 904)
  0x00007fd7c30f0a3c: 80e3 6bfe 

  0x00007fd7c30f0a40: ;   {other}
  0x00007fd7c30f0a40: 0f1f 8400 | b007 0002 | 448b 4c24 | 3445 8b59 | 0c45 8b53 | 0c45 8b43 | 2045 8d4a | 0145 894b 
  0x00007fd7c30f0a60: 0cf0 8344 | 24c0 0041 | 8b48 0c44 | 3bc9 0f83 | 4004 0000 | 4d63 d24c | 8b5c 2408 | 4f89 5cd0 
  0x00007fd7c30f0a80: 1848 8d44 | 2450 4883 | 3800 0f84 | 7b00 0000 | 4c8b 5500 | 41f6 c202 | 0f84 6200 | 0000 4983 
  0x00007fd7c30f0aa0: ba86 0000 | 0000 7409 | 49ff 8a86 | 0000 00eb | 4b49 8b82 | 9600 0000 | 490b 828e | 0000 0075 
  0x00007fd7c30f0ac0: 0a49 c742 | 3e00 0000 | 00eb 3e49 | 83ba 9e00 | 0000 0074 | 2248 33c0 | 49c7 423e | 0000 0000 
  0x00007fd7c30f0ae0: f083 0424 | 0049 83ba | 9e00 0000 | 0075 0df0 | 4d0f b17a | 3e75 0583 | c801 eb0d | a800 eb09 
  0x00007fd7c30f0b00: 4c8b 10f0 | 4c0f b155 | 0075 0a49 | ff8f 5005 | 0000 4533 | d20f 85a1 | 0400 0048 | 83c4 605d 
  0x00007fd7c30f0b20: ;   {poll_return}
  0x00007fd7c30f0b20: 493b a750 | 0400 000f | 877b 0b00 | 00c3 4533 | dbe9 84fb | ffff 4533 | dbe9 4ffd | ffff 4533 
  0x00007fd7c30f0b40: d2e9 effa | ffff 4889 | 5424 2889 | 4c24 2044 | 8944 241c | 4489 5c24 | 184c 894c | 2410 48ff 
  0x00007fd7c30f0b60: 3424 488f | 4424 0844 | 8b5c 2434 | 4489 1c24 | 488b 7424 

  0x00007fd7c30f0b74: ;   {static_call}
  0x00007fd7c30f0b74: 0866 90e8 

  0x00007fd7c30f0b78: ; ImmutableOopMap {rbp=Oop [0]=NarrowOop [8]=Oop [16]=Oop [24]=NarrowOop [28]=NarrowOop [40]=Oop [64]=NarrowOop }
                      ;*invokestatic identityHashCode {reexecute=0 rethrow=0 return_oop=0}
                      ; - java.util.IdentityHashMap::hash@1 (line 306)
                      ; - java.util.IdentityHashMap::remove@17 (line 541)
                      ; - org.eclipse.rdf4j.sail.lmdb.TxnManager$Txn::close@18 (line 206)
                      ; - org.eclipse.rdf4j.sail.lmdb.LmdbSailStore$LmdbSailDataset::close@4 (line 904)
  0x00007fd7c30f0b78: 04e6 35fc 

  0x00007fd7c30f0b7c: ;   {other}
  0x00007fd7c30f0b7c: 0f1f 8400 | ec08 0003 | 448b 1424 | 4489 5424 | 344c 8b4c | 2408 488b | 7c24 1044 | 8b5c 2418 
  0x00007fd7c30f0b9c: 448b 4424 | 1c8b 4c24 | 2048 8b54 | 2428 448b | d04c 890c | 244c 8bcf | e939 faff | ff41 8b7c 
  0x00007fd7c30f0bbc: 9814 85ff | 0f84 bcfa | ffff 498b | 5728 4885 | d20f 84f9 | 0400 0049 | 8b77 3848 | 897c 16f8 
  0x00007fd7c30f0bdc: 4883 c2f8 | 4989 5728 | e999 faff | ff43 8b5c | 9010 85db | 0f84 aafa | ffff 498b | 4f28 488b 
  0x00007fd7c30f0bfc: fb48 85c9 | 0f84 1305 | 0000 498b | 5f38 4889 | 7c0b f848 | 83c1 f849 | 894f 28e9 | 84fa ffff 
  0x00007fd7c30f0c1c: 4889 5424 | 3889 4c24 | 304c 8974 | 2428 4489 | 5c24 2444 | 8944 2420 | 895c 241c | 4489 6c24 
  0x00007fd7c30f0c3c: 184c 894c | 2410 48ff | 3424 488f | 4424 0844 | 8b54 2440 | 4489 1424 | 8b6c 2434 

  0x00007fd7c30f0c58: ;   {static_call}
  0x00007fd7c30f0c58: 488b f2e8 

  0x00007fd7c30f0c5c: ; ImmutableOopMap {rbp=NarrowOop [0]=NarrowOop [8]=Oop [16]=Oop [24]=NarrowOop [28]=NarrowOop [40]=Oop [56]=Oop }
                      ;*invokestatic identityHashCode {reexecute=0 rethrow=0 return_oop=0}
                      ; - java.util.IdentityHashMap::hash@1 (line 306)
                      ; - java.util.IdentityHashMap::closeDeletion@28 (line 618)
                      ; - java.util.IdentityHashMap::remove@77 (line 552)
                      ; - org.eclipse.rdf4j.sail.lmdb.TxnManager$Txn::close@18 (line 206)
                      ; - org.eclipse.rdf4j.sail.lmdb.LmdbSailStore$LmdbSailDataset::close@4 (line 904)
  0x00007fd7c30f0c5c: 20e5 35fc 

  0x00007fd7c30f0c60: ;   {other}
  0x00007fd7c30f0c60: 0f1f 8400 | d009 0004 | 896c 2434 | 448b 1c24 | 4489 5c24 | 404c 8b54 | 2408 4c8b | 4c24 1044 
  0x00007fd7c30f0c80: 8b6c 2418 | 8b5c 241c | 448b 4424 | 2044 8b5c | 2424 4c8b | 7424 288b | 4c24 3048 | 8b54 2438 
  0x00007fd7c30f0ca0: 4c89 1424 | e95f faff | ff3b 4424 | 4c7e 1344 | 8b54 244c | 453b d30f | 8f67 faff | ffe9 74fa 
  0x00007fd7c30f0cc0: ffff 448b | 5424 4ce9 | 6afa ffff | c4c1 f96e | c148 8b04 | 2444 8b4d | 0045 85c9 | 7421 498b 
  0x00007fd7c30f0ce0: 7728 498b | f948 85f6 | 0f84 c605 | 0000 4d8b | 4f38 4989 | 7c31 f848 | 83c6 f849 | 8977 2848 
  0x00007fd7c30f0d00: 8904 24c5 | fb11 4424 | 1044 896c | 240c 895c | 241c 4489 | 4424 2044 | 895c 2418 | 4c89 7424 
  0x00007fd7c30f0d20: 2889 4c24 | 2444 8954 | 2408 e955 | faff ff45 | 8b1e 4585 | db0f 84c6 | faff ff4d | 8b57 2849 
  0x00007fd7c30f0d40: 8bfb 4d85 | d20f 84e2 | 0500 004d | 8b5f 384b | 897c 13f8 | 4983 c2f8 | 4d89 5728 

  0x00007fd7c30f0d5c: ;   {no_reloc}
  0x00007fd7c30f0d5c: e9a0 faff | ff46 8b54 | 9b10 4585 | d20f 84e1 | faff ff4d | 8b47 2849 | 8bfa 4d85 | c00f 84cb 
  0x00007fd7c30f0d7c: 0500 004d | 8b57 384b | 897c 02f8 | 4983 c0f8 | 4d89 4728 | e9bb faff | ff46 8b44 | ab14 4585 
  0x00007fd7c30f0d9c: c00f 84bd | faff ff4d | 8b57 2849 | 8bf8 4d85 | d20f 84b9 | 0500 004d | 8b47 384b | 897c 10f8 
  0x00007fd7c30f0dbc: 4983 c2f8 | 4d89 5728 | e997 faff | ff4d 8b57 | 584d 8b5f | 48f0 8344 | 24c0 0080 | 3f00 0f84 
  0x00007fd7c30f0ddc: e8f9 ffff | 4488 274d | 85db 751d | 498b f749 | ba90 83d9 | d7d7 7f00 | 0041 ffd2 

  0x00007fd7c30f0df8: ;   {other}
  0x00007fd7c30f0df8: 0f1f 8400 | 0000 0000 | e9c3 f9ff | ff4b 897c | 1af8 4983 | c3f8 4d89 | 5f48 e9b1 | f9ff ff4d 
  0x00007fd7c30f0e18: 8b57 584d | 8b5f 48f0 | 8344 24c0 | 0041 8038 | 000f 8406 | faff ff45 | 8820 4d85 | db75 2049 
  0x00007fd7c30f0e38: 8bf8 498b | f749 ba90 | 83d9 d7d7 | 7f00 0041 

  0x00007fd7c30f0e48: ;   {other}
  0x00007fd7c30f0e48: ffd2 0f1f | 8400 0000 | 0000 e9de | f9ff ff4f | 8944 1af8 | 4983 c3f8 | 4d89 5f48 | e9cc f9ff 
  0x00007fd7c30f0e68: ffbe f6ff | ffff 418b 

  0x00007fd7c30f0e70: ;   {runtime_call UncommonTrapBlob}
  0x00007fd7c30f0e70: ea66 90e8 

  0x00007fd7c30f0e74: ; ImmutableOopMap {rbp=NarrowOop }
                      ;*monitorenter {reexecute=0 rethrow=0 return_oop=0}
                      ; - org.eclipse.rdf4j.sail.lmdb.TxnManager$Txn::close@9 (line 205)
                      ; - org.eclipse.rdf4j.sail.lmdb.LmdbSailStore$LmdbSailDataset::close@4 (line 904)
  0x00007fd7c30f0e74: 0867 36fc 

  0x00007fd7c30f0e78: ;   {other}
  0x00007fd7c30f0e78: 0f1f 8400 | e80b 0005 | bee4 ffff | ff4c 8914 | 2444 894c 

  0x00007fd7c30f0e8c: ;   {runtime_call UncommonTrapBlob}
  0x00007fd7c30f0e8c: 2408 90e8 

  0x00007fd7c30f0e90: ; ImmutableOopMap {[52]=NarrowOop }
                      ;*iaload {reexecute=0 rethrow=0 return_oop=0}
                      ; - org.eclipse.rdf4j.sail.lmdb.TxnManager$Txn::free@13 (line 184)
                      ; - org.eclipse.rdf4j.sail.lmdb.TxnManager$Txn::close@37 (line 208)
                      ; - org.eclipse.rdf4j.sail.lmdb.LmdbSailStore$LmdbSailDataset::close@4 (line 904)
  0x00007fd7c30f0e90: ec66 36fc 

  0x00007fd7c30f0e94: ;   {other}
  0x00007fd7c30f0e94: 0f1f 8400 | 040c 0006 | bef6 ffff | ff4c 8914 

  0x00007fd7c30f0ea4: ;   {runtime_call UncommonTrapBlob}
  0x00007fd7c30f0ea4: 2466 90e8 

  0x00007fd7c30f0ea8: ; ImmutableOopMap {[52]=NarrowOop }
                      ;*monitorenter {reexecute=0 rethrow=0 return_oop=0}
                      ; - org.eclipse.rdf4j.sail.lmdb.TxnManager$Txn::free@49 (line 186)
                      ; - org.eclipse.rdf4j.sail.lmdb.TxnManager$Txn::close@37 (line 208)
                      ; - org.eclipse.rdf4j.sail.lmdb.LmdbSailStore$LmdbSailDataset::close@4 (line 904)
  0x00007fd7c30f0ea8: d466 36fc 

  0x00007fd7c30f0eac: ;   {other}
  0x00007fd7c30f0eac: 0f1f 8400 | 1c0c 0007 | bee4 ffff | ff8b 6c24 | 1044 8904 | 2444 894c 

  0x00007fd7c30f0ec4: ;   {runtime_call UncommonTrapBlob}
  0x00007fd7c30f0ec4: 2404 90e8 

  0x00007fd7c30f0ec8: ; ImmutableOopMap {rbp=NarrowOop [0]=NarrowOop }
                      ;*lastore {reexecute=0 rethrow=0 return_oop=0}
                      ; - org.eclipse.rdf4j.sail.lmdb.TxnManager$Txn::free@96 (line 189)
                      ; - org.eclipse.rdf4j.sail.lmdb.TxnManager$Txn::close@37 (line 208)
                      ; - org.eclipse.rdf4j.sail.lmdb.LmdbSailStore$LmdbSailDataset::close@4 (line 904)
  0x00007fd7c30f0ec8: b466 36fc 

  0x00007fd7c30f0ecc: ;   {other}
  0x00007fd7c30f0ecc: 0f1f 8400 | 3c0c 0008 | 4c89 4c24 | 1048 ff34 | 2448 8f44 | 2408 498b | f148 8d54 

  0x00007fd7c30f0ee8: ;   {runtime_call _complete_monitor_locking_Java}
  0x00007fd7c30f0ee8: 2450 90e8 

  0x00007fd7c30f0eec: ; ImmutableOopMap {[8]=Oop [16]=Oop [52]=NarrowOop [64]=NarrowOop }
                      ;*monitorenter {reexecute=0 rethrow=0 return_oop=0}
                      ; - org.eclipse.rdf4j.sail.lmdb.TxnManager$Txn::close@9 (line 205)
                      ; - org.eclipse.rdf4j.sail.lmdb.LmdbSailStore$LmdbSailDataset::close@4 (line 904)
  0x00007fd7c30f0eec: 90d5 43fc 

  0x00007fd7c30f0ef0: ;   {other}
  0x00007fd7c30f0ef0: 0f1f 8400 | 600c 0009 | 4c8b 5424 | 084c 8b5c | 2410 4c89 | 1424 4d8b | cbe9 9af6 | ffff bee4 
  0x00007fd7c30f0f10: ffff ff44 | 8b4c 2440 | 4489 4c24 | 0444 895c | 2408 894c | 2414 4489 | 4424 1c44 | 8954 2420 
  0x00007fd7c30f0f30: ;   {runtime_call UncommonTrapBlob}
  0x00007fd7c30f0f30: 6666 90e8 

  0x00007fd7c30f0f34: ; ImmutableOopMap {[4]=NarrowOop [8]=NarrowOop [28]=NarrowOop [52]=NarrowOop [64]=NarrowOop }
                      ;*aaload {reexecute=0 rethrow=0 return_oop=0}
                      ; - java.util.IdentityHashMap::remove@25 (line 544)
                      ; - org.eclipse.rdf4j.sail.lmdb.TxnManager$Txn::close@18 (line 206)
                      ; - org.eclipse.rdf4j.sail.lmdb.LmdbSailStore$LmdbSailDataset::close@4 (line 904)
  0x00007fd7c30f0f34: 4866 36fc 

  0x00007fd7c30f0f38: ;   {other}
  0x00007fd7c30f0f38: 0f1f 8400 | a80c 000a | 498b f948 | 8d74 2450 | 498b d749 | ba70 b741 | d8d7 7f00 | 0041 ffd2 
  0x00007fd7c30f0f58: ;   {other}
  0x00007fd7c30f0f58: 0f1f 8400 | 0000 0000 | e9e8 f9ff | ffbe 45ff | ffff 4c89 | 1424 4489 

  0x00007fd7c30f0f70: ;   {runtime_call UncommonTrapBlob}
  0x00007fd7c30f0f70: 4c24 08e8 

  0x00007fd7c30f0f74: ; ImmutableOopMap {[52]=NarrowOop }
                      ;*tableswitch {reexecute=1 rethrow=0 return_oop=0}
                      ; - (reexecute) org.eclipse.rdf4j.sail.lmdb.TxnManager$Txn::free@14 (line 184)
                      ; - org.eclipse.rdf4j.sail.lmdb.TxnManager$Txn::close@37 (line 208)
                      ; - org.eclipse.rdf4j.sail.lmdb.LmdbSailStore$LmdbSailDataset::close@4 (line 904)
  0x00007fd7c30f0f74: 0866 36fc 

  0x00007fd7c30f0f78: ;   {other}
  0x00007fd7c30f0f78: 0f1f 8400 | e80c 000b | 4889 6c24 | 1844 895c | 2410 4c89 | 5424 0848 | 8b74 2418 | 488d 5424 
  0x00007fd7c30f0f98: ;   {runtime_call _complete_monitor_locking_Java}
  0x00007fd7c30f0f98: 5066 90e8 

  0x00007fd7c30f0f9c: ; ImmutableOopMap {[0]=Oop [16]=NarrowOop [24]=Oop [52]=NarrowOop }
                      ;*monitorenter {reexecute=0 rethrow=0 return_oop=0}
                      ; - org.eclipse.rdf4j.sail.lmdb.TxnManager$Txn::free@49 (line 186)
                      ; - org.eclipse.rdf4j.sail.lmdb.TxnManager$Txn::close@37 (line 208)
                      ; - org.eclipse.rdf4j.sail.lmdb.LmdbSailStore$LmdbSailDataset::close@4 (line 904)
  0x00007fd7c30f0f9c: e0d4 43fc 

  0x00007fd7c30f0fa0: ;   {other}
  0x00007fd7c30f0fa0: 0f1f 8400 | 100d 000c | 4c8b 5424 | 0844 8b5c | 2410 488b | 6c24 18e9 | 43fa ffff | 488b fd48 
  0x00007fd7c30f0fc0: 8d74 2450 | 498b d749 | ba70 b741 | d8d7 7f00 | 0041 ffd2 

  0x00007fd7c30f0fd4: ;   {other}
  0x00007fd7c30f0fd4: 0f1f 8400 | 0000 0000 | e93a fbff | ffbe e4ff | ffff 8b4c | 2440 894c | 2404 4489 | 5c24 0844 
  0x00007fd7c30f0ff4: 8954 2410 | 4489 4424 | 1489 5c24 

  0x00007fd7c30f1000: ;   {runtime_call UncommonTrapBlob}
  0x00007fd7c30f1000: 1866 90e8 

  0x00007fd7c30f1004: ; ImmutableOopMap {[4]=NarrowOop [8]=NarrowOop [20]=NarrowOop [52]=NarrowOop [64]=NarrowOop }
                      ;*aaload {reexecute=0 rethrow=0 return_oop=0}
                      ; - java.util.IdentityHashMap::remove@59 (line 549)
                      ; - org.eclipse.rdf4j.sail.lmdb.TxnManager$Txn::close@18 (line 206)
                      ; - org.eclipse.rdf4j.sail.lmdb.LmdbSailStore$LmdbSailDataset::close@4 (line 904)
  0x00007fd7c30f1004: 7865 36fc 

  0x00007fd7c30f1008: ;   {other}
  0x00007fd7c30f1008: 0f1f 8400 | 780d 000d | bee4 ffff | ff8b 4c24 | 4089 4c24 | 0444 895c | 2408 4489 | 6c24 1044 
  0x00007fd7c30f1028: 8944 2414 | 4489 5424 

  0x00007fd7c30f1030: ;   {runtime_call UncommonTrapBlob}
  0x00007fd7c30f1030: 1866 90e8 

  0x00007fd7c30f1034: ; ImmutableOopMap {[4]=NarrowOop [8]=NarrowOop [16]=NarrowOop [20]=NarrowOop [52]=NarrowOop [64]=NarrowOop }
                      ;*aastore {reexecute=1 rethrow=0 return_oop=0}
                      ; - (reexecute) java.util.IdentityHashMap::remove@73 (line 551)
                      ; - org.eclipse.rdf4j.sail.lmdb.TxnManager$Txn::close@18 (line 206)
                      ; - org.eclipse.rdf4j.sail.lmdb.LmdbSailStore$LmdbSailDataset::close@4 (line 904)
  0x00007fd7c30f1034: 4865 36fc 

  0x00007fd7c30f1038: ;   {other}
  0x00007fd7c30f1038: 0f1f 8400 | a80d 000e | bee4 ffff | ff44 8b4c | 2440 4489 | 4c24 0444 | 896c 2408 | 4489 5424 
  0x00007fd7c30f1058: 0c44 8944 | 2414 895c | 241c 4489 

  0x00007fd7c30f1064: ;   {runtime_call UncommonTrapBlob}
  0x00007fd7c30f1064: 5c24 20e8 

  0x00007fd7c30f1068: ; ImmutableOopMap {[4]=NarrowOop [8]=NarrowOop [28]=NarrowOop [52]=NarrowOop [64]=NarrowOop }
                      ;*aaload {reexecute=0 rethrow=0 return_oop=0}
                      ; - java.util.IdentityHashMap::closeDeletion@18 (line 610)
                      ; - java.util.IdentityHashMap::remove@77 (line 552)
                      ; - org.eclipse.rdf4j.sail.lmdb.TxnManager$Txn::close@18 (line 206)
                      ; - org.eclipse.rdf4j.sail.lmdb.LmdbSailStore$LmdbSailDataset::close@4 (line 904)
  0x00007fd7c30f1068: 1465 36fc 

  0x00007fd7c30f106c: ;   {other}
  0x00007fd7c30f106c: 0f1f 8400 | dc0d 000f | be45 ffff | ff49 8bea | 4489 4424 | 0489 4c24 | 0844 895c 

  0x00007fd7c30f1088: ;   {runtime_call UncommonTrapBlob}
  0x00007fd7c30f1088: 240c 90e8 

  0x00007fd7c30f108c: ; ImmutableOopMap {[12]=NarrowOop }
                      ;*if_icmpge {reexecute=1 rethrow=0 return_oop=0}
                      ; - (reexecute) org.eclipse.rdf4j.sail.lmdb.TxnManager$Txn::free@67 (line 187)
                      ; - org.eclipse.rdf4j.sail.lmdb.TxnManager$Txn::close@37 (line 208)
                      ; - org.eclipse.rdf4j.sail.lmdb.LmdbSailStore$LmdbSailDataset::close@4 (line 904)
  0x00007fd7c30f108c: f064 36fc 

  0x00007fd7c30f1090: ;   {other}
  0x00007fd7c30f1090: 0f1f 8400 | 000e 0010 | 4533 c04d | 3bd0 bdff | ffff ff7c | 0840 0f95 | c540 0fb6 | edbe 45ff 
  0x00007fd7c30f10b0: ffff 4489 | 5c24 104c | 8954 2418 

  0x00007fd7c30f10bc: ;   {runtime_call UncommonTrapBlob}
  0x00007fd7c30f10bc: 6666 90e8 

  0x00007fd7c30f10c0: ; ImmutableOopMap {[16]=NarrowOop [52]=NarrowOop }
                      ;*ifne {reexecute=1 rethrow=0 return_oop=0}
                      ; - (reexecute) org.lwjgl.system.Checks::check@3 (line 187)
                      ; - org.lwjgl.util.lmdb.LMDB::mdb_txn_reset@7 (line 1262)
                      ; - org.eclipse.rdf4j.sail.lmdb.TxnManager$Txn::free@71 (line 188)
                      ; - org.eclipse.rdf4j.sail.lmdb.TxnManager$Txn::close@37 (line 208)
                      ; - org.eclipse.rdf4j.sail.lmdb.LmdbSailStore$LmdbSailDataset::close@4 (line 904)
  0x00007fd7c30f10c0: bc64 36fc 

  0x00007fd7c30f10c4: ;   {other}
  0x00007fd7c30f10c4: 0f1f 8400 | 340e 0011 | 4489 5424 | 1c89 4c24 | 1844 8944 | 2414 4489 | 5c24 104c | 894c 2408 
  0x00007fd7c30f10e4: 498b f749 | ba60 83d9 | d7d7 7f00 | 0041 ffd2 

  0x00007fd7c30f10f4: ;   {other}
  0x00007fd7c30f10f4: 0f1f 8400 | 0000 0000 | 448b 5c24 | 1044 8b44 | 2414 8b4c | 2418 448b | 5424 1c4c | 8b4c 2408 
  0x00007fd7c30f1114: e969 f5ff | ff44 896c | 2414 4489 | 5424 1044 | 8944 240c | 4489 5c24 | 084d 8bf1 | 498b f749 
  0x00007fd7c30f1134: ba60 83d9 | d7d7 7f00 | 0041 ffd2 

  0x00007fd7c30f1140: ;   {other}
  0x00007fd7c30f1140: 0f1f 8400 | 0000 0000 | 448b 5c24 | 0844 8b44 | 240c 448b | 5424 1044 | 8b6c 2414 | 4d8b cee9 
  0x00007fd7c30f1160: 3cf5 ffff | bee4 ffff | ff44 896c | 2408 4489 | 4424 1089 | 5c24 1844 | 895c 241c | 4489 5424 
  0x00007fd7c30f1180: ;   {runtime_call UncommonTrapBlob}
  0x00007fd7c30f1180: 2066 90e8 

  0x00007fd7c30f1184: ; ImmutableOopMap {[8]=NarrowOop [24]=NarrowOop [52]=NarrowOop [64]=NarrowOop }
                      ;*aaload {reexecute=0 rethrow=0 return_oop=0}
                      ; - java.util.IdentityHashMap::closeDeletion@18 (line 610)
                      ; - java.util.IdentityHashMap::remove@77 (line 552)
                      ; - org.eclipse.rdf4j.sail.lmdb.TxnManager$Txn::close@18 (line 206)
                      ; - org.eclipse.rdf4j.sail.lmdb.LmdbSailStore$LmdbSailDataset::close@4 (line 904)
  0x00007fd7c30f1184: f863 36fc 

  0x00007fd7c30f1188: ;   {other}
  0x00007fd7c30f1188: 0f1f 8400 | f80e 0012 | bee4 ffff | ff8b 5c24 | 4089 5c24 | 0444 895c | 2408 894c | 2414 4489 
  0x00007fd7c30f11a8: 4424 1c44 | 8954 2420 

  0x00007fd7c30f11b0: ;   {runtime_call UncommonTrapBlob}
  0x00007fd7c30f11b0: 6666 90e8 

  0x00007fd7c30f11b4: ; ImmutableOopMap {[4]=NarrowOop [8]=NarrowOop [28]=NarrowOop [52]=NarrowOop [64]=NarrowOop }
                      ;*aaload {reexecute=0 rethrow=0 return_oop=0}
                      ; - java.util.IdentityHashMap::remove@25 (line 544)
                      ; - org.eclipse.rdf4j.sail.lmdb.TxnManager$Txn::close@18 (line 206)
                      ; - org.eclipse.rdf4j.sail.lmdb.LmdbSailStore$LmdbSailDataset::close@4 (line 904)
  0x00007fd7c30f11b4: c863 36fc 

  0x00007fd7c30f11b8: ;   {other}
  0x00007fd7c30f11b8: 0f1f 8400 | 280f 0013 | bee4 ffff | ff44 896c | 2408 4489 | 4424 1044 | 895c 2414 | 895c 2418 
  0x00007fd7c30f11d8: 4489 5424 | 2048 8954 

  0x00007fd7c30f11e0: ;   {runtime_call UncommonTrapBlob}
  0x00007fd7c30f11e0: 2428 90e8 

  0x00007fd7c30f11e4: ; ImmutableOopMap {[8]=NarrowOop [24]=NarrowOop [40]=Oop [52]=NarrowOop [64]=NarrowOop }
                      ;*aastore {reexecute=1 rethrow=0 return_oop=0}
                      ; - (reexecute) java.util.IdentityHashMap::closeDeletion@68 (line 620)
                      ; - java.util.IdentityHashMap::remove@77 (line 552)
                      ; - org.eclipse.rdf4j.sail.lmdb.TxnManager$Txn::close@18 (line 206)
                      ; - org.eclipse.rdf4j.sail.lmdb.LmdbSailStore$LmdbSailDataset::close@4 (line 904)
  0x00007fd7c30f11e4: 9863 36fc 

  0x00007fd7c30f11e8: ;   {other}
  0x00007fd7c30f11e8: 0f1f 8400 | 580f 0014 | bee4 ffff | ff44 8b5c | 240c 4489 | 5c24 0844 | 8b5c 2420 | 4489 5c24 
  0x00007fd7c30f1208: 1044 8b54 | 2418 4489 | 5424 1489 | 5c24 2044 | 896c 2424 

  0x00007fd7c30f121c: ;   {runtime_call UncommonTrapBlob}
  0x00007fd7c30f121c: 6666 90e8 

  0x00007fd7c30f1220: ; ImmutableOopMap {[8]=NarrowOop [28]=NarrowOop [52]=NarrowOop [64]=NarrowOop }
                      ;*aaload {reexecute=0 rethrow=0 return_oop=0}
                      ; - java.util.IdentityHashMap::closeDeletion@78 (line 621)
                      ; - java.util.IdentityHashMap::remove@77 (line 552)
                      ; - org.eclipse.rdf4j.sail.lmdb.TxnManager$Txn::close@18 (line 206)
                      ; - org.eclipse.rdf4j.sail.lmdb.LmdbSailStore$LmdbSailDataset::close@4 (line 904)
  0x00007fd7c30f1220: 5c63 36fc 

  0x00007fd7c30f1224: ;   {other}
  0x00007fd7c30f1224: 0f1f 8400 | 940f 0015 | bee4 ffff | ff44 8b54 | 2420 4489 | 5424 1444 | 8974 2420 

  0x00007fd7c30f1240: ;   {runtime_call UncommonTrapBlob}
  0x00007fd7c30f1240: 6666 90e8 

  0x00007fd7c30f1244: ; ImmutableOopMap {rbp=NarrowOop [12]=NarrowOop [28]=NarrowOop [52]=NarrowOop [64]=NarrowOop }
                      ;*aastore {reexecute=1 rethrow=0 return_oop=0}
                      ; - (reexecute) java.util.IdentityHashMap::closeDeletion@79 (line 621)
                      ; - java.util.IdentityHashMap::remove@77 (line 552)
                      ; - org.eclipse.rdf4j.sail.lmdb.TxnManager$Txn::close@18 (line 206)
                      ; - org.eclipse.rdf4j.sail.lmdb.LmdbSailStore$LmdbSailDataset::close@4 (line 904)
  0x00007fd7c30f1244: 3863 36fc 

  0x00007fd7c30f1248: ;   {other}
  0x00007fd7c30f1248: 0f1f 8400 | b80f 0016 | bee4 ffff | ff44 8b54 | 240c 4489 | 5424 0848 | 8944 24f8 | 8b44 241c 
  0x00007fd7c30f1268: 8944 2418 | 488b 4424 | f844 895c 

  0x00007fd7c30f1274: ;   {runtime_call UncommonTrapBlob}
  0x00007fd7c30f1274: 241c 90e8 

  0x00007fd7c30f1278: ; ImmutableOopMap {[8]=NarrowOop [24]=NarrowOop [52]=NarrowOop [64]=NarrowOop }
                      ;*aastore {reexecute=1 rethrow=0 return_oop=0}
                      ; - (reexecute) java.util.IdentityHashMap::closeDeletion@84 (line 622)
                      ; - java.util.IdentityHashMap::remove@77 (line 552)
                      ; - org.eclipse.rdf4j.sail.lmdb.TxnManager$Txn::close@18 (line 206)
                      ; - org.eclipse.rdf4j.sail.lmdb.LmdbSailStore$LmdbSailDataset::close@4 (line 904)
  0x00007fd7c30f1278: 0463 36fc 

  0x00007fd7c30f127c: ;   {other}
  0x00007fd7c30f127c: 0f1f 8400 | ec0f 0017 | bed6 ffff | ff44 896c | 2408 4489 | 4424 1044 | 895c 2414 | 895c 2418 
  0x00007fd7c30f129c: 4489 5424 | 2048 8954 

  0x00007fd7c30f12a4: ;   {runtime_call UncommonTrapBlob}
  0x00007fd7c30f12a4: 2428 90e8 

  0x00007fd7c30f12a8: ; ImmutableOopMap {[8]=NarrowOop [24]=NarrowOop [40]=Oop [52]=NarrowOop [64]=NarrowOop }
                      ;*aastore {reexecute=1 rethrow=0 return_oop=0}
                      ; - (reexecute) java.util.IdentityHashMap::closeDeletion@68 (line 620)
                      ; - java.util.IdentityHashMap::remove@77 (line 552)
                      ; - org.eclipse.rdf4j.sail.lmdb.TxnManager$Txn::close@18 (line 206)
                      ; - org.eclipse.rdf4j.sail.lmdb.LmdbSailStore$LmdbSailDataset::close@4 (line 904)
  0x00007fd7c30f12a8: d462 36fc 

  0x00007fd7c30f12ac: ;   {other}
  0x00007fd7c30f12ac: 0f1f 8400 | 1c10 0018 | 4889 5424 | 2844 8954 | 2424 894c | 2420 4c89 | 7424 1844 | 895c 2414 
  0x00007fd7c30f12cc: 4489 4424 | 1089 5c24 | 0c44 896c | 2408 c5fb | 1104 244c | 8bf0 498b | f749 ba60 | 83d9 d7d7 
  0x00007fd7c30f12ec: 7f00 0041 

  0x00007fd7c30f12f0: ;   {other}
  0x00007fd7c30f12f0: ffd2 0f1f | 8400 0000 | 0000 498b | c6c5 fb10 | 0424 448b | 6c24 088b | 5c24 0c44 | 8b44 2410 
  0x00007fd7c30f1310: 448b 5c24 | 144c 8b74 | 2418 8b4c | 2420 448b | 5424 2448 | 8b54 2428 | e9d2 f9ff | ff49 8bf7 
  0x00007fd7c30f1330: 49ba 6083 | d9d7 d77f | 0000 41ff 

  0x00007fd7c30f133c: ;   {other}
  0x00007fd7c30f133c: d20f 1f84 | 0000 0000 | 00e9 b7f4 | ffff 498b | f749 ba60 | 83d9 d7d7 | 7f00 0041 

  0x00007fd7c30f1358: ;   {other}
  0x00007fd7c30f1358: ffd2 0f1f | 8400 0000 | 0000 448b | 5c24 18e9 | e4f4 ffff | 458b f349 | 8bf7 49ba | 6083 d9d7 
  0x00007fd7c30f1378: d77f 0000 

  0x00007fd7c30f137c: ;   {other}
  0x00007fd7c30f137c: 41ff d20f | 1f84 0000 | 0000 0045 | 8bde e9d1 | f4ff ffbe | f6ff ffff 

  0x00007fd7c30f1394: ;   {runtime_call UncommonTrapBlob}
  0x00007fd7c30f1394: 6666 90e8 

  0x00007fd7c30f1398: ; ImmutableOopMap {}
                      ;*invokevirtual close {reexecute=0 rethrow=0 return_oop=0}
                      ; - org.eclipse.rdf4j.sail.lmdb.LmdbSailStore$LmdbSailDataset::close@4 (line 904)
  0x00007fd7c30f1398: e461 36fc 

  0x00007fd7c30f139c: ;   {other}
  0x00007fd7c30f139c: 0f1f 8400 | 0c11 0019 | bef6 ffff | ff41 8bea 

  0x00007fd7c30f13ac: ;   {runtime_call UncommonTrapBlob}
  0x00007fd7c30f13ac: 6666 90e8 

  0x00007fd7c30f13b0: ; ImmutableOopMap {rbp=NarrowOop }
                      ;*getfield active {reexecute=1 rethrow=0 return_oop=0}
                      ; - (reexecute) org.eclipse.rdf4j.sail.lmdb.TxnManager$Txn::close@4 (line 205)
                      ; - org.eclipse.rdf4j.sail.lmdb.LmdbSailStore$LmdbSailDataset::close@4 (line 904)
  0x00007fd7c30f13b0: cc61 36fc 

  0x00007fd7c30f13b4: ;   {other}
  0x00007fd7c30f13b4: 0f1f 8400 | 2411 001a | bef6 ffff | ff8b 6c24 | 3444 8b5c | 2440 4489 

  0x00007fd7c30f13cc: ;   {runtime_call UncommonTrapBlob}
  0x00007fd7c30f13cc: 5c24 04e8 

  0x00007fd7c30f13d0: ; ImmutableOopMap {rbp=NarrowOop [4]=NarrowOop [64]=NarrowOop }
                      ;*getfield active {reexecute=1 rethrow=0 return_oop=0}
                      ; - (reexecute) org.eclipse.rdf4j.sail.lmdb.TxnManager$Txn::close@14 (line 206)
                      ; - org.eclipse.rdf4j.sail.lmdb.LmdbSailStore$LmdbSailDataset::close@4 (line 904)
  0x00007fd7c30f13d0: ac61 36fc 

  0x00007fd7c30f13d4: ;   {other}
  0x00007fd7c30f13d4: 0f1f 8400 | 4411 001b | bef6 ffff | ff8b 6c24 | 3444 8b5c | 2440 4489 

  0x00007fd7c30f13ec: ;   {runtime_call UncommonTrapBlob}
  0x00007fd7c30f13ec: 5c24 08e8 

  0x00007fd7c30f13f0: ; ImmutableOopMap {rbp=NarrowOop [8]=NarrowOop [64]=NarrowOop }
                      ;*invokevirtual remove {reexecute=0 rethrow=0 return_oop=0}
                      ; - org.eclipse.rdf4j.sail.lmdb.TxnManager$Txn::close@18 (line 206)
                      ; - org.eclipse.rdf4j.sail.lmdb.LmdbSailStore$LmdbSailDataset::close@4 (line 904)
  0x00007fd7c30f13f0: 8c61 36fc 

  0x00007fd7c30f13f4: ;   {other}
  0x00007fd7c30f13f4: 0f1f 8400 | 6411 001c | bef6 ffff | ff8b 6c24 | 3444 8b54 | 2440 458b | da44 895c 

  0x00007fd7c30f1410: ;   {runtime_call UncommonTrapBlob}
  0x00007fd7c30f1410: 2404 90e8 

  0x00007fd7c30f1414: ; ImmutableOopMap {rbp=NarrowOop [4]=NarrowOop [64]=NarrowOop }
                      ;*arraylength {reexecute=0 rethrow=0 return_oop=0}
                      ; - java.util.IdentityHashMap::remove@11 (line 540)
                      ; - org.eclipse.rdf4j.sail.lmdb.TxnManager$Txn::close@18 (line 206)
                      ; - org.eclipse.rdf4j.sail.lmdb.LmdbSailStore$LmdbSailDataset::close@4 (line 904)
  0x00007fd7c30f1414: 6861 36fc 

  0x00007fd7c30f1418: ;   {other}
  0x00007fd7c30f1418: 0f1f 8400 | 8811 001d | bef6 ffff | ff4c 8914 

  0x00007fd7c30f1428: ;   {runtime_call UncommonTrapBlob}
  0x00007fd7c30f1428: 2466 90e8 

  0x00007fd7c30f142c: ; ImmutableOopMap {[52]=NarrowOop }
                      ;*getfield mode {reexecute=1 rethrow=0 return_oop=0}
                      ; - (reexecute) org.eclipse.rdf4j.sail.lmdb.TxnManager$Txn::free@7 (line 184)
                      ; - org.eclipse.rdf4j.sail.lmdb.TxnManager$Txn::close@37 (line 208)
                      ; - org.eclipse.rdf4j.sail.lmdb.LmdbSailStore$LmdbSailDataset::close@4 (line 904)
  0x00007fd7c30f142c: 5061 36fc 

  0x00007fd7c30f1430: ;   {other}
  0x00007fd7c30f1430: 0f1f 8400 | a011 001e | bef6 ffff | ff4c 8914 

  0x00007fd7c30f1440: ;   {runtime_call UncommonTrapBlob}
  0x00007fd7c30f1440: 2466 90e8 

  0x00007fd7c30f1444: ; ImmutableOopMap {[52]=NarrowOop }
                      ;*invokevirtual ordinal {reexecute=0 rethrow=0 return_oop=0}
                      ; - org.eclipse.rdf4j.sail.lmdb.TxnManager$Txn::free@10 (line 184)
                      ; - org.eclipse.rdf4j.sail.lmdb.TxnManager$Txn::close@37 (line 208)
                      ; - org.eclipse.rdf4j.sail.lmdb.LmdbSailStore$LmdbSailDataset::close@4 (line 904)
  0x00007fd7c30f1444: 3861 36fc 

  0x00007fd7c30f1448: ;   {other}
  0x00007fd7c30f1448: 0f1f 8400 | b811 001f | bef6 ffff | ff4c 8914 | 2444 895c 

  0x00007fd7c30f145c: ;   {runtime_call UncommonTrapBlob}
  0x00007fd7c30f145c: 240c 90e8 

  0x00007fd7c30f1460: ; ImmutableOopMap {[12]=NarrowOop [52]=NarrowOop }
                      ;*getfield poolIndex {reexecute=1 rethrow=0 return_oop=0}
                      ; - (reexecute) org.eclipse.rdf4j.sail.lmdb.TxnManager$Txn::free@54 (line 187)
                      ; - org.eclipse.rdf4j.sail.lmdb.TxnManager$Txn::close@37 (line 208)
                      ; - org.eclipse.rdf4j.sail.lmdb.LmdbSailStore$LmdbSailDataset::close@4 (line 904)
  0x00007fd7c30f1460: 1c61 36fc 

  0x00007fd7c30f1464: ;   {other}
  0x00007fd7c30f1464: 0f1f 8400 | d411 0020 | bef6 ffff | ff4c 8914 | 2444 8944 | 240c 4489 

  0x00007fd7c30f147c: ;   {runtime_call UncommonTrapBlob}
  0x00007fd7c30f147c: 5c24 10e8 

  0x00007fd7c30f1480: ; ImmutableOopMap {[16]=NarrowOop [52]=NarrowOop }
                      ;*getfield pool {reexecute=1 rethrow=0 return_oop=0}
                      ; - (reexecute) org.eclipse.rdf4j.sail.lmdb.TxnManager$Txn::free@61 (line 187)
                      ; - org.eclipse.rdf4j.sail.lmdb.TxnManager$Txn::close@37 (line 208)
                      ; - org.eclipse.rdf4j.sail.lmdb.LmdbSailStore$LmdbSailDataset::close@4 (line 904)
  0x00007fd7c30f1480: fc60 36fc 

  0x00007fd7c30f1484: ;   {other}
  0x00007fd7c30f1484: 0f1f 8400 | f411 0021 | bef6 ffff | ff4c 8914 | 2444 8944 | 240c 4489 

  0x00007fd7c30f149c: ;   {runtime_call UncommonTrapBlob}
  0x00007fd7c30f149c: 5c24 10e8 

  0x00007fd7c30f14a0: ; ImmutableOopMap {[16]=NarrowOop [52]=NarrowOop }
                      ;*arraylength {reexecute=0 rethrow=0 return_oop=0}
                      ; - org.eclipse.rdf4j.sail.lmdb.TxnManager$Txn::free@64 (line 187)
                      ; - org.eclipse.rdf4j.sail.lmdb.TxnManager$Txn::close@37 (line 208)
                      ; - org.eclipse.rdf4j.sail.lmdb.LmdbSailStore$LmdbSailDataset::close@4 (line 904)
  0x00007fd7c30f14a0: dc60 36fc 

  0x00007fd7c30f14a4: ;   {other}
  0x00007fd7c30f14a4: 0f1f 8400 | 1412 0022 | bef6 ffff | ff4c 8b54 | 2408 4c89 | 1424 448b | 5424 1045 | 8bda 4489 
  0x00007fd7c30f14c4: ;   {runtime_call UncommonTrapBlob}
  0x00007fd7c30f14c4: 5c24 0ce8 

  0x00007fd7c30f14c8: ; ImmutableOopMap {[12]=NarrowOop [16]=NarrowOop [52]=NarrowOop }
                      ;*getfield pool {reexecute=1 rethrow=0 return_oop=0}
                      ; - (reexecute) org.eclipse.rdf4j.sail.lmdb.TxnManager$Txn::free@78 (line 189)
                      ; - org.eclipse.rdf4j.sail.lmdb.TxnManager$Txn::close@37 (line 208)
                      ; - org.eclipse.rdf4j.sail.lmdb.LmdbSailStore$LmdbSailDataset::close@4 (line 904)
  0x00007fd7c30f14c8: b460 36fc 

  0x00007fd7c30f14cc: ;   {other}
  0x00007fd7c30f14cc: 0f1f 8400 | 3c12 0023 | bef6 ffff | ff8b 6c24 | 1044 890c 

  0x00007fd7c30f14e0: ;   {runtime_call UncommonTrapBlob}
  0x00007fd7c30f14e0: 2466 90e8 

  0x00007fd7c30f14e4: ; ImmutableOopMap {rbp=NarrowOop }
                      ;*lastore {reexecute=0 rethrow=0 return_oop=0}
                      ; - org.eclipse.rdf4j.sail.lmdb.TxnManager$Txn::free@96 (line 189)
                      ; - org.eclipse.rdf4j.sail.lmdb.TxnManager$Txn::close@37 (line 208)
                      ; - org.eclipse.rdf4j.sail.lmdb.LmdbSailStore$LmdbSailDataset::close@4 (line 904)
  0x00007fd7c30f14e4: 9860 36fc 

  0x00007fd7c30f14e8: ;   {other}
  0x00007fd7c30f14e8: 0f1f 8400 | 5812 0024 | bef6 ffff | ff44 8b5c | 2440 4489 

  0x00007fd7c30f14fc: ;   {runtime_call UncommonTrapBlob}
  0x00007fd7c30f14fc: 5c24 04e8 

  0x00007fd7c30f1500: ; ImmutableOopMap {[4]=NarrowOop [52]=NarrowOop [64]=NarrowOop }
                      ;*arraylength {reexecute=0 rethrow=0 return_oop=0}
                      ; - java.util.IdentityHashMap::closeDeletion@6 (line 603)
                      ; - java.util.IdentityHashMap::remove@77 (line 552)
                      ; - org.eclipse.rdf4j.sail.lmdb.TxnManager$Txn::close@18 (line 206)
                      ; - org.eclipse.rdf4j.sail.lmdb.LmdbSailStore$LmdbSailDataset::close@4 (line 904)
  0x00007fd7c30f1500: 7c60 36fc 

  0x00007fd7c30f1504: ;   {other}
  0x00007fd7c30f1504: 0f1f 8400 | 7412 0025 | 488b d8eb | 0348 8bd8 | 4c8b 5c24 | 1048 8d44 | 2450 4883 | 3800 0f84 
  0x00007fd7c30f1524: 7900 0000 | 4d8b 1341 | f6c2 020f | 8462 0000 | 0049 83ba | 8600 0000 | 0074 0949 | ff8a 8600 
  0x00007fd7c30f1544: 0000 eb4b | 498b 8296 | 0000 0049 | 0b82 8e00 | 0000 750a | 49c7 423e | 0000 0000 | eb3d 4983 
  0x00007fd7c30f1564: ba9e 0000 | 0000 7422 | 4833 c049 | c742 3e00 | 0000 00f0 | 8304 2400 | 4983 ba9e | 0000 0000 
  0x00007fd7c30f1584: 750d f04d | 0fb1 7a3e | 7505 83c8 | 01eb 0ca8 | 00eb 084c | 8b10 f04d | 0fb1 1375 | 0a49 ff8f 
  0x00007fd7c30f15a4: 5005 0000 | 4533 d20f | 85d0 0000 | 0048 8bf3 | e99c 0000 | 0048 8bd8 | 488d 4424 | 5048 8338 
  0x00007fd7c30f15c4: 000f 847b | 0000 004c | 8b55 0041 | f6c2 020f | 8462 0000 | 0049 83ba | 8600 0000 | 0074 0949 
  0x00007fd7c30f15e4: ff8a 8600 | 0000 eb4b | 498b 8296 | 0000 0049 | 0b82 8e00 | 0000 750a | 49c7 423e 

  0x00007fd7c30f1600: ;   {no_reloc}
  0x00007fd7c30f1600: 0000 0000 | eb3e 4983 | ba9e 0000 | 0000 7422 | 4833 c049 | c742 3e00 | 0000 00f0 | 8304 2400 
  0x00007fd7c30f1620: 4983 ba9e | 0000 0000 | 750d f04d | 0fb1 7a3e | 7505 83c8 | 01eb 0da8 | 00eb 094c | 8b10 f04c 
  0x00007fd7c30f1640: 0fb1 5500 | 750a 49ff | 8f50 0500 | 0045 33d2 | 750d 488b | f348 83c4 

  0x00007fd7c30f1658: ;   {runtime_call _rethrow_Java}
  0x00007fd7c30f1658: 605d e921 | ec43 fc48 | 8bfd 488d | 7424 5049 | 8bd7 49ba | 70b7 41d8 | d77f 0000 

  0x00007fd7c30f1674: ;   {other}
  0x00007fd7c30f1674: 41ff d20f | 1f84 0000 | 0000 00eb | d148 8b7c | 2410 488d | 7424 5049 | 8bd7 49ba | 70b7 41d8 
  0x00007fd7c30f1694: d77f 0000 

  0x00007fd7c30f1698: ;   {other}
  0x00007fd7c30f1698: 41ff d20f | 1f84 0000 | 0000 00e9 | 09ff ffff 

  0x00007fd7c30f16a8: ;   {internal_word}
  0x00007fd7c30f16a8: 49ba 200b | 0fc3 d77f | 0000 4d89 | 9768 0400 

  0x00007fd7c30f16b8: ;   {runtime_call SafepointBlob}
  0x00007fd7c30f16b8: 00e9 424d 

  0x00007fd7c30f16bc: ;   {runtime_call StubRoutines (final stubs)}
  0x00007fd7c30f16bc: 36fc e83d | 4b34 fce9 | 52ee ffff 
[Stub Code]
  0x00007fd7c30f16c8: ;   {no_reloc}
  0x00007fd7c30f16c8: 48bb 0000 | 0000 0000 

  0x00007fd7c30f16d0: ;   {runtime_call nmethod}
  0x00007fd7c30f16d0: 0000 e9fb 

  0x00007fd7c30f16d4: ;   {static_stub}
  0x00007fd7c30f16d4: ffff ff48 | bb00 0000 | 0000 0000 

  0x00007fd7c30f16e0: ;   {runtime_call nmethod}
  0x00007fd7c30f16e0: 00e9 fbff 

  0x00007fd7c30f16e4: ;   {runtime_call ExceptionBlob}
  0x00007fd7c30f16e4: ffff e915 | 3d43 fce8 | 0000 0000 | 4883 2c24 

  0x00007fd7c30f16f4: ;   {runtime_call DeoptimizationBlob}
  0x00007fd7c30f16f4: 05e9 a661 | 36fc f4f4 | f4f4 f4f4 
[/MachCode]


Compiled method (c2) 39291 32684   !   4       org.eclipse.rdf4j.sail.base.SailSourceBranch$2::close (69 bytes)
 total in heap  [0x00007fd7c2fe6c10,0x00007fd7c2fe9d60] = 12624
 relocation     [0x00007fd7c2fe6d68,0x00007fd7c2fe7008] = 672
 main code      [0x00007fd7c2fe7020,0x00007fd7c2fe8c30] = 7184
 stub code      [0x00007fd7c2fe8c30,0x00007fd7c2fe8d38] = 264
 oops           [0x00007fd7c2fe8d38,0x00007fd7c2fe8d48] = 16
 metadata       [0x00007fd7c2fe8d48,0x00007fd7c2fe8ea8] = 352
 scopes data    [0x00007fd7c2fe8ea8,0x00007fd7c2fe94a8] = 1536
 scopes pcs     [0x00007fd7c2fe94a8,0x00007fd7c2fe9a18] = 1392
 dependencies   [0x00007fd7c2fe9a18,0x00007fd7c2fe9a68] = 80
 handler table  [0x00007fd7c2fe9a68,0x00007fd7c2fe9c90] = 552
 nul chk table  [0x00007fd7c2fe9c90,0x00007fd7c2fe9d60] = 208

[Constant Pool (empty)]

[MachCode]
[Entry Point]
  # {method} {0x00007fd71ba499c0} 'close' '()V' in 'org/eclipse/rdf4j/sail/base/SailSourceBranch$2'
  #           [sp+0x70]  (sp of caller)
  0x00007fd7c2fe7020: 448b 5608 | 49bb 0000 | 0067 d77f | 0000 4d03 | d349 3bc2 

  0x00007fd7c2fe7034: ;   {runtime_call ic_miss_stub}
  0x00007fd7c2fe7034: 0f85 4672 | 46fc 6690 | 0f1f 4000 
[Verified Entry Point]
  0x00007fd7c2fe7040: 8984 2400 | c0fe ff55 | 4883 ec60 | 4181 7f20 | 3500 0000 | 0f85 ca1b | 0000 4889 | 7424 1044 
  0x00007fd7c2fe7060: 8b56 0c49 | 8bf2 4d8b | 9788 0300 | 004d 8b12 | 4c89 5424 | 3090 c5f8 | 7748 b820 | 4014 3cd7 
  0x00007fd7c2fe7080: ;   {virtual_call}
  0x00007fd7c2fe7080: 7f00 00e8 

  0x00007fd7c2fe7084: ; ImmutableOopMap {[16]=Oop [48]=Oop }
                      ;*invokeinterface close {reexecute=0 rethrow=0 return_oop=0}
                      ; - org.eclipse.rdf4j.sail.base.DelegatingSailDataset::close@4 (line 51)
                      ; - org.eclipse.rdf4j.sail.base.SailSourceBranch$2::close@1 (line 248)
  0x00007fd7c2fe7084: 38d0 68fc 

  0x00007fd7c2fe7088: ;   {other}
  0x00007fd7c2fe7088: 0f1f 8400 | 7804 0000 | 4c8b 5424 | 1045 8b52 | 1045 8b5a | 1041 8b5b | 0c85 db0f | 8416 1100 
  0x00007fd7c2fe70a8: 004c 8b54 | 2430 4d8b | ca4c 8bc3 | 33c0 41bb | 0100 0000 | f044 0fb1 | 5b10 410f | 94c3 450f 
  0x00007fd7c2fe70c8: b6db 4585 | db0f 8401 | 0900 0041 | 807f 4000 | 0f85 720b | 0000 4489 | 4b0c 4c8b | 5424 304d 
  0x00007fd7c2fe70e8: 8bd8 4d33 | d349 c1ea | 144d 85d2 | 741a 49c1 | eb09 48bf | 0000 60d5 | d77f 0000 | 4903 fb80 
  0x00007fd7c2fe7108: 3f02 0f85 | a60b 0000 | 4c8b 5424 | 1045 8b52 | 1045 8b52 | 1c45 8b42 

  0x00007fd7c2fe7120: ;   {metadata('java/util/ArrayList')}
  0x00007fd7c2fe7120: 0841 81f8 | b094 0b00 | 0f85 0a11 | 0000 4d8b | f241 8b5e | 1085 db0f | 8e81 1100 | 0045 8b5e 
  0x00007fd7c2fe7140: 1444 895c | 2418 458b | 6b0c 4585 | ed0f 8689 | 1000 004c | 63d3 4d63 | dd49 ffca | 4d3b d30f 
  0x00007fd7c2fe7160: 8377 1000 | 0044 8b54 | 2418 498b | ca41 b8e8 | 0300 0045 | 33d2 bf01 | 0000 0049 | bb00 0060 
  0x00007fd7c2fe7180: d5d7 7f00 | 0044 894c | 2428 897c | 2408 4c89 | 5c24 488b | c341 2bc2 | 4533 db41 | 3bda 410f 
  0x00007fd7c2fe71a0: 4cc3 3de8 | 0300 0041 | 0f47 c041 | 03c2 eb03 | 458b d34a | 8d3c 9148 | 8bf7 4883 | c610 448b 
  0x00007fd7c2fe71c0: 0e45 8d5a | 0148 8b54 | 2410 493b | d10f 85f8 | 0200 0045 | 8b4e 0c44 | 8d43 ff44 | 8944 242c 
  0x00007fd7c2fe71e0: 41ff c145 | 894e 0c45 | 3bc2 0f8f | 590c 0000 | 448b 5424 | 2c45 8956 | 1045 3bd5 | 0f83 fe0f 
  0x00007fd7c2fe7200: 0000 4180 | 7f40 000f | 850a 0a00 | 0044 8b54 | 2418 4589 | 649a 0c4c | 8b54 2410 | 458b 5a10 
  0x00007fd7c2fe7220: ;   {no_reloc}
  0x00007fd7c2fe7220: 4489 5c24 | 2c45 8b53 | 1041 8b5a | 0c85 db0f | 84e7 0f00 | 0033 c044 | 8b74 2408 | f044 0fb1 
  0x00007fd7c2fe7240: 7310 410f | 94c0 450f | b6c0 4c8b | d345 85c0 | 0f84 8b08 | 0000 4180 | 7f40 000f | 8522 0a00 
  0x00007fd7c2fe7260: 0044 8b4c | 2428 4489 | 4b0c 4c8b | 4424 3049 | 8bc8 4933 | ca48 c1e9 | 1448 85c9 | 741a 49c1 
  0x00007fd7c2fe7280: ea09 48bf | 0000 60d5 | d77f 0000 | 4903 fa80 | 3f02 0f85 | 750a 0000 | 8b4c 242c | 8b49 148b 
  0x00007fd7c2fe72a0: 5914 448b | 530c 8b79 | 102b 790c | 8bd7 c1fa | 1f41 23d2 | 03d7 83fa | 010f 8f4e | 0500 0044 
  0x00007fd7c2fe72c0: 8b5c 242c | 458b 5310 

  0x00007fd7c2fe72c8: ; implicit exception: dispatches to 0x00007fd7c2fe88b0
  0x00007fd7c2fe72c8: 458b 520c 

  0x00007fd7c2fe72cc: ; implicit exception: dispatches to 0x00007fd7c2fe88c8
  0x00007fd7c2fe72cc: 458b 6a10 | 418b 6a0c | 4c8b dd4d | 3bd8 0f85 | 2c11 0000 | 4183 fd01 | 0f85 da06 | 0000 4180 
  0x00007fd7c2fe72ec: 7f40 000f | 857f 0a00 | 0045 8962 | 0c41 bb01 | 0000 0041 | ffcd 4589 | 6a10 f083 | 4424 c000 
  0x00007fd7c2fe730c: 4585 db74 | 0d45 8b52 | 1445 85d2 | 0f85 d101 

  0x00007fd7c2fe731c: ;   {no_reloc}
  0x00007fd7c2fe731c: 0000 4c8b | 5424 1041 | 8b4a 1044 | 0fb6 510c | 4585 d20f | 84e7 0000 | 0044 8b51 | 1045 8b5a 
  0x00007fd7c2fe733c: 0c41 8b7b | 1048 8bd9 | 85ff 0f84 | f103 0000 | 418b 6b0c | 4c8b d54d | 3bd0 0f85 | 2c11 0000 
  0x00007fd7c2fe735c: ffc7 85ff | 0f8c 7611 | 0000 4189 | 7b10 f083 | 4424 c000 | 8b69 1c44 

  0x00007fd7c2fe7374: ;   {metadata('java/util/ArrayList')}
  0x00007fd7c2fe7374: 8b55 0841 | 81fa b094 | 0b00 0f85 | 6410 0000 | 4c8b d545 | 8b5a 1045 | 85db 0f84 | 4f03 0000 
  0x00007fd7c2fe7394: 448b 5910 | 4585 db0f | 842f 1000 | 0045 8b4b | 0c45 8b69 | 1041 8b69 | 0c4c 8bd5 | 4d3b d00f 
  0x00007fd7c2fe73b4: 85f7 1000 | 0041 83fd | 010f 854c | 0800 0041 | 807f 4000 | 0f85 0b0a | 0000 4589 | 610c 41ba 
  0x00007fd7c2fe73d4: 0100 0000 | 41ff cd45 | 8969 10f0 | 8344 24c0 | 0045 85d2 | 740d 458b | 5114 4585 | d20f 853e 
  0x00007fd7c2fe73f4: 0200 004c | 8b54 2410 | 418b 4a10 | 85c9 7518 | bef6 ffff | ff66 6690 

  0x00007fd7c2fe740c: ;   {runtime_call UncommonTrapBlob}
  0x00007fd7c2fe740c: c5f8 77e8 

  0x00007fd7c2fe7410: ; ImmutableOopMap {}
                      ;*getfield semaphore {reexecute=1 rethrow=0 return_oop=0}
                      ; - (reexecute) org.eclipse.rdf4j.sail.base.SailSourceBranch$2::close@46 (line 255)
  0x00007fd7c2fe7410: 6c01 47fc 

  0x00007fd7c2fe7414: ;   {other}
  0x00007fd7c2fe7414: 0f1f 8400 | 0408 0001 | 448b 5110 

  0x00007fd7c2fe7420: ; implicit exception: dispatches to 0x00007fd7c2fe88f8
  0x00007fd7c2fe7420: 418b 4a0c 

  0x00007fd7c2fe7424: ; implicit exception: dispatches to 0x00007fd7c2fe8910
  0x00007fd7c2fe7424: 8b59 108b | 690c 4c8b | d54d 3bd0 | 0f85 0210 | 0000 83fb | 010f 858d | 0500 0041 | 807f 4000 
  0x00007fd7c2fe7444: 0f85 5c09 | 0000 4489 | 610c ffcb | 8959 10f0 | 8344 24c0 | 0045 85f6 | 740d 448b | 5114 4585 
  0x00007fd7c2fe7464: d20f 8535 | 0100 00c5 | f877 4883 | c460 5d49 | 3ba7 d804 | 0000 0f82 | 3d00 0000 | 498b ff40 
  0x00007fd7c2fe7484: f6c4 0f0f | 8412 0000 | 0048 83ec 

  0x00007fd7c2fe7490: ;   {runtime_call}
  0x00007fd7c2fe7490: 08e8 2a62 | 4315 4883 | c408 e905 

  0x00007fd7c2fe749c: ;   {runtime_call}
  0x00007fd7c2fe749c: 0000 00e8 | 1c62 4315 

  0x00007fd7c2fe74a4: ;   {runtime_call delayed StackOverflowError throw_exception}
  0x00007fd7c2fe74a4: e9d7 ed41 

  0x00007fd7c2fe74a8: ;   {external_word}
  0x00007fd7c2fe74a8: fc48 bfa7 | f179 d8d7 | 7f00 0048 

  0x00007fd7c2fe74b4: ;   {runtime_call}
  0x00007fd7c2fe74b4: 83e4 f0e8 | 6408 2415 

  0x00007fd7c2fe74bc: ;   {poll_return}
  0x00007fd7c2fe74bc: f449 3ba7 | 5004 0000 | 0f87 4417 | 0000 c344 | 3bd8 0f8c | dcfc ffff | 4d8b 9758 

  0x00007fd7c2fe74d8: ; ImmutableOopMap {rcx=Oop rdx=Oop r14=Oop [16]=Oop [24]=NarrowOop [40]=NarrowOop [48]=Oop }
                      ;*goto {reexecute=1 rethrow=0 return_oop=0}
                      ; - (reexecute) java.util.ArrayList::remove@62 (line 705)
                      ; - org.eclipse.rdf4j.sail.base.SailSourceBranch$2::close@22 (line 251)
                      ;   {poll}
  0x00007fd7c2fe74d8: 0400 0041 | 8502 443b | db0f 8d4d | 1200 0045 | 8bd3 e9a4 | fcff ff45 | 8b52 1445 | 85d2 0f84 
  0x00007fd7c2fe74f8: 22fe ffff | 418b 4a0c | 85c9 0f84 | 16fe ffff | 418b 420c | 448b d841 | 83e3 fef0 | 450f b15a 
  0x00007fd7c2fe7518: 0c41 0f94 | c345 0fb6 | db45 85db | 0f84 600b | 0000 418b | 6a18 85ed | 0f84 e8fd | ffff 448b 
  0x00007fd7c2fe7538: 5508 49bb | 0000 0067 | d77f 0000 | 4d03 da4d 

  0x00007fd7c2fe7548: ;   {metadata('java/lang/BaseVirtualThread')}
  0x00007fd7c2fe7548: 8b53 4049 | bbe8 a002 | 67d7 7f00 | 004d 3bd3 | 0f84 9e0f | 0000 4489 | 7424 2444 | 894c 2420 
  0x00007fd7c2fe7568: 4c89 4424 | 1848 8bd5 

  0x00007fd7c2fe7570: ;   {oop(a 'jdk/internal/misc/Unsafe'{0x00000000c0000100})}
  0x00007fd7c2fe7570: 48be 0001 | 00c0 0000 | 0000 6690 

  0x00007fd7c2fe757c: ;   {optimized virtual_call}
  0x00007fd7c2fe757c: c5f8 77e8 

  0x00007fd7c2fe7580: ; ImmutableOopMap {[16]=Oop [24]=Oop [32]=NarrowOop }
                      ;*invokevirtual unpark {reexecute=0 rethrow=0 return_oop=0}
                      ; - java.util.concurrent.locks.LockSupport::unpark@22 (line 181)
                      ; - java.util.concurrent.locks.AbstractQueuedSynchronizer::signalNext@30 (line 645)
                      ; - java.util.concurrent.locks.AbstractQueuedSynchronizer::release@12 (line 1094)
                      ; - java.util.concurrent.locks.ReentrantLock::unlock@5 (line 494)
                      ; - org.eclipse.rdf4j.sail.base.SailSourceBranch::compressChanges@106 (line 380)
                      ; - org.eclipse.rdf4j.sail.base.SailSourceBranch$2::close@32 (line 252)
  0x00007fd7c2fe7580: fc71 46fc 

  0x00007fd7c2fe7584: ;   {other}
  0x00007fd7c2fe7584: 0f1f 8400 | 7409 0003 | 4c8b 4424 | 1844 8b4c | 2420 448b | 7424 24e9 | 7efd ffff | 458b 5a14 
  0x00007fd7c2fe75a4: 4585 db0f | 84be feff | ff45 8b53 | 0c45 85d2 | 0f84 b1fe | ffff 418b | 430c 448b | c041 83e0 
  0x00007fd7c2fe75c4: fef0 450f | b143 0c41 | 0f94 c045 | 0fb6 c045 | 85c0 0f84 | dd0a 0000 | 418b 6b18 | 85ed 0f84 
  0x00007fd7c2fe75e4: 83fe ffff | 448b 5d08 | 49ba 0000 | 0067 d77f | 0000 4d03 | d34d 8b52 

  0x00007fd7c2fe75fc: ;   {metadata('java/lang/BaseVirtualThread')}
  0x00007fd7c2fe75fc: 4049 bbe8 | a002 67d7 | 7f00 004d | 3bd3 0f84 | 040f 0000 

  0x00007fd7c2fe7610: ;   {oop(a 'jdk/internal/misc/Unsafe'{0x00000000c0000100})}
  0x00007fd7c2fe7610: 488b d548 | be00 0100 | c000 0000 | 0066 6690 

  0x00007fd7c2fe7620: ;   {optimized virtual_call}
  0x00007fd7c2fe7620: c5f8 77e8 

  0x00007fd7c2fe7624: ; ImmutableOopMap {}
                      ;*invokevirtual unpark {reexecute=0 rethrow=0 return_oop=0}
                      ; - java.util.concurrent.locks.LockSupport::unpark@22 (line 181)
                      ; - java.util.concurrent.locks.AbstractQueuedSynchronizer::signalNext@30 (line 645)
                      ; - java.util.concurrent.locks.AbstractQueuedSynchronizer::release@12 (line 1094)
                      ; - java.util.concurrent.locks.ReentrantLock::unlock@5 (line 494)
                      ; - org.eclipse.rdf4j.sail.base.SailSourceBranch$2::close@49 (line 255)
  0x00007fd7c2fe7624: 18f8 14fd 

  0x00007fd7c2fe7628: ;   {other}
  0x00007fd7c2fe7628: 0f1f 8400 | 180a 0004 | e936 feff | ff41 8b4a | 1485 c90f | 84b6 fdff | ff44 8b59 | 0c45 85db 
  0x00007fd7c2fe7648: 0f84 a9fd | ffff 8b41 | 0c44 8bd0 | 4183 e2fe | f044 0fb1 | 510c 410f | 94c2 450f | b6d2 4585 
  0x00007fd7c2fe7668: d20f 840f | 0b00 008b | 6918 85ed | 0f84 7dfd | ffff 448b | 5d08 49ba | 0000 0067 | d77f 0000 
  0x00007fd7c2fe7688: 4d03 d34d 

  0x00007fd7c2fe768c: ;   {metadata('java/lang/BaseVirtualThread')}
  0x00007fd7c2fe768c: 8b52 4049 | bbe8 a002 | 67d7 7f00 | 004d 3bd3 | 0f84 f20e | 0000 4489 | 7424 204c | 8944 2418 
  0x00007fd7c2fe76ac: 4c8b 5424 | 104c 8954 | 2408 488b 

  0x00007fd7c2fe76b8: ;   {oop(a 'jdk/internal/misc/Unsafe'{0x00000000c0000100})}
  0x00007fd7c2fe76b8: d548 be00 | 0100 c000 | 0000 0090 

  0x00007fd7c2fe76c4: ;   {optimized virtual_call}
  0x00007fd7c2fe76c4: c5f8 77e8 

  0x00007fd7c2fe76c8: ; ImmutableOopMap {[8]=Oop [16]=Oop [24]=Oop }
                      ;*invokevirtual unpark {reexecute=0 rethrow=0 return_oop=0}
                      ; - java.util.concurrent.locks.LockSupport::unpark@22 (line 181)
                      ; - java.util.concurrent.locks.AbstractQueuedSynchronizer::signalNext@30 (line 645)
                      ; - java.util.concurrent.locks.AbstractQueuedSynchronizer::release@12 (line 1094)
                      ; - java.util.concurrent.locks.ReentrantLock::unlock@5 (line 494)
                      ; - org.eclipse.rdf4j.sail.base.SailSourceBranch::autoFlush@37 (line 395)
                      ; - org.eclipse.rdf4j.sail.base.SailSourceBranch$2::close@39 (line 253)
  0x00007fd7c2fe76c8: b470 46fc 

  0x00007fd7c2fe76cc: ;   {other}
  0x00007fd7c2fe76cc: 0f1f 8400 | bc0a 0005 | 4c8b 4424 | 1844 8b74 | 2420 e914 | fdff ff89 | 4c24 1c44 | 8974 2418 
  0x00007fd7c2fe76ec: 498b e84c | 8b5c 2410 | 4c89 5c24 | 0848 8bf3 | 4889 5c24 | 1066 6690 

  0x00007fd7c2fe7704: ;   {optimized virtual_call}
  0x00007fd7c2fe7704: c5f8 77e8 

  0x00007fd7c2fe7708: ; ImmutableOopMap {rbp=Oop [8]=Oop [16]=Oop [28]=NarrowOop }
                      ;*invokevirtual flush {reexecute=0 rethrow=0 return_oop=0}
                      ; - org.eclipse.rdf4j.sail.base.SailSourceBranch::autoFlush@30 (line 392)
                      ; - org.eclipse.rdf4j.sail.base.SailSourceBranch$2::close@39 (line 253)
  0x00007fd7c2fe7708: 2415 0000 

  0x00007fd7c2fe770c: ;   {other}
  0x00007fd7c2fe770c: 0f1f 8400 | fc0a 0006 | 448b 5c24 | 1c45 8b5b | 1045 85db | 0f84 a00c | 0000 4c8b | 5424 084c 
  0x00007fd7c2fe772c: 8954 2410 | 4c8b c544 | 8b74 2418 | e964 fcff | ff48 895c | 2428 894c | 2420 4489 | 7424 1c44 
  0x00007fd7c2fe774c: 894c 2418 | 498b e84c | 8b54 2410 | 4c89 5424 | 084d 8bd3 | 4c89 5424 | 3044 895c | 2410 498b 
  0x00007fd7c2fe776c: f233 d241 | 8bce 6690 

  0x00007fd7c2fe7774: ;   {optimized virtual_call}
  0x00007fd7c2fe7774: c5f8 77e8 

  0x00007fd7c2fe7778: ; ImmutableOopMap {rbp=Oop [8]=Oop [16]=NarrowOop [24]=NarrowOop [32]=NarrowOop [40]=Oop [48]=Oop }
                      ;*invokevirtual compareAndSetState {reexecute=0 rethrow=0 return_oop=0}
                      ; - java.util.concurrent.locks.ReentrantLock$Sync::tryLock@16 (line 129)
                      ; - java.util.concurrent.locks.ReentrantLock::tryLock@4 (line 402)
                      ; - org.eclipse.rdf4j.sail.base.SailSourceBranch::autoFlush@11 (line 389)
                      ; - org.eclipse.rdf4j.sail.base.SailSourceBranch$2::close@39 (line 253)
  0x00007fd7c2fe7778: 0470 46fc 

  0x00007fd7c2fe777c: ;   {other}
  0x00007fd7c2fe777c: 0f1f 8400 | 6c0b 0007 | 85c0 0f84 | 200e 0000 | 4180 7f40 | 000f 8557 | 0900 0044 | 8b5c 2410 
  0x00007fd7c2fe779c: 448b 5424 | 1845 8953 | 0c4c 8bc5 | 4d8b d04c | 8b5c 2430 | 4d33 d349 | c1ea 144d | 85d2 7416 
  0x00007fd7c2fe77bc: 49c1 eb09 | 4c8b 4c24 | 484d 03cb | 4180 3902 | 0f85 5409 | 0000 4c8b | 5424 084c | 8954 2410 
  0x00007fd7c2fe77dc: 448b 7424 | 1c8b 4c24 | 2048 8b5c | 2428 e981 | fbff ff4c | 8b54 2408 | 4c89 5424 | 104c 8b44 
  0x00007fd7c2fe77fc: 2418 448b | 4c24 2044 | 8b74 2424 | 4c8b 5c24 | 3085 c90f | 84b3 0d00 | 004c 895c | 2430 4489 
  0x00007fd7c2fe781c: 7424 2444 | 894c 2420 | 4c89 4424 | 184c 8b54 | 2410 4c89 | 5424 0848 | 8bf1 488b | 6c24 1090 
  0x00007fd7c2fe783c: ;   {optimized virtual_call}
  0x00007fd7c2fe783c: c5f8 77e8 

  0x00007fd7c2fe7840: ; ImmutableOopMap {rbp=Oop [8]=Oop [24]=Oop [32]=NarrowOop [44]=NarrowOop [48]=Oop }
                      ;*invokevirtual removeLast {reexecute=0 rethrow=0 return_oop=1}
                      ; - org.eclipse.rdf4j.sail.base.SailSourceBranch::compressChanges@22 (line 364)
                      ; - org.eclipse.rdf4j.sail.base.SailSourceBranch$2::close@32 (line 252)
  0x00007fd7c2fe7840: 3c6f 46fc 

  0x00007fd7c2fe7844: ;   {other}
  0x00007fd7c2fe7844: 0f1f 8400 | 340c 0008 | 4c8b d844 

  0x00007fd7c2fe7850: ;   {metadata('org/eclipse/rdf4j/sail/base/Changeset$1')}
  0x00007fd7c2fe7850: 8b50 0841 | 81fa 38bb | 7a02 0f85 | f80e 0000 | 448b 5424 | 2c45 8b42 | 1445 85c0 | 0f84 6e0d 
  0x00007fd7c2fe7870: 0000 4c89 | 5c24 1049 | 8bf0 6690 

  0x00007fd7c2fe787c: ;   {optimized virtual_call}
  0x00007fd7c2fe787c: c5f8 77e8 

  0x00007fd7c2fe7880: ; ImmutableOopMap {rbp=Oop [8]=Oop [16]=Oop [24]=Oop [32]=NarrowOop [44]=NarrowOop [48]=Oop }
                      ;*invokevirtual peekLast {reexecute=0 rethrow=0 return_oop=1}
                      ; - org.eclipse.rdf4j.sail.base.SailSourceBranch::compressChanges@33 (line 365)
                      ; - org.eclipse.rdf4j.sail.base.SailSourceBranch$2::close@32 (line 252)
  0x00007fd7c2fe7880: fc6e 46fc 

  0x00007fd7c2fe7884: ;   {other}
  0x00007fd7c2fe7884: 0f1f 8400 | 740c 0009 

  0x00007fd7c2fe788c: ; implicit exception: dispatches to 0x00007fd7c2fe8acc
  0x00007fd7c2fe788c: 448b 5808 

  0x00007fd7c2fe7890: ;   {metadata('org/eclipse/rdf4j/sail/base/Changeset$1')}
  0x00007fd7c2fe7890: 4181 fb38 | bb7a 020f | 85d7 0e00 | 0048 8bf0 

  0x00007fd7c2fe78a0: ;   {optimized virtual_call}
  0x00007fd7c2fe78a0: c5f8 77e8 

  0x00007fd7c2fe78a4: ; ImmutableOopMap {rbp=Oop [8]=Oop [16]=Oop [24]=Oop [32]=NarrowOop [44]=NarrowOop [48]=Oop }
                      ;*invokevirtual isRefback {reexecute=0 rethrow=0 return_oop=0}
                      ; - org.eclipse.rdf4j.sail.base.SailSourceBranch::compressChanges@39 (line 365)
                      ; - org.eclipse.rdf4j.sail.base.SailSourceBranch$2::close@32 (line 252)
  0x00007fd7c2fe78a4: d86e 46fc 

  0x00007fd7c2fe78a8: ;   {other}
  0x00007fd7c2fe78a8: 0f1f 8400 | 980c 000a | 448b 5c24 | 2c45 8b53 | 1485 c00f | 854b 0500 | 0045 85d2 | 0f84 320d 
  0x00007fd7c2fe78c8: 0000 498b 

  0x00007fd7c2fe78cc: ;   {metadata('org/eclipse/rdf4j/sail/SailException')}
  0x00007fd7c2fe78cc: f248 bdb0 | ed4f 69d7 | 7f00 0090 

  0x00007fd7c2fe78d8: ;   {optimized virtual_call}
  0x00007fd7c2fe78d8: c5f8 77e8 

  0x00007fd7c2fe78dc: ; ImmutableOopMap {[8]=Oop [16]=Oop [24]=Oop [32]=NarrowOop [44]=NarrowOop [48]=Oop }
                      ;*invokevirtual getLast {reexecute=0 rethrow=0 return_oop=1}
                      ; - org.eclipse.rdf4j.sail.base.SailSourceBranch::compressChanges@62 (line 371)
                      ; - org.eclipse.rdf4j.sail.base.SailSourceBranch$2::close@32 (line 252)
  0x00007fd7c2fe78dc: a06e 46fc 

  0x00007fd7c2fe78e0: ;   {other}
  0x00007fd7c2fe78e0: 0f1f 8400 | d00c 000b 

  0x00007fd7c2fe78e8: ; implicit exception: dispatches to 0x00007fd7c2fe8af6
  0x00007fd7c2fe78e8: 448b 5808 

  0x00007fd7c2fe78ec: ;   {metadata('org/eclipse/rdf4j/sail/base/Changeset$1')}
  0x00007fd7c2fe78ec: 4181 fb38 | bb7a 020f | 8597 0e00 | 0048 8bd0 | 488b 7424 | 1066 6690 

  0x00007fd7c2fe7904: ;   {optimized virtual_call}
  0x00007fd7c2fe7904: c5f8 77e8 

  0x00007fd7c2fe7908: ; ImmutableOopMap {[8]=Oop [16]=Oop [24]=Oop [32]=NarrowOop [44]=NarrowOop [48]=Oop }
                      ;*invokevirtual sinkObserved {reexecute=0 rethrow=0 return_oop=0}
                      ; - org.eclipse.rdf4j.sail.base.SailSourceBranch::prepare@2 (line 470)
                      ; - org.eclipse.rdf4j.sail.base.SailSourceBranch::compressChanges@68 (line 371)
                      ; - org.eclipse.rdf4j.sail.base.SailSourceBranch$2::close@32 (line 252)
  0x00007fd7c2fe7908: 746e 46fc 

  0x00007fd7c2fe790c: ;   {other}
  0x00007fd7c2fe790c: 0f1f 8400 | fc0c 000c | 448b 5c24 | 2c45 8b53 | 1445 85d2 | 0f84 ee0c | 0000 498b | f266 6690 
  0x00007fd7c2fe792c: ;   {optimized virtual_call}
  0x00007fd7c2fe792c: c5f8 77e8 

  0x00007fd7c2fe7930: ; ImmutableOopMap {[8]=Oop [16]=Oop [24]=Oop [32]=NarrowOop [44]=NarrowOop [48]=Oop }
                      ;*invokevirtual getLast {reexecute=0 rethrow=0 return_oop=1}
                      ; - org.eclipse.rdf4j.sail.base.SailSourceBranch::compressChanges@77 (line 372)
                      ; - org.eclipse.rdf4j.sail.base.SailSourceBranch$2::close@32 (line 252)
  0x00007fd7c2fe7930: 4c6e 46fc 

  0x00007fd7c2fe7934: ;   {other}
  0x00007fd7c2fe7934: 0f1f 8400 | 240d 000d 

  0x00007fd7c2fe793c: ; implicit exception: dispatches to 0x00007fd7c2fe8b10
  0x00007fd7c2fe793c: 448b 5008 

  0x00007fd7c2fe7940: ;   {metadata('org/eclipse/rdf4j/sail/base/Changeset$1')}
  0x00007fd7c2fe7940: 4181 fa38 | bb7a 020f | 8563 0e00 | 0048 8bc8 | 488b 7424 | 3048 8b54 | 2410 6690 

  0x00007fd7c2fe795c: ;   {optimized virtual_call}
  0x00007fd7c2fe795c: c5f8 77e8 

  0x00007fd7c2fe7960: ; ImmutableOopMap {[8]=Oop [24]=Oop [32]=NarrowOop [44]=NarrowOop [48]=Oop }
                      ;*invokevirtual flush {reexecute=0 rethrow=0 return_oop=0}
                      ; - org.eclipse.rdf4j.sail.base.SailSourceBranch::compressChanges@83 (line 372)
                      ; - org.eclipse.rdf4j.sail.base.SailSourceBranch$2::close@32 (line 252)
  0x00007fd7c2fe7960: 1c6e 46fc 

  0x00007fd7c2fe7964: ;   {other}
  0x00007fd7c2fe7964: 0f1f 8400 | 540d 000e | 4d8b 9758 

  0x00007fd7c2fe7970: ; ImmutableOopMap {[8]=Oop [24]=Oop [32]=NarrowOop [44]=NarrowOop [48]=Oop }
                      ;*goto {reexecute=1 rethrow=0 return_oop=0}
                      ; - (reexecute) org.eclipse.rdf4j.sail.base.SailSourceBranch::compressChanges@99 (line 377)
                      ; - org.eclipse.rdf4j.sail.base.SailSourceBranch$2::close@32 (line 252)
                      ;   {poll}
  0x00007fd7c2fe7970: 0400 0041 | 8502 448b | 5424 2c41 | 8b4a 1444 | 8b59 1445 | 8b53 0c44 | 8b41 1044 | 2b41 0c45 
  0x00007fd7c2fe7990: 8bc8 41c1 | f91f 4523 | ca45 03c8 | 4183 f901 | 0f8f 49fe | ffff 4c8b | 5424 084c | 8954 2410 
  0x00007fd7c2fe79b0: 4c8b 4424 | 1844 8b4c | 2420 448b | 7424 24e9 | fbf8 ffff | 4533 dbe9 | 33f9 ffff | 4533 f6e9 
  0x00007fd7c2fe79d0: 7afa ffff | 8b4b 0c44 | 8b5b 104c | 8bd1 488b | 4c24 304c | 3bd1 0f84 | 8305 0000 | 4585 db74 
  0x00007fd7c2fe79f0: 3d44 894c | 2418 488b | 6c24 1049 | 8bf0 33d2 | b901 0000 | 0045 33c0 | 4533 c933 | ff45 33d2 
  0x00007fd7c2fe7a10: 4c89 1424 

  0x00007fd7c2fe7a14: ;   {optimized virtual_call}
  0x00007fd7c2fe7a14: c5f8 77e8 

  0x00007fd7c2fe7a18: ; ImmutableOopMap {rbp=Oop [16]=Oop [24]=NarrowOop [48]=Oop }
                      ;*invokevirtual acquire {reexecute=0 rethrow=0 return_oop=0}
                      ; - java.util.concurrent.locks.AbstractQueuedSynchronizer::acquire@15 (line 1024)
                      ; - java.util.concurrent.locks.ReentrantLock$Sync::lock@9 (line 153)
                      ; - java.util.concurrent.locks.ReentrantLock::lock@4 (line 322)
                      ; - org.eclipse.rdf4j.sail.base.SailSourceBranch$2::close@11 (line 250)
  0x00007fd7c2fe7a18: 8478 dbff 

  0x00007fd7c2fe7a1c: ;   {other}
  0x00007fd7c2fe7a1c: 0f1f 8400 | 0c0e 0010 | 448b 4c24 | 18e9 e2f6 | ffff 33c0 | 41ba 0100 | 0000 f044 | 0fb1 5310 
  0x00007fd7c2fe7a3c: 410f 94c3 | 450f b6db | 4585 db74 | a841 807f | 4000 0f85 | 0408 0000 | 4489 4b0c | 4c8b 5424 
  0x00007fd7c2fe7a5c: 304d 8bd8 | 4d33 d349 | c1ea 144d | 85d2 0f84 | a0f6 ffff | 49c1 eb09 | 48bf 0000 | 60d5 d77f 
  0x00007fd7c2fe7a7c: 0000 4903 | fb80 3f02 | 0f84 86f6 | ffff 4d8b | 5748 4d8b | 5f58 f083 | 4424 c000 | 803f 000f 
  0x00007fd7c2fe7a9c: 846f f6ff | ff44 8827 | 4d85 d275 | 2645 8bf1 | 498b f7c5 | f877 49ba | 9083 d9d7 | d77f 0000 
  0x00007fd7c2fe7abc: ;   {other}
  0x00007fd7c2fe7abc: 41ff d20f | 1f84 0000 | 0000 0045 | 8bce e941 | f6ff ff4b | 897c 13f8 | 4983 c2f8 | 4d89 5748 
  0x00007fd7c2fe7adc: e92f f6ff | ff8b 4b0c | 448b 4b10 | 4c8b 4424 | 3049 3bc8 | 0f84 a703 | 0000 4585 | c974 574c 
  0x00007fd7c2fe7afc: 895c 2420 | 4489 7424 | 1848 8b6c | 2410 498b | f233 d241 | 8bce 4533 | c045 33c9 | 33ff 4533 
  0x00007fd7c2fe7b1c: d24c 8914 | 2466 6690 

  0x00007fd7c2fe7b24: ;   {optimized virtual_call}
  0x00007fd7c2fe7b24: c5f8 77e8 

  0x00007fd7c2fe7b28: ; ImmutableOopMap {rbp=Oop [32]=Oop [40]=NarrowOop [44]=NarrowOop [48]=Oop }
                      ;*invokevirtual acquire {reexecute=0 rethrow=0 return_oop=0}
                      ; - java.util.concurrent.locks.AbstractQueuedSynchronizer::acquire@15 (line 1024)
                      ; - java.util.concurrent.locks.ReentrantLock$Sync::lock@9 (line 153)
                      ; - java.util.concurrent.locks.ReentrantLock::lock@4 (line 322)
                      ; - org.eclipse.rdf4j.sail.base.SailSourceBranch::compressChanges@4 (line 362)
                      ; - org.eclipse.rdf4j.sail.base.SailSourceBranch$2::close@32 (line 252)
  0x00007fd7c2fe7b28: 546c 46fc 

  0x00007fd7c2fe7b2c: ;   {other}
  0x00007fd7c2fe7b2c: 0f1f 8400 | 1c0f 0011 | 4889 6c24 | 104c 8b44 | 2430 448b | 4c24 2844 | 8b74 2418 | 4c8b 5c24 
  0x00007fd7c2fe7b4c: 20e9 46f7 | ffff 33c0 | f044 0fb1 | 7310 410f | 94c1 450f | b6c9 4585 | c974 9441 | 807f 4000 
  0x00007fd7c2fe7b6c: 0f85 1907 | 0000 448b | 4c24 2844 | 894b 0c49 | 8bc8 4933 | ca48 c1e9 | 1448 85c9 | 0f84 0af7 
  0x00007fd7c2fe7b8c: ffff 49c1 | ea09 48bf | 0000 60d5 | d77f 0000 | 4903 fa80 | 3f02 0f84 | f0f6 ffff | 4d8b 5748 
  0x00007fd7c2fe7bac: 498b 4f58 | f083 4424 | c000 803f | 000f 84d9 | f6ff ff44 | 8827 4d85 | d275 364c | 895c 2418 
  0x00007fd7c2fe7bcc: 458b e949 | 8be8 498b | f7c5 f877 | 49ba 9083 | d9d7 d77f | 0000 41ff 

  0x00007fd7c2fe7be4: ;   {other}
  0x00007fd7c2fe7be4: d20f 1f84 | 0000 0000 | 004c 8bc5 | 458b cd4c | 8b5c 2418 | e99b f6ff | ff4a 897c | 11f8 4983 
  0x00007fd7c2fe7c04: c2f8 4d89 | 5748 e989 | f6ff ff45 | 33d2 e9c1 | f7ff ff44 | 8b5c 2418 | 458b 5c9b | 0c45 85db 
  0x00007fd7c2fe7c24: 0f84 e3f5 | ffff 4d8b | 5728 498b | fb4d 85d2 | 0f84 a206 | 0000 4d8b | 5f38 4b89 | 7c13 f849 
  0x00007fd7c2fe7c44: 83c2 f84d | 8957 28e9 | bdf5 ffff | 448b 530c | 4585 d20f | 8481 f4ff | ff4d 8b5f | 2849 8bfa 
  0x00007fd7c2fe7c64: 4d85 db0f | 848f 0600 | 004d 8b57 | 384b 897c | 1af8 4983 | c3f8 4d89 | 5f28 e95b | f4ff ff44 
  0x00007fd7c2fe7c84: 8b4b 0c45 | 85c9 0f84 | d1f5 ffff | 4d8b 4728 | 498b f94d | 85c0 0f84 | 8c06 0000 | 4d8b 4f38 
  0x00007fd7c2fe7ca4: 4b89 7c01 | f849 83c0 | f84d 8947 | 28e9 abf5 | ffff 4d8b | 5748 4d8b | 5f58 f083 | 4424 c000 
  0x00007fd7c2fe7cc4: 803f 000f | 8443 f4ff | ff44 8827 | 4d85 d275 | 2645 8bf1 | 498b f7c5 | f877 49ba | 9083 d9d7 
  0x00007fd7c2fe7ce4: ;   {no_reloc}
  0x00007fd7c2fe7ce4: d77f 0000 

  0x00007fd7c2fe7ce8: ;   {other}
  0x00007fd7c2fe7ce8: 41ff d20f | 1f84 0000 | 0000 0045 | 8bce e915 | f4ff ff4b | 897c 13f8 | 4983 c2f8 | 4d89 5748 
  0x00007fd7c2fe7d08: e903 f4ff | ff4d 8b57 | 4849 8b4f | 58f0 8344 | 24c0 0080 | 3f00 0f84 | 74f5 ffff | 4488 274d 
  0x00007fd7c2fe7d28: 85d2 7536 | 4c89 5c24 | 1845 8be9 | 498b e849 | 8bf7 c5f8 | 7749 ba90 | 83d9 d7d7 | 7f00 0041 
  0x00007fd7c2fe7d48: ;   {other}
  0x00007fd7c2fe7d48: ffd2 0f1f | 8400 0000 | 0000 4c8b | c545 8bcd | 4c8b 5c24 | 18e9 36f5 | ffff 4a89 | 7c11 f849 
  0x00007fd7c2fe7d68: 83c2 f84d | 8957 48e9 | 24f5 ffff | 418b 4a0c | 85c9 0f84 | 75f5 ffff | 4d8b 5f28 | 488b f94d 
  0x00007fd7c2fe7d88: 85db 0f84 | d005 0000 | 498b 4f38 | 4a89 7c19 | f849 83c3 | f84d 895f | 28e9 4ff5 | ffff 448b 
  0x00007fd7c2fe7da8: 590c 4585 | db0f 8497 | f6ff ff4d | 8b57 2849 | 8bfb 4d85 | d20f 84dd | 0500 004d | 8b5f 384b 
  0x00007fd7c2fe7dc8: 897c 13f8 | 4983 c2f8 | 4d89 5728 | e971 f6ff | ff45 8b51 | 0c45 85d2 | 0f84 e8f5 | ffff 4d8b 
  0x00007fd7c2fe7de8: 5f28 498b | fa4d 85db | 0f84 6206 | 0000 4d8b | 5738 4b89 | 7c1a f849 | 83c3 f84d | 895f 28e9 
  0x00007fd7c2fe7e08: c2f5 ffff | 4585 d20f | 84ab 0800 | 0049 8bf2 | 488b 5424 | 1066 6690 

  0x00007fd7c2fe7e20: ;   {optimized virtual_call}
  0x00007fd7c2fe7e20: c5f8 77e8 

  0x00007fd7c2fe7e24: ; ImmutableOopMap {rbp=Oop [8]=Oop [24]=Oop [32]=NarrowOop [44]=NarrowOop [48]=Oop }
                      ;*invokevirtual addLast {reexecute=0 rethrow=0 return_oop=0}
                      ; - org.eclipse.rdf4j.sail.base.SailSourceBranch::compressChanges@50 (line 366)
                      ; - org.eclipse.rdf4j.sail.base.SailSourceBranch$2::close@32 (line 252)
  0x00007fd7c2fe7e24: 5869 46fc 

  0x00007fd7c2fe7e28: ;   {other}
  0x00007fd7c2fe7e28: 0f1f 8400 | 1812 0012 | 4889 6c24 | 104c 8b44 | 2418 448b | 4c24 2044 | 8b74 2424 | e976 f4ff 
  0x00007fd7c2fe7e48: ff44 8bc3 | 452b c241 | 8d68 ff44 | 3beb 0f82 | 7c08 0000 | 443b 6c24 | 2c0f 8271 | 0800 0085 
  0x00007fd7c2fe7e68: ed0f 8c69 | 0800 0041 | 83f8 010f | 8477 f3ff | ff48 83c7 | 1448 63d5 | c5f8 7749 | bac0 3b43 
  0x00007fd7c2fe7e88: bfd7 7f00 | 0041 ffd2 

  0x00007fd7c2fe7e90: ;   {other}
  0x00007fd7c2fe7e90: 0f1f 8400 | 0000 0000 | e953 f3ff | ff41 ffc1 | 4585 c97c | 1444 894b | 10f0 8344 | 24c0 0044 
  0x00007fd7c2fe7eb0: 8b4c 2428 | e9df f3ff | ff49 8b87 | b801 0000 | 4c8b c049 | 83c0 284d | 3b87 c801 | 0000 0f83 
  0x00007fd7c2fe7ed0: 8106 0000 | 4d89 87b8 | 0100 0041 | 0f18 8000 | 0100 0048 | c700 0100 | 0000 4c8b | c049 83c0 
  0x00007fd7c2fe7ef0: ;   {metadata('java/lang/Error')}
  0x00007fd7c2fe7ef0: 10c7 4008 | a009 0100 | 4489 600c | c5fd efc0 | b907 0000 | 00c5 f892 | f962 d1fe | 2f7f 0048 
  0x00007fd7c2fe7f10: 8be8 488b 

  0x00007fd7c2fe7f14: ;   {oop("Maximum lock count exceeded"{0x00000000ffe58000})}
  0x00007fd7c2fe7f14: f548 ba00 | 80e5 ff00 | 0000 004c | 895c 2418 | 4c89 5424 | 2066 6690 

  0x00007fd7c2fe7f2c: ;   {optimized virtual_call}
  0x00007fd7c2fe7f2c: c5f8 77e8 

  0x00007fd7c2fe7f30: ; ImmutableOopMap {rbp=Oop [16]=Oop [24]=Oop [32]=Oop [44]=NarrowOop }
                      ;*invokespecial <init> {reexecute=0 rethrow=0 return_oop=0}
                      ; - java.util.concurrent.locks.ReentrantLock$NonfairSync::initialTryLock@45 (line 231)
                      ; - java.util.concurrent.locks.ReentrantLock$Sync::lock@1 (line 152)
                      ; - java.util.concurrent.locks.ReentrantLock::lock@4 (line 322)
                      ; - org.eclipse.rdf4j.sail.base.SailSourceBranch::compressChanges@4 (line 362)
                      ; - org.eclipse.rdf4j.sail.base.SailSourceBranch$2::close@32 (line 252)
  0x00007fd7c2fe7f30: 4c68 46fc 

  0x00007fd7c2fe7f34: ;   {other}
  0x00007fd7c2fe7f34: 0f1f 8400 | 2413 0013 | 448b 5424 | 2c45 8b5a | 1045 85db | 0f84 ce07 | 0000 498b | f366 6690 
  0x00007fd7c2fe7f54: ;   {optimized virtual_call}
  0x00007fd7c2fe7f54: c5f8 77e8 

  0x00007fd7c2fe7f58: ; ImmutableOopMap {rbp=Oop [16]=Oop }
                      ;*invokevirtual unlock {reexecute=0 rethrow=0 return_oop=0}
                      ; - org.eclipse.rdf4j.sail.base.SailSourceBranch::compressChanges@117 (line 380)
                      ; - org.eclipse.rdf4j.sail.base.SailSourceBranch$2::close@32 (line 252)
  0x00007fd7c2fe7f58: 2468 46fc 

  0x00007fd7c2fe7f5c: ;   {other}
  0x00007fd7c2fe7f5c: 0f1f 8400 | 4c13 0014 | 488b c548 | 8be8 e995 | 0000 0041 | ffc3 4585 | db7c 0f44 | 895b 10f0 
  0x00007fd7c2fe7f7c: 8344 24c0 | 00e9 8af1 | ffff 498b | 87b8 0100 | 004c 8bd0 | 4983 c228 | 4d3b 97c8 | 0100 000f 
  0x00007fd7c2fe7f9c: 838b 0500 | 004d 8997 | b801 0000 | 410f 1882 | 0001 0000 | 48c7 0001 | 0000 004c | 8bd0 4983 
  0x00007fd7c2fe7fbc: ;   {metadata('java/lang/Error')}
  0x00007fd7c2fe7fbc: c210 c740 | 08a0 0901 | 0044 8960 | 0cc5 fdef | c041 b907 | 0000 00c4 | c178 92f9 | 62d1 fe2f 
  0x00007fd7c2fe7fdc: 7f02 4c89 | 4424 1848 | 8be8 488b 

  0x00007fd7c2fe7fe8: ;   {oop("Maximum lock count exceeded"{0x00000000ffe58000})}
  0x00007fd7c2fe7fe8: f548 ba00 | 80e5 ff00 | 0000 0090 

  0x00007fd7c2fe7ff4: ;   {optimized virtual_call}
  0x00007fd7c2fe7ff4: c5f8 77e8 

  0x00007fd7c2fe7ff8: ; ImmutableOopMap {rbp=Oop [16]=Oop [24]=Oop }
                      ;*invokespecial <init> {reexecute=0 rethrow=0 return_oop=0}
                      ; - java.util.concurrent.locks.ReentrantLock$NonfairSync::initialTryLock@45 (line 231)
                      ; - java.util.concurrent.locks.ReentrantLock$Sync::lock@1 (line 152)
                      ; - java.util.concurrent.locks.ReentrantLock::lock@4 (line 322)
                      ; - org.eclipse.rdf4j.sail.base.SailSourceBranch$2::close@11 (line 250)
  0x00007fd7c2fe7ff8: 8467 46fc 

  0x00007fd7c2fe7ffc: ;   {other}
  0x00007fd7c2fe7ffc: 0f1f 8400 | ec13 0015 | 4c8b 5424 | 1045 8b5a | 1045 8b53 | 1045 85d2 | 0f84 ea06 | 0000 498b 
  0x00007fd7c2fe801c: f266 6690 

  0x00007fd7c2fe8020: ;   {optimized virtual_call}
  0x00007fd7c2fe8020: c5f8 77e8 

  0x00007fd7c2fe8024: ; ImmutableOopMap {rbp=Oop }
                      ;*invokevirtual unlock {reexecute=0 rethrow=0 return_oop=0}
                      ; - org.eclipse.rdf4j.sail.base.SailSourceBranch$2::close@63 (line 255)
  0x00007fd7c2fe8024: 5867 46fc 

  0x00007fd7c2fe8028: ;   {other}
  0x00007fd7c2fe8028: 0f1f 8400 | 1814 0016 | 488b f5c5 | f877 4883 | c460 5d49 | 3ba7 d804 | 0000 0f82 | 3d00 0000 
  0x00007fd7c2fe8048: 498b ff40 | f6c4 0f0f | 8412 0000 | 0048 83ec 

  0x00007fd7c2fe8058: ;   {runtime_call}
  0x00007fd7c2fe8058: 08e8 6256 | 4315 4883 | c408 e905 

  0x00007fd7c2fe8064: ;   {runtime_call}
  0x00007fd7c2fe8064: 0000 00e8 | 5456 4315 

  0x00007fd7c2fe806c: ;   {runtime_call delayed StackOverflowError throw_exception}
  0x00007fd7c2fe806c: e90f e241 

  0x00007fd7c2fe8070: ;   {external_word}
  0x00007fd7c2fe8070: fc48 bfa7 | f179 d8d7 | 7f00 0048 

  0x00007fd7c2fe807c: ;   {runtime_call}
  0x00007fd7c2fe807c: 83e4 f0e8 | 9cfc 2315 

  0x00007fd7c2fe8084: ;   {runtime_call _rethrow_Java}
  0x00007fd7c2fe8084: f4e9 f681 | 54fc 498b | ca66 6690 | 418b 7a0c | 8bdf 83e3 | fe8b c7f0 | 410f b15a | 0c0f 94c2 
  0x00007fd7c2fe80a4: 0fb6 d249 | 8bb7 5804 

  0x00007fd7c2fe80ac: ; ImmutableOopMap {r10=NarrowOop r8=Oop r9=NarrowOop rcx=Oop [16]=Oop }
                      ;*ifeq {reexecute=1 rethrow=0 return_oop=0}
                      ; - (reexecute) jdk.internal.misc.Unsafe::getAndBitwiseAndInt@21 (line 3233)
                      ; - java.util.concurrent.locks.AbstractQueuedSynchronizer$Node::getAndUnsetStatus@10 (line 481)
                      ; - java.util.concurrent.locks.AbstractQueuedSynchronizer::signalNext@22 (line 644)
                      ; - java.util.concurrent.locks.AbstractQueuedSynchronizer::release@12 (line 1094)
                      ; - java.util.concurrent.locks.ReentrantLock::unlock@5 (line 494)
                      ; - org.eclipse.rdf4j.sail.base.SailSourceBranch::compressChanges@106 (line 380)
                      ; - org.eclipse.rdf4j.sail.base.SailSourceBranch$2::close@32 (line 252)
                      ;   {poll}
  0x00007fd7c2fe80ac: 0000 8506 | 85d2 74dc | e971 f4ff | ff4d 8bc3 | 0f1f 4000 | 418b 5b0c | 448b d341 | 83e2 fe8b 
  0x00007fd7c2fe80cc: c3f0 450f | b153 0c41 | 0f94 c145 | 0fb6 c949 | 8b8f 5804 

  0x00007fd7c2fe80e0: ; ImmutableOopMap {r11=NarrowOop r8=Oop }
                      ;*ifeq {reexecute=1 rethrow=0 return_oop=0}
                      ; - (reexecute) jdk.internal.misc.Unsafe::getAndBitwiseAndInt@21 (line 3233)
                      ; - java.util.concurrent.locks.AbstractQueuedSynchronizer$Node::getAndUnsetStatus@10 (line 481)
                      ; - java.util.concurrent.locks.AbstractQueuedSynchronizer::signalNext@22 (line 644)
                      ; - java.util.concurrent.locks.AbstractQueuedSynchronizer::release@12 (line 1094)
                      ; - java.util.concurrent.locks.ReentrantLock::unlock@5 (line 494)
                      ; - org.eclipse.rdf4j.sail.base.SailSourceBranch$2::close@49 (line 255)
                      ;   {poll}
  0x00007fd7c2fe80e0: 0000 8501 | 4585 c974 | d7e9 eef4 | ffff 448b | 5c24 1045 | 8b53 0c45 | 85d2 0f84 | 9cf6 ffff 
  0x00007fd7c2fe8100: 4d8b 4728 | 498b fa4d | 85c0 0f84 | 2005 0000 | 4d8b 5738 | 4b89 7c02 | f849 83c0 | f84d 8947 
  0x00007fd7c2fe8120: 28e9 76f6 | ffff 4d8b | 5748 4d8b | 5f58 f083 | 4424 c000 | 4180 3900 | 0f84 94f6 | ffff 4588 
  0x00007fd7c2fe8140: 214d 85d2 | 7526 498b | f949 8bf7 | c5f8 7749 | ba90 83d9 | d7d7 7f00 | 0041 ffd2 

  0x00007fd7c2fe815c: ;   {other}
  0x00007fd7c2fe815c: 0f1f 8400 | 0000 0000 | 4c8b c5e9 | 66f6 ffff | 4f89 4c13 | f849 83c2 | f84d 8957 | 48e9 54f6 
  0x00007fd7c2fe817c: ffff 488b | d90f 1f84 | 0000 0000 | 000f 1f80 | 0000 0000 | 448b 490c | 458b d141 | 83e2 fe41 
  0x00007fd7c2fe819c: 8bc1 f044 | 0fb1 510c | 410f 94c2 | 450f b6d2 | 498b bf58 

  0x00007fd7c2fe81b0: ; ImmutableOopMap {r8=Oop rcx=NarrowOop rbx=Oop [16]=Oop }
                      ;*ifeq {reexecute=1 rethrow=0 return_oop=0}
                      ; - (reexecute) jdk.internal.misc.Unsafe::getAndBitwiseAndInt@21 (line 3233)
                      ; - java.util.concurrent.locks.AbstractQueuedSynchronizer$Node::getAndUnsetStatus@10 (line 481)
                      ; - java.util.concurrent.locks.AbstractQueuedSynchronizer::signalNext@22 (line 644)
                      ; - java.util.concurrent.locks.AbstractQueuedSynchronizer::release@12 (line 1094)
                      ; - java.util.concurrent.locks.ReentrantLock::unlock@5 (line 494)
                      ; - org.eclipse.rdf4j.sail.base.SailSourceBranch::autoFlush@37 (line 395)
                      ; - org.eclipse.rdf4j.sail.base.SailSourceBranch$2::close@39 (line 253)
                      ;   {poll}
  0x00007fd7c2fe81b0: 0400 0085 | 0745 85d2 | 74d6 e9b0 | f4ff ffbe | f6ff ffff | 488b 6c24 | 1066 6690 

  0x00007fd7c2fe81cc: ;   {runtime_call UncommonTrapBlob}
  0x00007fd7c2fe81cc: c5f8 77e8 

  0x00007fd7c2fe81d0: ; ImmutableOopMap {rbp=Oop }
                      ;*invokevirtual lock {reexecute=0 rethrow=0 return_oop=0}
                      ; - java.util.concurrent.locks.ReentrantLock::lock@4 (line 322)
                      ; - org.eclipse.rdf4j.sail.base.SailSourceBranch$2::close@11 (line 250)
  0x00007fd7c2fe81d0: acf3 46fc 

  0x00007fd7c2fe81d4: ;   {other}
  0x00007fd7c2fe81d4: 0f1f 8400 | c415 001a | be76 ffff | ff48 8b6c | 2410 4c89 | 7424 0889 | 5c24 2090 

  0x00007fd7c2fe81f0: ;   {runtime_call UncommonTrapBlob}
  0x00007fd7c2fe81f0: c5f8 77e8 

  0x00007fd7c2fe81f4: ; ImmutableOopMap {rbp=Oop [8]=Oop [24]=NarrowOop }
                      ;*if_icmpge {reexecute=1 rethrow=0 return_oop=0}
                      ; - (reexecute) java.util.ArrayList::remove@42 (line 705)
                      ; - org.eclipse.rdf4j.sail.base.SailSourceBranch$2::close@22 (line 251)
  0x00007fd7c2fe81f4: 88f3 46fc 

  0x00007fd7c2fe81f8: ;   {other}
  0x00007fd7c2fe81f8: 0f1f 8400 | e815 001b | bee4 ffff | ff48 8b6c | 2410 6690 

  0x00007fd7c2fe820c: ;   {runtime_call UncommonTrapBlob}
  0x00007fd7c2fe820c: c5f8 77e8 

  0x00007fd7c2fe8210: ; ImmutableOopMap {rbp=Oop [24]=NarrowOop }
                      ;*aastore {reexecute=1 rethrow=0 return_oop=0}
                      ; - (reexecute) java.util.ArrayList::fastRemove@42 (line 724)
                      ; - java.util.ArrayList::remove@71 (line 711)
                      ; - org.eclipse.rdf4j.sail.base.SailSourceBranch$2::close@22 (line 251)
  0x00007fd7c2fe8210: 6cf3 46fc 

  0x00007fd7c2fe8214: ;   {other}
  0x00007fd7c2fe8214: 0f1f 8400 | 0416 001c | bef6 ffff | ff48 8b6c | 2410 6690 

  0x00007fd7c2fe8228: ;   {runtime_call UncommonTrapBlob}
  0x00007fd7c2fe8228: c5f8 77e8 

  0x00007fd7c2fe822c: ; ImmutableOopMap {rbp=Oop [44]=NarrowOop }
                      ;*invokevirtual lock {reexecute=0 rethrow=0 return_oop=0}
                      ; - java.util.concurrent.locks.ReentrantLock::lock@4 (line 322)
                      ; - org.eclipse.rdf4j.sail.base.SailSourceBranch::compressChanges@4 (line 362)
                      ; - org.eclipse.rdf4j.sail.base.SailSourceBranch$2::close@32 (line 252)
  0x00007fd7c2fe822c: 50f3 46fc 

  0x00007fd7c2fe8230: ;   {other}
  0x00007fd7c2fe8230: 0f1f 8400 | 2016 001d | bede ffff | ff48 8b6c | 2410 4489 | 5424 0890 

  0x00007fd7c2fe8248: ;   {runtime_call UncommonTrapBlob}
  0x00007fd7c2fe8248: c5f8 77e8 

  0x00007fd7c2fe824c: ; ImmutableOopMap {rbp=Oop [8]=NarrowOop }
                      ;*invokeinterface remove {reexecute=0 rethrow=0 return_oop=0}
                      ; - org.eclipse.rdf4j.sail.base.SailSourceBranch$2::close@22 (line 251)
  0x00007fd7c2fe824c: 30f3 46fc 

  0x00007fd7c2fe8250: ;   {other}
  0x00007fd7c2fe8250: 0f1f 8400 | 4016 001e | 448b 530c | 4585 d20f | 84ef f7ff | ff4d 8b5f | 2849 8bfa | 4d85 db0f 
  0x00007fd7c2fe8270: 84e1 0300 | 004d 8b57 | 384b 897c | 1af8 4983 | c3f8 4d89 | 5f28 e9c9 | f7ff ff44 | 8b4b 0c45 
  0x00007fd7c2fe8290: 85c9 0f84 | daf8 ffff | 498b 4f28 | 498b f948 | 85c9 0f84 | de03 0000 | 4d8b 4f38 | 4989 7c09 
  0x00007fd7c2fe82b0: f848 83c1 | f849 894f | 28e9 b4f8 | ffff be45 | ffff ff48 | 8b6c 2410 | 895c 2408 

  0x00007fd7c2fe82cc: ;   {runtime_call UncommonTrapBlob}
  0x00007fd7c2fe82cc: c5f8 77e8 

  0x00007fd7c2fe82d0: ; ImmutableOopMap {rbp=Oop }
                      ;*if_icmpge {reexecute=1 rethrow=0 return_oop=0}
                      ; - (reexecute) java.util.ArrayList::remove@42 (line 705)
                      ; - org.eclipse.rdf4j.sail.base.SailSourceBranch$2::close@22 (line 251)
  0x00007fd7c2fe82d0: acf2 46fc 

  0x00007fd7c2fe82d4: ;   {other}
  0x00007fd7c2fe82d4: 0f1f 8400 | c416 001f | 498b f7c5 | f877 49ba | 6083 d9d7 | d77f 0000 

  0x00007fd7c2fe82ec: ;   {other}
  0x00007fd7c2fe82ec: 41ff d20f | 1f84 0000 | 0000 00e9 | 11ef ffff | 4c89 4424 | 0845 8bf1 | 498b f7c5 | f877 49ba 
  0x00007fd7c2fe830c: 6083 d9d7 | d77f 0000 

  0x00007fd7c2fe8314: ;   {other}
  0x00007fd7c2fe8314: 41ff d20f | 1f84 0000 | 0000 0045 | 8bce 4c8b | 4424 08e9 | b2ed ffff | 4c89 5424 | 204c 895c 
  0x00007fd7c2fe8334: 2418 498b | f7c5 f877 | 49ba 6083 | d9d7 d77f | 0000 41ff 

  0x00007fd7c2fe8348: ;   {other}
  0x00007fd7c2fe8348: d20f 1f84 | 0000 0000 | 004c 8b5c | 2418 4c8b | 5424 20e9 | 01ef ffff | 4489 5424 | 0c44 8974 
  0x00007fd7c2fe8368: 2408 458b | f149 8be8 | 498b f7c5 | f877 49ba | 6083 d9d7 | d77f 0000 

  0x00007fd7c2fe8380: ;   {other}
  0x00007fd7c2fe8380: 41ff d20f | 1f84 0000 | 0000 004c | 8bc5 458b | ce44 8b74 | 2408 448b | 5424 0ce9 | 55ef ffff 
  0x00007fd7c2fe83a0: 448b e949 | 8bf7 c5f8 | 7749 ba60 | 83d9 d7d7 | 7f00 0041 

  0x00007fd7c2fe83b4: ;   {other}
  0x00007fd7c2fe83b4: ffd2 0f1f | 8400 0000 | 0000 418b | cde9 84f0 | ffff 4c8b | 5424 084c | 8954 2410 | bef6 ffff 
  0x00007fd7c2fe83d4: ff66 6690 

  0x00007fd7c2fe83d8: ;   {runtime_call UncommonTrapBlob}
  0x00007fd7c2fe83d8: c5f8 77e8 

  0x00007fd7c2fe83dc: ; ImmutableOopMap {[16]=Oop }
                      ;*invokevirtual unlock {reexecute=0 rethrow=0 return_oop=0}
                      ; - org.eclipse.rdf4j.sail.base.SailSourceBranch::autoFlush@37 (line 395)
                      ; - org.eclipse.rdf4j.sail.base.SailSourceBranch$2::close@39 (line 253)
  0x00007fd7c2fe83dc: a0f1 46fc 

  0x00007fd7c2fe83e0: ;   {other}
  0x00007fd7c2fe83e0: 0f1f 8400 | d017 0020 | bede ffff | ff4c 8b54 | 2410 4c89 | 5424 0889 | 4c24 1090 

  0x00007fd7c2fe83fc: ;   {runtime_call UncommonTrapBlob}
  0x00007fd7c2fe83fc: c5f8 77e8 

  0x00007fd7c2fe8400: ; ImmutableOopMap {rbp=NarrowOop [8]=Oop [16]=NarrowOop }
                      ;*invokeinterface isEmpty {reexecute=0 rethrow=0 return_oop=0}
                      ; - org.eclipse.rdf4j.sail.base.SailSourceBranch::autoFlush@21 (line 391)
                      ; - org.eclipse.rdf4j.sail.base.SailSourceBranch$2::close@39 (line 253)
  0x00007fd7c2fe8400: 7cf1 46fc 

  0x00007fd7c2fe8404: ;   {other}
  0x00007fd7c2fe8404: 0f1f 8400 | f417 0021 | be45 ffff | ff4c 8b5c | 2410 4c89 | 5c24 084c | 8944 2410 | 4489 5424 
  0x00007fd7c2fe8424: 1866 6690 

  0x00007fd7c2fe8428: ;   {runtime_call UncommonTrapBlob}
  0x00007fd7c2fe8428: c5f8 77e8 

  0x00007fd7c2fe842c: ; ImmutableOopMap {rbp=NarrowOop [8]=Oop [16]=Oop [24]=NarrowOop }
                      ;*if_acmpeq {reexecute=1 rethrow=0 return_oop=0}
                      ; - (reexecute) java.util.concurrent.locks.ReentrantLock$Sync::tryRelease@14 (line 174)
                      ; - java.util.concurrent.locks.AbstractQueuedSynchronizer::release@2 (line 1093)
                      ; - java.util.concurrent.locks.ReentrantLock::unlock@5 (line 494)
                      ; - org.eclipse.rdf4j.sail.base.SailSourceBranch::compressChanges@106 (line 380)
                      ; - org.eclipse.rdf4j.sail.base.SailSourceBranch$2::close@32 (line 252)
  0x00007fd7c2fe842c: 50f1 46fc 

  0x00007fd7c2fe8430: ;   {other}
  0x00007fd7c2fe8430: 0f1f 8400 | 2018 0022 | be45 ffff | ff4c 8944 | 2408 894c | 2410 6690 

  0x00007fd7c2fe8448: ;   {runtime_call UncommonTrapBlob}
  0x00007fd7c2fe8448: c5f8 77e8 

  0x00007fd7c2fe844c: ; ImmutableOopMap {rbp=NarrowOop [8]=Oop [16]=NarrowOop }
                      ;*if_acmpeq {reexecute=1 rethrow=0 return_oop=0}
                      ; - (reexecute) java.util.concurrent.locks.ReentrantLock$Sync::tryRelease@14 (line 174)
                      ; - java.util.concurrent.locks.AbstractQueuedSynchronizer::release@2 (line 1093)
                      ; - java.util.concurrent.locks.ReentrantLock::unlock@5 (line 494)
                      ; - org.eclipse.rdf4j.sail.base.SailSourceBranch$2::close@49 (line 255)
  0x00007fd7c2fe844c: 30f1 46fc 

  0x00007fd7c2fe8450: ;   {other}
  0x00007fd7c2fe8450: 0f1f 8400 | 4018 0023 | 4489 4c24 | 0849 8be8 | 498b f7c5 | f877 49ba | 6083 d9d7 | d77f 0000 
  0x00007fd7c2fe8470: ;   {other}
  0x00007fd7c2fe8470: 41ff d20f | 1f84 0000 | 0000 004c | 8bc5 448b | 4c24 08e9 | 46ef ffff | be45 ffff | ff4c 8b54 
  0x00007fd7c2fe8490: 2410 4c89 | 5424 084c | 8944 2410 | 894c 2418 

  0x00007fd7c2fe84a0: ;   {runtime_call UncommonTrapBlob}
  0x00007fd7c2fe84a0: c5f8 77e8 

  0x00007fd7c2fe84a4: ; ImmutableOopMap {rbp=NarrowOop [8]=Oop [16]=Oop [24]=NarrowOop }
                      ;*if_acmpne {reexecute=1 rethrow=0 return_oop=0}
                      ; - (reexecute) java.util.concurrent.locks.ReentrantLock$Sync::tryLock@34 (line 133)
                      ; - java.util.concurrent.locks.ReentrantLock::tryLock@4 (line 402)
                      ; - org.eclipse.rdf4j.sail.base.SailSourceBranch::autoFlush@11 (line 389)
                      ; - org.eclipse.rdf4j.sail.base.SailSourceBranch$2::close@39 (line 253)
  0x00007fd7c2fe84a4: d8f0 46fc 

  0x00007fd7c2fe84a8: ;   {other}
  0x00007fd7c2fe84a8: 0f1f 8400 | 9818 0024 | be45 ffff | ff4c 8b54 | 2410 4c89 | 5424 084c | 8944 2410 | 4489 4c24 
  0x00007fd7c2fe84c8: 1866 6690 

  0x00007fd7c2fe84cc: ;   {runtime_call UncommonTrapBlob}
  0x00007fd7c2fe84cc: c5f8 77e8 

  0x00007fd7c2fe84d0: ; ImmutableOopMap {rbp=NarrowOop [8]=Oop [16]=Oop [24]=NarrowOop }
                      ;*if_acmpeq {reexecute=1 rethrow=0 return_oop=0}
                      ; - (reexecute) java.util.concurrent.locks.ReentrantLock$Sync::tryRelease@14 (line 174)
                      ; - java.util.concurrent.locks.AbstractQueuedSynchronizer::release@2 (line 1093)
                      ; - java.util.concurrent.locks.ReentrantLock::unlock@5 (line 494)
                      ; - org.eclipse.rdf4j.sail.base.SailSourceBranch::autoFlush@37 (line 395)
                      ; - org.eclipse.rdf4j.sail.base.SailSourceBranch$2::close@39 (line 253)
  0x00007fd7c2fe84d0: acf0 46fc 

  0x00007fd7c2fe84d4: ;   {other}
  0x00007fd7c2fe84d4: 0f1f 8400 | c418 0025 | be45 ffff | ff89 4c24 | 0889 7c24 | 0c66 6690 

  0x00007fd7c2fe84ec: ;   {runtime_call UncommonTrapBlob}
  0x00007fd7c2fe84ec: c5f8 77e8 

  0x00007fd7c2fe84f0: ; ImmutableOopMap {[8]=NarrowOop [16]=Oop }
                      ;*ifge {reexecute=1 rethrow=0 return_oop=0}
                      ; - (reexecute) java.util.concurrent.locks.ReentrantLock$Sync::tryLock@41 (line 134)
                      ; - java.util.concurrent.locks.ReentrantLock::tryLock@4 (line 402)
                      ; - org.eclipse.rdf4j.sail.base.SailSourceBranch::autoFlush@11 (line 389)
                      ; - org.eclipse.rdf4j.sail.base.SailSourceBranch$2::close@39 (line 253)
  0x00007fd7c2fe84f0: 8cf0 46fc 

  0x00007fd7c2fe84f4: ;   {other}
  0x00007fd7c2fe84f4: 0f1f 8400 | e418 0026 | be45 ffff | ff66 6690 

  0x00007fd7c2fe8504: ;   {runtime_call UncommonTrapBlob}
  0x00007fd7c2fe8504: c5f8 77e8 

  0x00007fd7c2fe8508: ; ImmutableOopMap {rbp=NarrowOop [16]=Oop }
                      ;*ifeq {reexecute=1 rethrow=0 return_oop=0}
                      ; - (reexecute) java.util.concurrent.locks.LockSupport::unpark@8 (line 178)
                      ; - java.util.concurrent.locks.AbstractQueuedSynchronizer::signalNext@30 (line 645)
                      ; - java.util.concurrent.locks.AbstractQueuedSynchronizer::release@12 (line 1094)
                      ; - java.util.concurrent.locks.ReentrantLock::unlock@5 (line 494)
                      ; - org.eclipse.rdf4j.sail.base.SailSourceBranch::compressChanges@106 (line 380)
                      ; - org.eclipse.rdf4j.sail.base.SailSourceBranch$2::close@32 (line 252)
  0x00007fd7c2fe8508: 74f0 46fc 

  0x00007fd7c2fe850c: ;   {other}
  0x00007fd7c2fe850c: 0f1f 8400 | fc18 0027 | be45 ffff | ff66 6690 

  0x00007fd7c2fe851c: ;   {runtime_call UncommonTrapBlob}
  0x00007fd7c2fe851c: c5f8 77e8 

  0x00007fd7c2fe8520: ; ImmutableOopMap {rbp=NarrowOop }
                      ;*ifeq {reexecute=1 rethrow=0 return_oop=0}
                      ; - (reexecute) java.util.concurrent.locks.LockSupport::unpark@8 (line 178)
                      ; - java.util.concurrent.locks.AbstractQueuedSynchronizer::signalNext@30 (line 645)
                      ; - java.util.concurrent.locks.AbstractQueuedSynchronizer::release@12 (line 1094)
                      ; - java.util.concurrent.locks.ReentrantLock::unlock@5 (line 494)
                      ; - org.eclipse.rdf4j.sail.base.SailSourceBranch$2::close@49 (line 255)
  0x00007fd7c2fe8520: 5cf0 46fc 

  0x00007fd7c2fe8524: ;   {other}
  0x00007fd7c2fe8524: 0f1f 8400 | 1419 0028 

  0x00007fd7c2fe852c: ;   {metadata('java/lang/Error')}
  0x00007fd7c2fe852c: 48be a009 | 0167 d77f | 0000 488b | 6c24 104c | 8944 2418 

  0x00007fd7c2fe8540: ;   {runtime_call _new_instance_Java}
  0x00007fd7c2fe8540: c5f8 77e8 

  0x00007fd7c2fe8544: ; ImmutableOopMap {rbp=Oop [16]=Oop [24]=Oop }
                      ;*new {reexecute=0 rethrow=0 return_oop=1}
                      ; - java.util.concurrent.locks.ReentrantLock$NonfairSync::initialTryLock@39 (line 231)
                      ; - java.util.concurrent.locks.ReentrantLock$Sync::lock@1 (line 152)
                      ; - java.util.concurrent.locks.ReentrantLock::lock@4 (line 322)
                      ; - org.eclipse.rdf4j.sail.base.SailSourceBranch$2::close@11 (line 250)
  0x00007fd7c2fe8544: b813 54fc 

  0x00007fd7c2fe8548: ;   {other}
  0x00007fd7c2fe8548: 0f1f 8400 | 3819 0029 | e98e faff | ff4c 8954 | 2420 4c89 | 5c24 1848 | 8b6c 2410 

  0x00007fd7c2fe8564: ;   {metadata('java/lang/Error')}
  0x00007fd7c2fe8564: 48be a009 | 0167 d77f | 0000 6690 

  0x00007fd7c2fe8570: ;   {runtime_call _new_instance_Java}
  0x00007fd7c2fe8570: c5f8 77e8 

  0x00007fd7c2fe8574: ; ImmutableOopMap {rbp=Oop [24]=Oop [32]=Oop [44]=NarrowOop }
                      ;*new {reexecute=0 rethrow=0 return_oop=1}
                      ; - java.util.concurrent.locks.ReentrantLock$NonfairSync::initialTryLock@39 (line 231)
                      ; - java.util.concurrent.locks.ReentrantLock$Sync::lock@1 (line 152)
                      ; - java.util.concurrent.locks.ReentrantLock::lock@4 (line 322)
                      ; - org.eclipse.rdf4j.sail.base.SailSourceBranch::compressChanges@4 (line 362)
                      ; - org.eclipse.rdf4j.sail.base.SailSourceBranch$2::close@32 (line 252)
  0x00007fd7c2fe8574: 8813 54fc 

  0x00007fd7c2fe8578: ;   {other}
  0x00007fd7c2fe8578: 0f1f 8400 | 6819 002a | 4889 6c24 | 104c 8b5c | 2418 4c8b | 5424 20e9 | 7bf9 ffff | be45 ffff 
  0x00007fd7c2fe8598: ff66 6690 

  0x00007fd7c2fe859c: ;   {runtime_call UncommonTrapBlob}
  0x00007fd7c2fe859c: c5f8 77e8 

  0x00007fd7c2fe85a0: ; ImmutableOopMap {rbp=NarrowOop [16]=Oop }
                      ;*ifeq {reexecute=1 rethrow=0 return_oop=0}
                      ; - (reexecute) java.util.concurrent.locks.LockSupport::unpark@8 (line 178)
                      ; - java.util.concurrent.locks.AbstractQueuedSynchronizer::signalNext@30 (line 645)
                      ; - java.util.concurrent.locks.AbstractQueuedSynchronizer::release@12 (line 1094)
                      ; - java.util.concurrent.locks.ReentrantLock::unlock@5 (line 494)
                      ; - org.eclipse.rdf4j.sail.base.SailSourceBranch::autoFlush@37 (line 395)
                      ; - org.eclipse.rdf4j.sail.base.SailSourceBranch$2::close@39 (line 253)
  0x00007fd7c2fe85a0: dcef 46fc 

  0x00007fd7c2fe85a4: ;   {other}
  0x00007fd7c2fe85a4: 0f1f 8400 | 9419 002b | be45 ffff | ff48 8b6c | 2408 6690 

  0x00007fd7c2fe85b8: ;   {runtime_call UncommonTrapBlob}
  0x00007fd7c2fe85b8: c5f8 77e8 

  0x00007fd7c2fe85bc: ; ImmutableOopMap {rbp=Oop }
                      ;*ifeq {reexecute=1 rethrow=0 return_oop=0}
                      ; - (reexecute) org.eclipse.rdf4j.sail.base.SailSourceBranch::autoFlush@14 (line 389)
                      ; - org.eclipse.rdf4j.sail.base.SailSourceBranch$2::close@39 (line 253)
  0x00007fd7c2fe85bc: c0ef 46fc 

  0x00007fd7c2fe85c0: ;   {other}
  0x00007fd7c2fe85c0: 0f1f 8400 | b019 002c | bef6 ffff | ff66 6690 

  0x00007fd7c2fe85d0: ;   {runtime_call UncommonTrapBlob}
  0x00007fd7c2fe85d0: c5f8 77e8 

  0x00007fd7c2fe85d4: ; ImmutableOopMap {[16]=Oop [44]=NarrowOop }
                      ;*invokevirtual removeLast {reexecute=0 rethrow=0 return_oop=0}
                      ; - org.eclipse.rdf4j.sail.base.SailSourceBranch::compressChanges@22 (line 364)
                      ; - org.eclipse.rdf4j.sail.base.SailSourceBranch$2::close@32 (line 252)
  0x00007fd7c2fe85d4: a8ef 46fc 

  0x00007fd7c2fe85d8: ;   {other}
  0x00007fd7c2fe85d8: 0f1f 8400 | c819 002d | bef6 ffff | ff4c 895c | 2410 6690 

  0x00007fd7c2fe85ec: ;   {runtime_call UncommonTrapBlob}
  0x00007fd7c2fe85ec: c5f8 77e8 

  0x00007fd7c2fe85f0: ; ImmutableOopMap {rbp=Oop [16]=Oop [44]=NarrowOop }
                      ;*invokevirtual peekLast {reexecute=0 rethrow=0 return_oop=0}
                      ; - org.eclipse.rdf4j.sail.base.SailSourceBranch::compressChanges@33 (line 365)
                      ; - org.eclipse.rdf4j.sail.base.SailSourceBranch$2::close@32 (line 252)
  0x00007fd7c2fe85f0: 8cef 46fc 

  0x00007fd7c2fe85f4: ;   {other}
  0x00007fd7c2fe85f4: 0f1f 8400 | e419 002e | bef6 ffff | ff66 6690 

  0x00007fd7c2fe8604: ;   {runtime_call UncommonTrapBlob}
  0x00007fd7c2fe8604: c5f8 77e8 

  0x00007fd7c2fe8608: ; ImmutableOopMap {rbp=Oop [16]=Oop [44]=NarrowOop }
                      ;*invokevirtual getLast {reexecute=0 rethrow=0 return_oop=0}
                      ; - org.eclipse.rdf4j.sail.base.SailSourceBranch::compressChanges@62 (line 371)
                      ; - org.eclipse.rdf4j.sail.base.SailSourceBranch$2::close@32 (line 252)
  0x00007fd7c2fe8608: 74ef 46fc 

  0x00007fd7c2fe860c: ;   {other}
  0x00007fd7c2fe860c: 0f1f 8400 | fc19 002f | bef6 ffff | ff48 8b6c | 2408 6690 

  0x00007fd7c2fe8620: ;   {runtime_call UncommonTrapBlob}
  0x00007fd7c2fe8620: c5f8 77e8 

  0x00007fd7c2fe8624: ; ImmutableOopMap {rbp=Oop [16]=Oop [44]=NarrowOop }
                      ;*invokevirtual getLast {reexecute=0 rethrow=0 return_oop=0}
                      ; - org.eclipse.rdf4j.sail.base.SailSourceBranch::compressChanges@77 (line 372)
                      ; - org.eclipse.rdf4j.sail.base.SailSourceBranch$2::close@32 (line 252)
  0x00007fd7c2fe8624: 58ef 46fc 

  0x00007fd7c2fe8628: ;   {other}
  0x00007fd7c2fe8628: 0f1f 8400 | 181a 0030 | 458b eb49 | 8bf7 c5f8 | 7749 ba60 | 83d9 d7d7 | 7f00 0041 

  0x00007fd7c2fe8644: ;   {other}
  0x00007fd7c2fe8644: ffd2 0f1f | 8400 0000 | 0000 458b | dde9 46f1 | ffff 4c89 | 4424 0845 | 8bf1 498b | f7c5 f877 
  0x00007fd7c2fe8664: 49ba 6083 | d9d7 d77f | 0000 41ff 

  0x00007fd7c2fe8670: ;   {other}
  0x00007fd7c2fe8670: d20f 1f84 | 0000 0000 | 0045 8bce | 4c8b 4424 | 08e9 cef3 | ffff 4c89 | 5424 204c | 895c 2418 
  0x00007fd7c2fe8690: 4d8b e849 | 8bf7 c5f8 | 7749 ba60 | 83d9 d7d7 | 7f00 0041 

  0x00007fd7c2fe86a4: ;   {other}
  0x00007fd7c2fe86a4: ffd2 0f1f | 8400 0000 | 0000 4d8b | c54c 8b5c | 2418 4c8b | 5424 20e9 | b2f4 ffff | bef6 ffff 
  0x00007fd7c2fe86c4: ff66 6690 

  0x00007fd7c2fe86c8: ;   {runtime_call UncommonTrapBlob}
  0x00007fd7c2fe86c8: c5f8 77e8 

  0x00007fd7c2fe86cc: ; ImmutableOopMap {rbp=Oop [16]=Oop [44]=NarrowOop }
                      ;*invokevirtual addLast {reexecute=0 rethrow=0 return_oop=0}
                      ; - org.eclipse.rdf4j.sail.base.SailSourceBranch::compressChanges@50 (line 366)
                      ; - org.eclipse.rdf4j.sail.base.SailSourceBranch$2::close@32 (line 252)
  0x00007fd7c2fe86cc: b0ee 46fc 

  0x00007fd7c2fe86d0: ;   {other}
  0x00007fd7c2fe86d0: 0f1f 8400 | c01a 0031 | becc ffff | ff48 8954 | 2408 4c89 | 7424 1044 | 895c 2420 | 4489 5424 
  0x00007fd7c2fe86f0: 2866 6690 

  0x00007fd7c2fe86f4: ;   {runtime_call UncommonTrapBlob}
  0x00007fd7c2fe86f4: c5f8 77e8 

  0x00007fd7c2fe86f8: ; ImmutableOopMap {[8]=Oop [16]=Oop [24]=NarrowOop }
                      ;*invokestatic arraycopy {reexecute=0 rethrow=0 return_oop=0}
                      ; - java.util.ArrayList::fastRemove@31 (line 723)
                      ; - java.util.ArrayList::remove@71 (line 711)
                      ; - org.eclipse.rdf4j.sail.base.SailSourceBranch$2::close@22 (line 251)
  0x00007fd7c2fe86f8: 84ee 46fc 

  0x00007fd7c2fe86fc: ;   {other}
  0x00007fd7c2fe86fc: 0f1f 8400 | ec1a 0032 | bef6 ffff | ff66 6690 

  0x00007fd7c2fe870c: ;   {runtime_call UncommonTrapBlob}
  0x00007fd7c2fe870c: c5f8 77e8 

  0x00007fd7c2fe8710: ; ImmutableOopMap {rbp=Oop }
                      ;*invokevirtual unlock {reexecute=0 rethrow=0 return_oop=0}
                      ; - org.eclipse.rdf4j.sail.base.SailSourceBranch$2::close@63 (line 255)
  0x00007fd7c2fe8710: 6cee 46fc 

  0x00007fd7c2fe8714: ;   {other}
  0x00007fd7c2fe8714: 0f1f 8400 | 041b 0033 | bef6 ffff | ff66 6690 

  0x00007fd7c2fe8724: ;   {runtime_call UncommonTrapBlob}
  0x00007fd7c2fe8724: c5f8 77e8 

  0x00007fd7c2fe8728: ; ImmutableOopMap {rbp=Oop [16]=Oop }
                      ;*invokevirtual unlock {reexecute=0 rethrow=0 return_oop=0}
                      ; - org.eclipse.rdf4j.sail.base.SailSourceBranch::compressChanges@117 (line 380)
                      ; - org.eclipse.rdf4j.sail.base.SailSourceBranch$2::close@32 (line 252)
  0x00007fd7c2fe8728: 54ee 46fc 

  0x00007fd7c2fe872c: ;   {other}
  0x00007fd7c2fe872c: 0f1f 8400 | 1c1b 0034 | be45 ffff | ff48 8bea | 4489 5c24 | 0889 5c24 | 0c66 6690 

  0x00007fd7c2fe8748: ;   {runtime_call UncommonTrapBlob}
  0x00007fd7c2fe8748: c5f8 77e8 

  0x00007fd7c2fe874c: ; ImmutableOopMap {rbp=Oop }
                      ;*if_icmpge {reexecute=1 rethrow=0 return_oop=0}
                      ; - (reexecute) java.util.ArrayList::remove@42 (line 705)
                      ; - org.eclipse.rdf4j.sail.base.SailSourceBranch$2::close@22 (line 251)
  0x00007fd7c2fe874c: 30ee 46fc 

  0x00007fd7c2fe8750: ;   {other}
  0x00007fd7c2fe8750: 0f1f 8400 | 401b 0035 | bede ffff | ff48 8944 | 2410 6690 

  0x00007fd7c2fe8764: ;   {runtime_call UncommonTrapBlob}
  0x00007fd7c2fe8764: c5f8 77e8 

  0x00007fd7c2fe8768: ; ImmutableOopMap {rbp=Oop [16]=Oop [44]=NarrowOop }
                      ;*checkcast {reexecute=0 rethrow=0 return_oop=0}
                      ; - org.eclipse.rdf4j.sail.base.SailSourceBranch::compressChanges@25 (line 364)
                      ; - org.eclipse.rdf4j.sail.base.SailSourceBranch$2::close@32 (line 252)
  0x00007fd7c2fe8768: 14ee 46fc 

  0x00007fd7c2fe876c: ;   {other}
  0x00007fd7c2fe876c: 0f1f 8400 | 5c1b 0036 | bede ffff | ff48 8944 | 2418 6690 

  0x00007fd7c2fe8780: ;   {runtime_call UncommonTrapBlob}
  0x00007fd7c2fe8780: c5f8 77e8 

  0x00007fd7c2fe8784: ; ImmutableOopMap {rbp=Oop [16]=Oop [24]=Oop [44]=NarrowOop }
                      ;*checkcast {reexecute=0 rethrow=0 return_oop=0}
                      ; - org.eclipse.rdf4j.sail.base.SailSourceBranch::compressChanges@36 (line 365)
                      ; - org.eclipse.rdf4j.sail.base.SailSourceBranch$2::close@32 (line 252)
  0x00007fd7c2fe8784: f8ed 46fc 

  0x00007fd7c2fe8788: ;   {other}
  0x00007fd7c2fe8788: 0f1f 8400 | 781b 0037 | bede ffff | ff48 8b6c | 2408 4889 | 4424 2090 

  0x00007fd7c2fe87a0: ;   {runtime_call UncommonTrapBlob}
  0x00007fd7c2fe87a0: c5f8 77e8 

  0x00007fd7c2fe87a4: ; ImmutableOopMap {rbp=Oop [16]=Oop [32]=Oop [44]=NarrowOop }
                      ;*checkcast {reexecute=0 rethrow=0 return_oop=0}
                      ; - org.eclipse.rdf4j.sail.base.SailSourceBranch::compressChanges@65 (line 371)
                      ; - org.eclipse.rdf4j.sail.base.SailSourceBranch$2::close@32 (line 252)
  0x00007fd7c2fe87a4: d8ed 46fc 

  0x00007fd7c2fe87a8: ;   {other}
  0x00007fd7c2fe87a8: 0f1f 8400 | 981b 0038 | bede ffff | ff48 8b6c | 2408 4889 | 4424 1890 

  0x00007fd7c2fe87c0: ;   {runtime_call UncommonTrapBlob}
  0x00007fd7c2fe87c0: c5f8 77e8 

  0x00007fd7c2fe87c4: ; ImmutableOopMap {rbp=Oop [16]=Oop [24]=Oop [44]=NarrowOop }
                      ;*checkcast {reexecute=0 rethrow=0 return_oop=0}
                      ; - org.eclipse.rdf4j.sail.base.SailSourceBranch::compressChanges@80 (line 372)
                      ; - org.eclipse.rdf4j.sail.base.SailSourceBranch$2::close@32 (line 252)
  0x00007fd7c2fe87c4: b8ed 46fc 

  0x00007fd7c2fe87c8: ;   {other}
  0x00007fd7c2fe87c8: 0f1f 8400 | b81b 0039 | 488b f0e9 | 5bf8 ffff | bef6 ffff | ff48 8b6c | 2410 6690 

  0x00007fd7c2fe87e4: ;   {runtime_call UncommonTrapBlob}
  0x00007fd7c2fe87e4: c5f8 77e8 

  0x00007fd7c2fe87e8: ; ImmutableOopMap {rbp=Oop }
                      ;*getfield semaphore {reexecute=1 rethrow=0 return_oop=0}
                      ; - (reexecute) org.eclipse.rdf4j.sail.base.SailSourceBranch$2::close@8 (line 250)
  0x00007fd7c2fe87e8: 94ed 46fc 

  0x00007fd7c2fe87ec: ;   {other}
  0x00007fd7c2fe87ec: 0f1f 8400 | dc1b 003a | bef6 ffff | ff48 8b6c | 2410 6690 

  0x00007fd7c2fe8800: ;   {runtime_call UncommonTrapBlob}
  0x00007fd7c2fe8800: c5f8 77e8 

  0x00007fd7c2fe8804: ; ImmutableOopMap {rbp=Oop }
                      ;*invokevirtual lock {reexecute=0 rethrow=0 return_oop=0}
                      ; - org.eclipse.rdf4j.sail.base.SailSourceBranch$2::close@11 (line 250)
  0x00007fd7c2fe8804: 78ed 46fc 

  0x00007fd7c2fe8808: ;   {other}
  0x00007fd7c2fe8808: 0f1f 8400 | f81b 003b | bef6 ffff | ff48 8b6c | 2410 6690 

  0x00007fd7c2fe881c: ;   {runtime_call UncommonTrapBlob}
  0x00007fd7c2fe881c: c5f8 77e8 

  0x00007fd7c2fe8820: ; ImmutableOopMap {rbp=Oop }
                      ;*getfield observers {reexecute=1 rethrow=0 return_oop=0}
                      ; - (reexecute) org.eclipse.rdf4j.sail.base.SailSourceBranch$2::close@18 (line 251)
  0x00007fd7c2fe8820: 5ced 46fc 

  0x00007fd7c2fe8824: ;   {other}
  0x00007fd7c2fe8824: 0f1f 8400 | 141c 003c | bef6 ffff | ff48 8b6c | 2410 6690 

  0x00007fd7c2fe8838: ;   {runtime_call UncommonTrapBlob}
  0x00007fd7c2fe8838: c5f8 77e8 

  0x00007fd7c2fe883c: ; ImmutableOopMap {rbp=Oop }
                      ;*invokeinterface remove {reexecute=0 rethrow=0 return_oop=0}
                      ; - org.eclipse.rdf4j.sail.base.SailSourceBranch$2::close@22 (line 251)
  0x00007fd7c2fe883c: 40ed 46fc 

  0x00007fd7c2fe8840: ;   {other}
  0x00007fd7c2fe8840: 0f1f 8400 | 301c 003d | bef6 ffff | ff48 8b6c | 2410 6690 

  0x00007fd7c2fe8854: ;   {runtime_call UncommonTrapBlob}
  0x00007fd7c2fe8854: c5f8 77e8 

  0x00007fd7c2fe8858: ; ImmutableOopMap {rbp=Oop }
                      ;*invokevirtual compressChanges {reexecute=0 rethrow=0 return_oop=0}
                      ; - org.eclipse.rdf4j.sail.base.SailSourceBranch$2::close@32 (line 252)
  0x00007fd7c2fe8858: 24ed 46fc 

  0x00007fd7c2fe885c: ;   {other}
  0x00007fd7c2fe885c: 0f1f 8400 | 4c1c 003e | bef6 ffff | ff48 8b6c | 2410 6690 

  0x00007fd7c2fe8870: ;   {runtime_call UncommonTrapBlob}
  0x00007fd7c2fe8870: c5f8 77e8 

  0x00007fd7c2fe8874: ; ImmutableOopMap {rbp=Oop [44]=NarrowOop }
                      ;*invokevirtual lock {reexecute=0 rethrow=0 return_oop=0}
                      ; - org.eclipse.rdf4j.sail.base.SailSourceBranch::compressChanges@4 (line 362)
                      ; - org.eclipse.rdf4j.sail.base.SailSourceBranch$2::close@32 (line 252)
  0x00007fd7c2fe8874: 08ed 46fc 

  0x00007fd7c2fe8878: ;   {other}
  0x00007fd7c2fe8878: 0f1f 8400 | 681c 003f | bef6 ffff | ff66 6690 

  0x00007fd7c2fe8888: ;   {runtime_call UncommonTrapBlob}
  0x00007fd7c2fe8888: c5f8 77e8 

  0x00007fd7c2fe888c: ; ImmutableOopMap {[16]=Oop [44]=NarrowOop }
                      ;*invokevirtual size {reexecute=0 rethrow=0 return_oop=0}
                      ; - org.eclipse.rdf4j.sail.base.SailSourceBranch::compressChanges@11 (line 363)
                      ; - org.eclipse.rdf4j.sail.base.SailSourceBranch$2::close@32 (line 252)
  0x00007fd7c2fe888c: f0ec 46fc 

  0x00007fd7c2fe8890: ;   {other}
  0x00007fd7c2fe8890: 0f1f 8400 | 801c 0040 | bef6 ffff | ff66 6690 

  0x00007fd7c2fe88a0: ;   {runtime_call UncommonTrapBlob}
  0x00007fd7c2fe88a0: c5f8 77e8 

  0x00007fd7c2fe88a4: ; ImmutableOopMap {[16]=Oop [44]=NarrowOop }
                      ;*arraylength {reexecute=0 rethrow=0 return_oop=0}
                      ; - java.util.ArrayDeque::size@12 (line 648)
                      ; - org.eclipse.rdf4j.sail.base.SailSourceBranch::compressChanges@11 (line 363)
                      ; - org.eclipse.rdf4j.sail.base.SailSourceBranch$2::close@32 (line 252)
  0x00007fd7c2fe88a4: d8ec 46fc 

  0x00007fd7c2fe88a8: ;   {other}
  0x00007fd7c2fe88a8: 0f1f 8400 | 981c 0041 | bef6 ffff | ff66 6690 

  0x00007fd7c2fe88b8: ;   {runtime_call UncommonTrapBlob}
  0x00007fd7c2fe88b8: c5f8 77e8 

  0x00007fd7c2fe88bc: ; ImmutableOopMap {[16]=Oop }
                      ;*invokevirtual unlock {reexecute=0 rethrow=0 return_oop=0}
                      ; - org.eclipse.rdf4j.sail.base.SailSourceBranch::compressChanges@106 (line 380)
                      ; - org.eclipse.rdf4j.sail.base.SailSourceBranch$2::close@32 (line 252)
  0x00007fd7c2fe88bc: c0ec 46fc 

  0x00007fd7c2fe88c0: ;   {other}
  0x00007fd7c2fe88c0: 0f1f 8400 | b01c 0042 | bef6 ffff | ff66 6690 

  0x00007fd7c2fe88d0: ;   {runtime_call UncommonTrapBlob}
  0x00007fd7c2fe88d0: c5f8 77e8 

  0x00007fd7c2fe88d4: ; ImmutableOopMap {[16]=Oop }
                      ;*invokevirtual release {reexecute=0 rethrow=0 return_oop=0}
                      ; - java.util.concurrent.locks.ReentrantLock::unlock@5 (line 494)
                      ; - org.eclipse.rdf4j.sail.base.SailSourceBranch::compressChanges@106 (line 380)
                      ; - org.eclipse.rdf4j.sail.base.SailSourceBranch$2::close@32 (line 252)
  0x00007fd7c2fe88d4: a8ec 46fc 

  0x00007fd7c2fe88d8: ;   {other}
  0x00007fd7c2fe88d8: 0f1f 8400 | c81c 0043 | bef6 ffff | ff66 6690 

  0x00007fd7c2fe88e8: ;   {runtime_call UncommonTrapBlob}
  0x00007fd7c2fe88e8: c5f8 77e8 

  0x00007fd7c2fe88ec: ; ImmutableOopMap {[16]=Oop }
                      ;*invokevirtual autoFlush {reexecute=0 rethrow=0 return_oop=0}
                      ; - org.eclipse.rdf4j.sail.base.SailSourceBranch$2::close@39 (line 253)
  0x00007fd7c2fe88ec: 90ec 46fc 

  0x00007fd7c2fe88f0: ;   {other}
  0x00007fd7c2fe88f0: 0f1f 8400 | e01c 0044 | bef6 ffff | ff66 6690 

  0x00007fd7c2fe8900: ;   {runtime_call UncommonTrapBlob}
  0x00007fd7c2fe8900: c5f8 77e8 

  0x00007fd7c2fe8904: ; ImmutableOopMap {}
                      ;*invokevirtual unlock {reexecute=0 rethrow=0 return_oop=0}
                      ; - org.eclipse.rdf4j.sail.base.SailSourceBranch$2::close@49 (line 255)
  0x00007fd7c2fe8904: 78ec 46fc 

  0x00007fd7c2fe8908: ;   {other}
  0x00007fd7c2fe8908: 0f1f 8400 | f81c 0045 | bef6 ffff | ff66 6690 

  0x00007fd7c2fe8918: ;   {runtime_call UncommonTrapBlob}
  0x00007fd7c2fe8918: c5f8 77e8 

  0x00007fd7c2fe891c: ; ImmutableOopMap {}
                      ;*invokevirtual release {reexecute=0 rethrow=0 return_oop=0}
                      ; - java.util.concurrent.locks.ReentrantLock::unlock@5 (line 494)
                      ; - org.eclipse.rdf4j.sail.base.SailSourceBranch$2::close@49 (line 255)
  0x00007fd7c2fe891c: 60ec 46fc 

  0x00007fd7c2fe8920: ;   {other}
  0x00007fd7c2fe8920: 0f1f 8400 | 101d 0046 | bef6 ffff | ff89 4c24 | 0866 6690 

  0x00007fd7c2fe8934: ;   {runtime_call UncommonTrapBlob}
  0x00007fd7c2fe8934: c5f8 77e8 

  0x00007fd7c2fe8938: ; ImmutableOopMap {[8]=NarrowOop [16]=Oop }
                      ;*invokevirtual tryLock {reexecute=0 rethrow=0 return_oop=0}
                      ; - org.eclipse.rdf4j.sail.base.SailSourceBranch::autoFlush@11 (line 389)
                      ; - org.eclipse.rdf4j.sail.base.SailSourceBranch$2::close@39 (line 253)
  0x00007fd7c2fe8938: 44ec 46fc 

  0x00007fd7c2fe893c: ;   {other}
  0x00007fd7c2fe893c: 0f1f 8400 | 2c1d 0047 | bef6 ffff | ff89 4c24 | 0866 6690 

  0x00007fd7c2fe8950: ;   {runtime_call UncommonTrapBlob}
  0x00007fd7c2fe8950: c5f8 77e8 

  0x00007fd7c2fe8954: ; ImmutableOopMap {[8]=NarrowOop [16]=Oop }
                      ;*invokevirtual tryLock {reexecute=0 rethrow=0 return_oop=0}
                      ; - java.util.concurrent.locks.ReentrantLock::tryLock@4 (line 402)
                      ; - org.eclipse.rdf4j.sail.base.SailSourceBranch::autoFlush@11 (line 389)
                      ; - org.eclipse.rdf4j.sail.base.SailSourceBranch$2::close@39 (line 253)
  0x00007fd7c2fe8954: 28ec 46fc 

  0x00007fd7c2fe8958: ;   {other}
  0x00007fd7c2fe8958: 0f1f 8400 | 481d 0048 | bef6 ffff | ff89 4c24 | 0866 6690 

  0x00007fd7c2fe896c: ;   {runtime_call UncommonTrapBlob}
  0x00007fd7c2fe896c: c5f8 77e8 

  0x00007fd7c2fe8970: ; ImmutableOopMap {[8]=NarrowOop [16]=Oop }
                      ;*invokeinterface isEmpty {reexecute=0 rethrow=0 return_oop=0}
                      ; - org.eclipse.rdf4j.sail.base.SailSourceBranch::autoFlush@21 (line 391)
                      ; - org.eclipse.rdf4j.sail.base.SailSourceBranch$2::close@39 (line 253)
  0x00007fd7c2fe8970: 0cec 46fc 

  0x00007fd7c2fe8974: ;   {other}
  0x00007fd7c2fe8974: 0f1f 8400 | 641d 0049 | bef6 ffff | ff66 6690 

  0x00007fd7c2fe8984: ;   {runtime_call UncommonTrapBlob}
  0x00007fd7c2fe8984: c5f8 77e8 

  0x00007fd7c2fe8988: ; ImmutableOopMap {[16]=Oop }
                      ;*invokevirtual release {reexecute=0 rethrow=0 return_oop=0}
                      ; - java.util.concurrent.locks.ReentrantLock::unlock@5 (line 494)
                      ; - org.eclipse.rdf4j.sail.base.SailSourceBranch::autoFlush@37 (line 395)
                      ; - org.eclipse.rdf4j.sail.base.SailSourceBranch$2::close@39 (line 253)
  0x00007fd7c2fe8988: f4eb 46fc 

  0x00007fd7c2fe898c: ;   {other}
  0x00007fd7c2fe898c: 0f1f 8400 | 7c1d 004a | e9ce f5ff | ff48 8bf0 | e992 f6ff | ff48 8be8 | 4c8b 5424 | 084c 8954 
  0x00007fd7c2fe89ac: 2410 e989 | f5ff ff48 | 8be8 4c8b | 5424 084c | 8954 2410 | e977 f5ff | ff48 8be8 | 4c8b 5424 
  0x00007fd7c2fe89cc: 084c 8954 | 2410 e965 | f5ff ff44 | 8b50 0849 | bb00 0000 | 67d7 7f00 | 004d 03da | 4d8b 5358 
  0x00007fd7c2fe89ec: 4c3b d50f | 84a5 0000 | 0048 8be8 | 4c8b 5424 | 084c 8954 | 2410 e935 | f5ff ff44 | 8b58 0849 
  0x00007fd7c2fe8a0c: ba00 0000 | 67d7 7f00 | 004d 03d3 | 4d8b 5258 | 4c3b d574 | 7448 8be8 | 4c8b 5424 | 084c 8954 
  0x00007fd7c2fe8a2c: 2410 e909 | f5ff ff44 | 8b50 0849 | bb00 0000 | 67d7 7f00 | 004d 03da | 4d8b 5358 | 4c3b d574 
  0x00007fd7c2fe8a4c: 4348 8be8 | 4c8b 5424 | 084c 8954 | 2410 e9dd | f4ff ff44 | 8b58 0849 | ba00 0000 | 67d7 7f00 
  0x00007fd7c2fe8a6c: 004d 03d3 | 4d8b 5258 | 4c3b d574 | 1248 8be8 | 4c8b 5424 | 084c 8954 | 2410 e9b1 

  0x00007fd7c2fe8a88: ;   {no_reloc}
  0x00007fd7c2fe8a88: f4ff ff48 | 8be8 eb0d | 488b e8eb | 0848 8be8 | eb03 488b | e8be 4500 | 0000 6690 

  0x00007fd7c2fe8aa4: ;   {runtime_call UncommonTrapBlob}
  0x00007fd7c2fe8aa4: c5f8 77e8 

  0x00007fd7c2fe8aa8: ; ImmutableOopMap {rbp=Oop [8]=Oop [44]=NarrowOop }
                      ;*new {reexecute=0 rethrow=0 return_oop=0}
                      ; - org.eclipse.rdf4j.sail.base.SailSourceBranch::compressChanges@90 (line 375)
                      ; - org.eclipse.rdf4j.sail.base.SailSourceBranch$2::close@32 (line 252)
  0x00007fd7c2fe8aa8: d4ea 46fc 

  0x00007fd7c2fe8aac: ;   {other}
  0x00007fd7c2fe8aac: 0f1f 8400 | 9c1e 004b | bef4 ffff | ff66 6690 

  0x00007fd7c2fe8abc: ;   {runtime_call UncommonTrapBlob}
  0x00007fd7c2fe8abc: c5f8 77e8 

  0x00007fd7c2fe8ac0: ; ImmutableOopMap {rbp=Oop [44]=NarrowOop }
                      ;*checkcast {reexecute=0 rethrow=0 return_oop=0}
                      ; - org.eclipse.rdf4j.sail.base.SailSourceBranch::compressChanges@25 (line 364)
                      ; - org.eclipse.rdf4j.sail.base.SailSourceBranch$2::close@32 (line 252)
  0x00007fd7c2fe8ac0: bcea 46fc 

  0x00007fd7c2fe8ac4: ;   {other}
  0x00007fd7c2fe8ac4: 0f1f 8400 | b41e 004c | bef4 ffff | ff66 6690 

  0x00007fd7c2fe8ad4: ;   {runtime_call UncommonTrapBlob}
  0x00007fd7c2fe8ad4: c5f8 77e8 

  0x00007fd7c2fe8ad8: ; ImmutableOopMap {rbp=Oop [16]=Oop [44]=NarrowOop }
                      ;*checkcast {reexecute=0 rethrow=0 return_oop=0}
                      ; - org.eclipse.rdf4j.sail.base.SailSourceBranch::compressChanges@36 (line 365)
                      ; - org.eclipse.rdf4j.sail.base.SailSourceBranch$2::close@32 (line 252)
  0x00007fd7c2fe8ad8: a4ea 46fc 

  0x00007fd7c2fe8adc: ;   {other}
  0x00007fd7c2fe8adc: 0f1f 8400 | cc1e 004d | 488b e84c | 8b54 2408 | 4c89 5424 | 10e9 46f4 | ffff bef4 | ffff ff48 
  0x00007fd7c2fe8afc: 8b6c 2408 

  0x00007fd7c2fe8b00: ;   {runtime_call UncommonTrapBlob}
  0x00007fd7c2fe8b00: c5f8 77e8 

  0x00007fd7c2fe8b04: ; ImmutableOopMap {rbp=Oop [16]=Oop [44]=NarrowOop }
                      ;*checkcast {reexecute=0 rethrow=0 return_oop=0}
                      ; - org.eclipse.rdf4j.sail.base.SailSourceBranch::compressChanges@65 (line 371)
                      ; - org.eclipse.rdf4j.sail.base.SailSourceBranch$2::close@32 (line 252)
  0x00007fd7c2fe8b04: 78ea 46fc 

  0x00007fd7c2fe8b08: ;   {other}
  0x00007fd7c2fe8b08: 0f1f 8400 | f81e 004e | bef4 ffff | ff48 8b6c | 2408 6690 

  0x00007fd7c2fe8b1c: ;   {runtime_call UncommonTrapBlob}
  0x00007fd7c2fe8b1c: c5f8 77e8 

  0x00007fd7c2fe8b20: ; ImmutableOopMap {rbp=Oop [16]=Oop [44]=NarrowOop }
                      ;*checkcast {reexecute=0 rethrow=0 return_oop=0}
                      ; - org.eclipse.rdf4j.sail.base.SailSourceBranch::compressChanges@80 (line 372)
                      ; - org.eclipse.rdf4j.sail.base.SailSourceBranch$2::close@32 (line 252)
  0x00007fd7c2fe8b20: 5cea 46fc 

  0x00007fd7c2fe8b24: ;   {other}
  0x00007fd7c2fe8b24: 0f1f 8400 | 141f 004f | bef6 ffff | ff48 8b6c | 2408 6690 

  0x00007fd7c2fe8b38: ;   {runtime_call UncommonTrapBlob}
  0x00007fd7c2fe8b38: c5f8 77e8 

  0x00007fd7c2fe8b3c: ; ImmutableOopMap {rbp=Oop [44]=NarrowOop }
                      ;*invokevirtual size {reexecute=0 rethrow=0 return_oop=0}
                      ; - org.eclipse.rdf4j.sail.base.SailSourceBranch::compressChanges@11 (line 363)
                      ; - org.eclipse.rdf4j.sail.base.SailSourceBranch$2::close@32 (line 252)
  0x00007fd7c2fe8b3c: 40ea 46fc 

  0x00007fd7c2fe8b40: ;   {other}
  0x00007fd7c2fe8b40: 0f1f 8400 | 301f 0050 | bef6 ffff | ff48 8b6c | 2408 6690 

  0x00007fd7c2fe8b54: ;   {runtime_call UncommonTrapBlob}
  0x00007fd7c2fe8b54: c5f8 77e8 

  0x00007fd7c2fe8b58: ; ImmutableOopMap {rbp=Oop [44]=NarrowOop }
                      ;*arraylength {reexecute=0 rethrow=0 return_oop=0}
                      ; - java.util.ArrayDeque::size@12 (line 648)
                      ; - org.eclipse.rdf4j.sail.base.SailSourceBranch::compressChanges@11 (line 363)
                      ; - org.eclipse.rdf4j.sail.base.SailSourceBranch$2::close@32 (line 252)
  0x00007fd7c2fe8b58: 24ea 46fc 

  0x00007fd7c2fe8b5c: ;   {other}
  0x00007fd7c2fe8b5c: 0f1f 8400 | 4c1f 0051 | 488b f0e9 | c7f4 ffff | e9f6 f3ff | ffbe f6ff | ffff 6690 

  0x00007fd7c2fe8b78: ;   {runtime_call UncommonTrapBlob}
  0x00007fd7c2fe8b78: c5f8 77e8 

  0x00007fd7c2fe8b7c: ; ImmutableOopMap {rbp=Oop }
                      ;*getfield semaphore {reexecute=1 rethrow=0 return_oop=0}
                      ; - (reexecute) org.eclipse.rdf4j.sail.base.SailSourceBranch$2::close@60 (line 255)
  0x00007fd7c2fe8b7c: 00ea 46fc 

  0x00007fd7c2fe8b80: ;   {other}
  0x00007fd7c2fe8b80: 0f1f 8400 | 701f 0052 | eb35 eb33 | 4889 4424 | 1044 8b54 | 241c 458b | 5a10 4585 | db74 3249 
  0x00007fd7c2fe8ba0: 8bf3 488b | 6c24 0890 

  0x00007fd7c2fe8ba8: ;   {optimized virtual_call}
  0x00007fd7c2fe8ba8: c5f8 77e8 

  0x00007fd7c2fe8bac: ; ImmutableOopMap {rbp=Oop [8]=Oop [16]=Oop }
                      ;*invokevirtual unlock {reexecute=0 rethrow=0 return_oop=0}
                      ; - org.eclipse.rdf4j.sail.base.SailSourceBranch::autoFlush@48 (line 395)
                      ; - org.eclipse.rdf4j.sail.base.SailSourceBranch$2::close@39 (line 253)
  0x00007fd7c2fe8bac: d05b 46fc 

  0x00007fd7c2fe8bb0: ;   {other}
  0x00007fd7c2fe8bb0: 0f1f 8400 | a01f 0053 | 488b 4424 | 10eb 0048 | 8be8 4c8b | 5424 084c | 8954 2410 | e933 f4ff 
  0x00007fd7c2fe8bd0: ffbe f6ff | ffff 488b | 6c24 0890 

  0x00007fd7c2fe8bdc: ;   {runtime_call UncommonTrapBlob}
  0x00007fd7c2fe8bdc: c5f8 77e8 

  0x00007fd7c2fe8be0: ; ImmutableOopMap {rbp=Oop [16]=Oop }
                      ;*invokevirtual unlock {reexecute=0 rethrow=0 return_oop=0}
                      ; - org.eclipse.rdf4j.sail.base.SailSourceBranch::autoFlush@48 (line 395)
                      ; - org.eclipse.rdf4j.sail.base.SailSourceBranch$2::close@39 (line 253)
  0x00007fd7c2fe8be0: 9ce9 46fc 

  0x00007fd7c2fe8be4: ;   {other}
  0x00007fd7c2fe8be4: 0f1f 8400 | d41f 0054 | eb02 eb00 | 488b e8e9 | 0cf4 ffff | 4889 6c24 | 10eb 07eb | 0548 896c 
  0x00007fd7c2fe8c04: 2410 488b | e8e9 2ef3 

  0x00007fd7c2fe8c0c: ;   {internal_word}
  0x00007fd7c2fe8c0c: ffff 49ba | bd74 fec2 | d77f 0000 | 4d89 9768 

  0x00007fd7c2fe8c1c: ;   {runtime_call SafepointBlob}
  0x00007fd7c2fe8c1c: 0400 00e9 | dcd7 46fc 

  0x00007fd7c2fe8c24: ;   {runtime_call StubRoutines (final stubs)}
  0x00007fd7c2fe8c24: e8d7 d544 | fce9 2ce4 | ffff f4f4 
[Stub Code]
  0x00007fd7c2fe8c30: ;   {no_reloc}
  0x00007fd7c2fe8c30: 48bb e876 | 9e1b d77f 

  0x00007fd7c2fe8c38: ;   {runtime_call I2C/C2I adapters}
  0x00007fd7c2fe8c38: 0000 e944 

  0x00007fd7c2fe8c3c: ;   {static_stub}
  0x00007fd7c2fe8c3c: ab46 fc48 | bb00 0000 | 0000 0000 

  0x00007fd7c2fe8c48: ;   {runtime_call nmethod}
  0x00007fd7c2fe8c48: 00e9 fbff 

  0x00007fd7c2fe8c4c: ;   {static_stub}
  0x00007fd7c2fe8c4c: ffff 48bb | 0000 0000 | 0000 0000 

  0x00007fd7c2fe8c58: ;   {runtime_call nmethod}
  0x00007fd7c2fe8c58: e9fb ffff 

  0x00007fd7c2fe8c5c: ;   {static_stub}
  0x00007fd7c2fe8c5c: ff48 bb00 | 0000 0000 

  0x00007fd7c2fe8c64: ;   {runtime_call nmethod}
  0x00007fd7c2fe8c64: 0000 00e9 | fbff ffff 

  0x00007fd7c2fe8c6c: ;   {static_stub}
  0x00007fd7c2fe8c6c: 48bb 0000 | 0000 0000 

  0x00007fd7c2fe8c74: ;   {runtime_call nmethod}
  0x00007fd7c2fe8c74: 0000 e9fb 

  0x00007fd7c2fe8c78: ;   {static_stub}
  0x00007fd7c2fe8c78: ffff ff48 | bb00 0000 | 0000 0000 

  0x00007fd7c2fe8c84: ;   {runtime_call nmethod}
  0x00007fd7c2fe8c84: 00e9 fbff 

  0x00007fd7c2fe8c88: ;   {static_stub}
  0x00007fd7c2fe8c88: ffff 48bb | 0000 0000 | 0000 0000 

  0x00007fd7c2fe8c94: ;   {runtime_call nmethod}
  0x00007fd7c2fe8c94: e9fb ffff 

  0x00007fd7c2fe8c98: ;   {static_stub}
  0x00007fd7c2fe8c98: ff48 bb00 | 0000 0000 

  0x00007fd7c2fe8ca0: ;   {runtime_call nmethod}
  0x00007fd7c2fe8ca0: 0000 00e9 | fbff ffff 

  0x00007fd7c2fe8ca8: ;   {static_stub}
  0x00007fd7c2fe8ca8: 48bb 0000 | 0000 0000 

  0x00007fd7c2fe8cb0: ;   {runtime_call nmethod}
  0x00007fd7c2fe8cb0: 0000 e9fb 

  0x00007fd7c2fe8cb4: ;   {static_stub}
  0x00007fd7c2fe8cb4: ffff ff48 | bb00 0000 | 0000 0000 

  0x00007fd7c2fe8cc0: ;   {runtime_call nmethod}
  0x00007fd7c2fe8cc0: 00e9 fbff 

  0x00007fd7c2fe8cc4: ;   {static_stub}
  0x00007fd7c2fe8cc4: ffff 48bb | 0000 0000 | 0000 0000 

  0x00007fd7c2fe8cd0: ;   {runtime_call nmethod}
  0x00007fd7c2fe8cd0: e9fb ffff 

  0x00007fd7c2fe8cd4: ;   {static_stub}
  0x00007fd7c2fe8cd4: ff48 bb00 | 0000 0000 

  0x00007fd7c2fe8cdc: ;   {runtime_call nmethod}
  0x00007fd7c2fe8cdc: 0000 00e9 | fbff ffff 

  0x00007fd7c2fe8ce4: ;   {static_stub}
  0x00007fd7c2fe8ce4: 48bb 0000 | 0000 0000 

  0x00007fd7c2fe8cec: ;   {runtime_call nmethod}
  0x00007fd7c2fe8cec: 0000 e9fb 

  0x00007fd7c2fe8cf0: ;   {static_stub}
  0x00007fd7c2fe8cf0: ffff ff48 | bb00 0000 | 0000 0000 

  0x00007fd7c2fe8cfc: ;   {runtime_call nmethod}
  0x00007fd7c2fe8cfc: 00e9 fbff 

  0x00007fd7c2fe8d00: ;   {static_stub}
  0x00007fd7c2fe8d00: ffff 48bb | 0000 0000 | 0000 0000 

  0x00007fd7c2fe8d0c: ;   {runtime_call nmethod}
  0x00007fd7c2fe8d0c: e9fb ffff 

  0x00007fd7c2fe8d10: ;   {static_stub}
  0x00007fd7c2fe8d10: ff48 bb00 | 0000 0000 

  0x00007fd7c2fe8d18: ;   {runtime_call nmethod}
  0x00007fd7c2fe8d18: 0000 00e9 | fbff ffff 
[Exception Handler]
  0x00007fd7c2fe8d20: ;   {runtime_call ExceptionBlob}
  0x00007fd7c2fe8d20: e9db c653 | fce8 0000 | 0000 4883 

  0x00007fd7c2fe8d2c: ;   {runtime_call DeoptimizationBlob}
  0x00007fd7c2fe8d2c: 2c24 05e9 | 6ceb 46fc | f4f4 f4f4 
[/MachCode]


---------------  P R O C E S S  ---------------

Threads class SMR info:
_java_thread_list=0x0000556c449d9ea0, length=158, elements={
0x00007fd7d0019bd0, 0x00007fd7d0469000, 0x00007fd7d046a580, 0x00007fd7d046be40,
0x00007fd7d046d490, 0x00007fd7d046ea40, 0x00007fd7d0470610, 0x00007fd7d0471ce0,
0x00007fd7d047e0d0, 0x00007fd7d0480fd0, 0x00007fd7d09aaba0, 0x00007fd7d09abad0,
0x00007fd7d09acd10, 0x00007fd7d09adec0, 0x00007fd7d09af3f0, 0x00007fd7d0c1a400,
0x00007fd7d0bd1170, 0x00007fd7d0c4ef50, 0x00007fd7d0fea510, 0x00007fd7d114bdb0,
0x00007fd7d1abce20, 0x00007fd74c28c8b0, 0x00007fd74c28f870, 0x00007fd758a32eb0,
0x00007fd75432de60, 0x00007fd7608a9240, 0x00007fd7ac3e2270, 0x00007fd75432efa0,
0x00007fd7a849f2c0, 0x00007fd761172530, 0x00007fd7ac3e3550, 0x00007fd754330290,
0x00007fd7b400a070, 0x00007fd7a8a20ed0, 0x00007fd761172c40, 0x00007fd7b0018160,
0x00007fd7d263e270, 0x00007fd7d2640ce0, 0x00007fd7d2623000, 0x00007fd7d2623a30,
0x00007fd7d264b600, 0x00007fd7d264bf20, 0x00007fd7d2646d70, 0x00007fd7d265dde0,
0x00007fd7d265f1e0, 0x00007fd7d265ff20, 0x00007fd7d2662c70, 0x00007fd7d2663940,
0x00007fd7d2689410, 0x00007fd7d268a370, 0x00007fd7d268afe0, 0x00007fd750098d80,
0x00007fd7d268bcb0, 0x00007fd7d268ca30, 0x00007fd7d268d9d0, 0x00007fd7d268ec40,
0x00007fd7d2690010, 0x00007fd7d26911c0, 0x00007fd7d26925a0, 0x00007fd7d2693830,
0x00007fd7d2695320, 0x00007fd7d26964d0, 0x00007fd7d26978d0, 0x00007fd7d2698ce0,
0x00007fd7d269a0f0, 0x00007fd7d269b2a0, 0x00007fd74c29b700, 0x00007fd750109690,
0x00007fd7b0265310, 0x00007fd7543911c0, 0x00007fd761593f80, 0x00007fd7ac214dc0,
0x00007fd7a83b1570, 0x00007fd7b4045da0, 0x00007fd744526bd0, 0x00007fd7b8be2cb0,
0x00007fd7b4fc3a70, 0x00007fd74044f430, 0x00007fd73cdf31d0, 0x00007fd749755000,
0x00007fd7440af4c0, 0x00007fd7500b3c30, 0x00007fd74c0c78b0, 0x00007fd7589afc60,
0x00007fd73c1d05c0, 0x00007fd7b8e3b450, 0x00007fd7a8ea5240, 0x00007fd7d12d5300,
0x00007fd74c192fd0, 0x00007fd7505554f0, 0x00007fd7b80851b0, 0x00007fd7b003ee10,
0x00007fd7b0013b40, 0x00007fd744084ff0, 0x00007fd748e63aa0, 0x00007fd7b031fed0,
0x00007fd7587d3310, 0x0000556c44c69a00, 0x00007fd75005cf80, 0x00007fd7587d5760,
0x0000556c44c6a880, 0x00007fd7503ba7f0, 0x00007fd7b4fd0ad0, 0x00007fd7b93b3340,
0x00007fd7d26a5a60, 0x00007fd7401418b0, 0x00007fd7500a4ad0, 0x00007fd7589d0820,
0x00007fd7b4fda2b0, 0x00007fd7b999df80, 0x00007fd7440fa3d0, 0x00007fd7b8ee9040,
0x00007fd7b8ef8550, 0x00007fd740511400, 0x00007fd7b8ef6b00, 0x00007fd749546e50,
0x00007fd744319c50, 0x00007fd744033c00, 0x00007fd74c1d8ac0, 0x00007fd74c179bd0,
0x00007fd7545a3630, 0x00007fd74c1d9c00, 0x00007fd74c1da310, 0x00007fd74c173d00,
0x00007fd7b4d2b990, 0x00007fd7b0b1e7e0, 0x00007fd7b8e40aa0, 0x00007fd7d12ca200,
0x0000556c44cfc4f0, 0x00007fd74044bea0, 0x00007fd73d563b50, 0x00007fd74954b1c0,
0x00007fd744640380, 0x00007fd750076ae0, 0x00007fd74c174410, 0x00007fd74446d870,
0x00007fd74c174cc0, 0x00007fd744286350, 0x00007fd73cc5ff00, 0x00007fd73cd0b430,
0x00007fd73cd07060, 0x00007fd7b4d2c710, 0x00007fd7b0b1f020, 0x00007fd7d0fa5270,
0x00007fd74c1758e0, 0x00007fd75454d4f0, 0x00007fd760699920, 0x0000556c44d02b40,
0x00007fd740593070, 0x00007fd7b8081530, 0x00007fd740366f60, 0x00007fd740569a20,
0x00007fd740581e80, 0x00007fd740440750, 0x00007fd74036cd20, 0x00007fd7d1058070,
0x0000556c44518f70, 0x0000556c44a42310
}

Java Threads: ( => current thread )
  0x00007fd7d0019bd0 JavaThread "main"                              [_thread_blocked, id=18827, stack(0x00007fd7d7000000,0x00007fd7d7400000) (4096K)]
  0x00007fd7d0469000 JavaThread "Reference Handler"          daemon [_thread_blocked, id=18835, stack(0x00007fd7bc800000,0x00007fd7bcc00000) (4096K)]
  0x00007fd7d046a580 JavaThread "Finalizer"                  daemon [_thread_blocked, id=18836, stack(0x00007fd7bc400000,0x00007fd7bc800000) (4096K)]
  0x00007fd7d046be40 JavaThread "Signal Dispatcher"          daemon [_thread_blocked, id=18837, stack(0x00007fd766c00000,0x00007fd767000000) (4096K)]
  0x00007fd7d046d490 JavaThread "Service Thread"             daemon [_thread_blocked, id=18838, stack(0x00007fd766800000,0x00007fd766c00000) (4096K)]
  0x00007fd7d046ea40 JavaThread "Monitor Deflation Thread"   daemon [_thread_blocked, id=18839, stack(0x00007fd766400000,0x00007fd766800000) (4096K)]
  0x00007fd7d0470610 JavaThread "C2 CompilerThread0"         daemon [_thread_in_native, id=18840, stack(0x00007fd7bc300000,0x00007fd7bc400000) (1024K)]
  0x00007fd7d0471ce0 JavaThread "C1 CompilerThread0"         daemon [_thread_blocked, id=18841, stack(0x00007fd7bc200000,0x00007fd7bc300000) (1024K)]
  0x00007fd7d047e0d0 JavaThread "Notification Thread"        daemon [_thread_blocked, id=18842, stack(0x00007fd766000000,0x00007fd766400000) (4096K)]
  0x00007fd7d0480fd0 JavaThread "Common-Cleaner"             daemon [_thread_blocked, id=18843, stack(0x00007fd765c00000,0x00007fd766000000) (4096K)]
  0x00007fd7d09aaba0 JavaThread "pool-1-thread-1"                   [_thread_blocked, id=18847, stack(0x00007fd765600000,0x00007fd765a00000) (4096K)]
  0x00007fd7d09abad0 JavaThread "pool-1-thread-2"                   [_thread_blocked, id=18848, stack(0x00007fd765200000,0x00007fd765600000) (4096K)]
  0x00007fd7d09acd10 JavaThread "pool-1-thread-3"                   [_thread_blocked, id=18849, stack(0x00007fd764e00000,0x00007fd765200000) (4096K)]
  0x00007fd7d09adec0 JavaThread "pool-1-thread-4"                   [_thread_blocked, id=18850, stack(0x00007fd764a00000,0x00007fd764e00000) (4096K)]
  0x00007fd7d09af3f0 JavaThread "pool-1-thread-5"                   [_thread_blocked, id=18852, stack(0x00007fd764200000,0x00007fd764600000) (4096K)]
  0x00007fd7d0c1a400 JavaThread "process reaper"             daemon [_thread_blocked, id=18867, stack(0x00007fd7d4002000,0x00007fd7d4024000) (136K)]
  0x00007fd7d0bd1170 JavaThread "JNA Cleaner"                daemon [_thread_blocked, id=18870, stack(0x00007fd73ac00000,0x00007fd73b000000) (4096K)]
  0x00007fd7d0c4ef50 JavaThread "boot-server-socket-thread-1"        [_thread_in_native, id=18873, stack(0x00007fd73a400000,0x00007fd73a800000) (4096K)]
  0x00007fd7d0fea510 JavaThread "classloader-cache-cleanup-0" daemon [_thread_blocked, id=18874, stack(0x00007fd73a000000,0x00007fd73a400000) (4096K)]
  0x00007fd7d114bdb0 JavaThread "sbt-command-exchange-fastTrack" daemon [_thread_blocked, id=18876, stack(0x00007fd739400000,0x00007fd739800000) (4096K)]
  0x00007fd7d1abce20 JavaThread "scala-execution-context-global-57" daemon [_thread_blocked, id=18882, stack(0x00007fd764600000,0x00007fd764a00000) (4096K)]
  0x00007fd74c28c8b0 JavaThread "scala-execution-context-global-58" daemon [_thread_blocked, id=18883, stack(0x00007fd738c00000,0x00007fd739000000) (4096K)]
  0x00007fd74c28f870 JavaThread "scala-execution-context-global-59" daemon [_thread_blocked, id=18884, stack(0x00007fd738800000,0x00007fd738c00000) (4096K)]
  0x00007fd758a32eb0 JavaThread "scala-execution-context-global-60" daemon [_thread_blocked, id=18885, stack(0x00007fd738400000,0x00007fd738800000) (4096K)]
  0x00007fd75432de60 JavaThread "scala-execution-context-global-61" daemon [_thread_blocked, id=18886, stack(0x00007fd738000000,0x00007fd738400000) (4096K)]
  0x00007fd7608a9240 JavaThread "scala-execution-context-global-62" daemon [_thread_blocked, id=18887, stack(0x00007fd737c00000,0x00007fd738000000) (4096K)]
  0x00007fd7ac3e2270 JavaThread "scala-execution-context-global-63" daemon [_thread_blocked, id=18888, stack(0x00007fd737800000,0x00007fd737c00000) (4096K)]
  0x00007fd75432efa0 JavaThread "scala-execution-context-global-64" daemon [_thread_blocked, id=18889, stack(0x00007fd737400000,0x00007fd737800000) (4096K)]
  0x00007fd7a849f2c0 JavaThread "scala-execution-context-global-65" daemon [_thread_blocked, id=18890, stack(0x00007fd737000000,0x00007fd737400000) (4096K)]
  0x00007fd761172530 JavaThread "scala-execution-context-global-66" daemon [_thread_blocked, id=18891, stack(0x00007fd736c00000,0x00007fd737000000) (4096K)]
  0x00007fd7ac3e3550 JavaThread "scala-execution-context-global-67" daemon [_thread_blocked, id=18892, stack(0x00007fd736800000,0x00007fd736c00000) (4096K)]
  0x00007fd754330290 JavaThread "scala-execution-context-global-68" daemon [_thread_blocked, id=18893, stack(0x00007fd736400000,0x00007fd736800000) (4096K)]
  0x00007fd7b400a070 JavaThread "scala-execution-context-global-69" daemon [_thread_blocked, id=18894, stack(0x00007fd736000000,0x00007fd736400000) (4096K)]
  0x00007fd7a8a20ed0 JavaThread "scala-execution-context-global-70" daemon [_thread_blocked, id=18895, stack(0x00007fd735c00000,0x00007fd736000000) (4096K)]
  0x00007fd761172c40 JavaThread "scala-execution-context-global-71" daemon [_thread_blocked, id=18896, stack(0x00007fd735800000,0x00007fd735c00000) (4096K)]
  0x00007fd7b0018160 JavaThread "scala-execution-context-global-72" daemon [_thread_blocked, id=18897, stack(0x00007fd735400000,0x00007fd735800000) (4096K)]
  0x00007fd7d263e270 JavaThread "FileSystemWatchService"     daemon [_thread_in_native, id=19028, stack(0x00007fd728800000,0x00007fd728c00000) (4096K)]
  0x00007fd7d2640ce0 JavaThread "NioPathWatcher-loop-thread-1" daemon [_thread_blocked, id=19029, stack(0x00007fd728c00000,0x00007fd729000000) (4096K)]
  0x00007fd7d2623000 JavaThread "com.swoval.files.SymlinkWatcher.callback-executor-1"        [_thread_blocked, id=19030, stack(0x00007fd731c00000,0x00007fd732000000) (4096K)]
  0x00007fd7d2623a30 JavaThread "FileTreeRepository-callback-executor-1"        [_thread_blocked, id=19031, stack(0x00007fd730c00000,0x00007fd731000000) (4096K)]
  0x00007fd7d264b600 JavaThread "FileSystemWatchService"     daemon [_thread_in_native, id=19032, stack(0x00007fd72fa00000,0x00007fd72fe00000) (4096K)]
  0x00007fd7d264bf20 JavaThread "NioPathWatcher-loop-thread-2" daemon [_thread_blocked, id=19033, stack(0x00007fd72ea00000,0x00007fd72ee00000) (4096K)]
  0x00007fd7d2646d70 JavaThread "FileSystemWatchService"     daemon [_thread_in_native, id=19034, stack(0x00007fd728400000,0x00007fd728800000) (4096K)]
  0x00007fd7d265dde0 JavaThread "NioPathWatcher-loop-thread-3" daemon [_thread_blocked, id=19035, stack(0x00007fd72de00000,0x00007fd72e200000) (4096K)]
  0x00007fd7d265f1e0 JavaThread "com.swoval.files.SymlinkWatcher.callback-executor-1"        [_thread_blocked, id=19036, stack(0x00007fd731400000,0x00007fd731800000) (4096K)]
  0x00007fd7d265ff20 JavaThread "FileTreeRepository-callback-executor-1"        [_thread_in_vm, id=19037, stack(0x00007fd72e200000,0x00007fd72e600000) (4096K)]
  0x00007fd7d2662c70 JavaThread "FileSystemWatchService"     daemon [_thread_in_native, id=19038, stack(0x00007fd733a00000,0x00007fd733e00000) (4096K)]
  0x00007fd7d2663940 JavaThread "NioPathWatcher-loop-thread-4" daemon [_thread_in_native, id=19039, stack(0x00007fd733600000,0x00007fd733a00000) (4096K)]
  0x00007fd7d2689410 JavaThread "sbt-task-progress-report-thread"        [_thread_blocked, id=19040, stack(0x00007fd733000000,0x00007fd733400000) (4096K)]
  0x00007fd7d268a370 JavaThread "pool-11-thread-1"                  [_thread_blocked, id=19041, stack(0x00007fd731800000,0x00007fd731c00000) (4096K)]
  0x00007fd7d268afe0 JavaThread "pool-11-thread-2"                  [_thread_blocked, id=19042, stack(0x00007fd732c00000,0x00007fd733000000) (4096K)]
  0x00007fd750098d80 JavaThread "sbt-progress-report-scheduler"        [_thread_blocked, id=19043, stack(0x00007fd732800000,0x00007fd732c00000) (4096K)]
  0x00007fd7d268bcb0 JavaThread "pool-11-thread-3"                  [_thread_blocked, id=19044, stack(0x00007fd732400000,0x00007fd732800000) (4096K)]
  0x00007fd7d268ca30 JavaThread "pool-11-thread-4"                  [_thread_blocked, id=19045, stack(0x00007fd728000000,0x00007fd728400000) (4096K)]
  0x00007fd7d268d9d0 JavaThread "pool-11-thread-5"                  [_thread_blocked, id=19046, stack(0x00007fd727c00000,0x00007fd728000000) (4096K)]
  0x00007fd7d268ec40 JavaThread "pool-11-thread-6"                  [_thread_blocked, id=19047, stack(0x00007fd727800000,0x00007fd727c00000) (4096K)]
  0x00007fd7d2690010 JavaThread "pool-11-thread-7"                  [_thread_blocked, id=19048, stack(0x00007fd727400000,0x00007fd727800000) (4096K)]
  0x00007fd7d26911c0 JavaThread "pool-11-thread-8"                  [_thread_blocked, id=19049, stack(0x00007fd727000000,0x00007fd727400000) (4096K)]
  0x00007fd7d26925a0 JavaThread "pool-11-thread-9-ScalaTest-running-RemoteMetaSyncDbTest"        [_thread_blocked, id=19050, stack(0x00007fd726c00000,0x00007fd727000000) (4096K)]
  0x00007fd7d2693830 JavaThread "pool-11-thread-10"                 [_thread_blocked, id=19051, stack(0x00007fd726800000,0x00007fd726c00000) (4096K)]
  0x00007fd7d2695320 JavaThread "pool-11-thread-11"                 [_thread_blocked, id=19052, stack(0x00007fd726400000,0x00007fd726800000) (4096K)]
  0x00007fd7d26964d0 JavaThread "pool-11-thread-12"                 [_thread_blocked, id=19053, stack(0x00007fd726000000,0x00007fd726400000) (4096K)]
  0x00007fd7d26978d0 JavaThread "pool-11-thread-13"                 [_thread_blocked, id=19054, stack(0x00007fd725c00000,0x00007fd726000000) (4096K)]
  0x00007fd7d2698ce0 JavaThread "pool-11-thread-14"                 [_thread_blocked, id=19055, stack(0x00007fd725800000,0x00007fd725c00000) (4096K)]
  0x00007fd7d269a0f0 JavaThread "pool-11-thread-15"                 [_thread_blocked, id=19056, stack(0x00007fd725400000,0x00007fd725800000) (4096K)]
  0x00007fd7d269b2a0 JavaThread "pool-11-thread-16"                 [_thread_blocked, id=19057, stack(0x00007fd725000000,0x00007fd725400000) (4096K)]
  0x00007fd74c29b700 JavaThread "pool-11-thread-17"                 [_thread_blocked, id=19058, stack(0x00007fd724c00000,0x00007fd725000000) (4096K)]
  0x00007fd750109690 JavaThread "ForkJoinPool.commonPool-worker-1" daemon [_thread_blocked, id=19059, stack(0x00007fd724000000,0x00007fd724400000) (4096K)]
  0x00007fd7b0265310 JavaThread "coursier-pool-1-thread-1"   daemon [_thread_blocked, id=19060, stack(0x00007fd723c00000,0x00007fd724000000) (4096K)]
  0x00007fd7543911c0 JavaThread "coursier-pool-1-thread-2"   daemon [_thread_blocked, id=19061, stack(0x00007fd723800000,0x00007fd723c00000) (4096K)]
  0x00007fd761593f80 JavaThread "coursier-pool-1-thread-3"   daemon [_thread_blocked, id=19062, stack(0x00007fd723400000,0x00007fd723800000) (4096K)]
  0x00007fd7ac214dc0 JavaThread "coursier-pool-1-thread-4"   daemon [_thread_blocked, id=19063, stack(0x00007fd723000000,0x00007fd723400000) (4096K)]
  0x00007fd7a83b1570 JavaThread "coursier-pool-1-thread-5"   daemon [_thread_blocked, id=19064, stack(0x00007fd722c00000,0x00007fd723000000) (4096K)]
  0x00007fd7b4045da0 JavaThread "coursier-pool-1-thread-6"   daemon [_thread_blocked, id=19065, stack(0x00007fd722800000,0x00007fd722c00000) (4096K)]
  0x00007fd744526bd0 JavaThread "pool-11-thread-18"                 [_thread_blocked, id=19066, stack(0x00007fd722400000,0x00007fd722800000) (4096K)]
  0x00007fd7b8be2cb0 JavaThread "ScalaTest-dispatcher"              [_thread_blocked, id=19090, stack(0x00007fd721800000,0x00007fd721c00000) (4096K)]
  0x00007fd7b4fc3a70 JavaThread "scala-execution-context-global-255" daemon [_thread_blocked, id=19094, stack(0x00007fd721000000,0x00007fd721400000) (4096K)]
  0x00007fd74044f430 JavaThread "scala-execution-context-global-256" daemon [_thread_blocked, id=19095, stack(0x00007fd71e600000,0x00007fd71ea00000) (4096K)]
  0x00007fd73cdf31d0 JavaThread "scala-execution-context-global-257" daemon [_thread_blocked, id=19096, stack(0x00007fd71e200000,0x00007fd71e600000) (4096K)]
  0x00007fd749755000 JavaThread "scala-execution-context-global-258" daemon [_thread_blocked, id=19097, stack(0x00007fd719c00000,0x00007fd71a000000) (4096K)]
  0x00007fd7440af4c0 JavaThread "scala-execution-context-global-259" daemon [_thread_blocked, id=19098, stack(0x00007fd719800000,0x00007fd719c00000) (4096K)]
  0x00007fd7500b3c30 JavaThread "scala-execution-context-global-260" daemon [_thread_blocked, id=19099, stack(0x00007fd719400000,0x00007fd719800000) (4096K)]
  0x00007fd74c0c78b0 JavaThread "scala-execution-context-global-261" daemon [_thread_blocked, id=19100, stack(0x00007fd719000000,0x00007fd719400000) (4096K)]
  0x00007fd7589afc60 JavaThread "scala-execution-context-global-262" daemon [_thread_blocked, id=19101, stack(0x00007fd718c00000,0x00007fd719000000) (4096K)]
  0x00007fd73c1d05c0 JavaThread "scala-execution-context-global-263" daemon [_thread_blocked, id=19102, stack(0x00007fd718800000,0x00007fd718c00000) (4096K)]
  0x00007fd7b8e3b450 JavaThread "TestDb-scheduler-1"                [_thread_blocked, id=19103, stack(0x00007fd718400000,0x00007fd718800000) (4096K)]
  0x00007fd7a8ea5240 JavaThread "Cleaner-0"                  daemon [_thread_blocked, id=19105, stack(0x00007fd717c00000,0x00007fd718000000) (4096K)]
  0x00007fd7d12d5300 JavaThread "Cleaner-1"                  daemon [_thread_blocked, id=19106, stack(0x00007fd717800000,0x00007fd717c00000) (4096K)]
  0x00007fd74c192fd0 JavaThread "Cleaner-2"                  daemon [_thread_blocked, id=19110, stack(0x00007fd716c00000,0x00007fd717000000) (4096K)]
  0x00007fd7505554f0 JavaThread "Cleaner-3"                  daemon [_thread_blocked, id=19114, stack(0x00007fd716800000,0x00007fd716c00000) (4096K)]
  0x00007fd7b80851b0 JavaThread "TestDb-akka.actor.internal-dispatcher-2"        [_thread_blocked, id=19122, stack(0x00007fd715c00000,0x00007fd716000000) (4096K)]
  0x00007fd7b003ee10 JavaThread "TestDb-akka.actor.internal-dispatcher-3"        [_thread_blocked, id=19125, stack(0x00007fd715000000,0x00007fd715400000) (4096K)]
  0x00007fd7b0013b40 JavaThread "TestDb-akka.actor.default-dispatcher-4"        [_thread_blocked, id=19127, stack(0x00007fd714800000,0x00007fd714c00000) (4096K)]
  0x00007fd744084ff0 JavaThread "TestDb-akka.actor.default-dispatcher-5"        [_thread_blocked, id=19144, stack(0x00007fd712400000,0x00007fd712800000) (4096K)]
  0x00007fd748e63aa0 JavaThread "Cleaner-4"                  daemon [_thread_blocked, id=19147, stack(0x00007fd711c00000,0x00007fd712000000) (4096K)]
  0x00007fd7b031fed0 JavaThread "Cleaner-5"                  daemon [_thread_blocked, id=19154, stack(0x00007fd711000000,0x00007fd711400000) (4096K)]
  0x00007fd7587d3310 JavaThread "Cleaner-6"                  daemon [_thread_blocked, id=19165, stack(0x00007fd70e400000,0x00007fd70e800000) (4096K)]
  0x0000556c44c69a00 JavaThread "Cleaner-7"                  daemon [_thread_blocked, id=19174, stack(0x00007fd70c000000,0x00007fd70c400000) (4096K)]
  0x00007fd75005cf80 JavaThread "Cleaner-8"                  daemon [_thread_blocked, id=19180, stack(0x00007fd70a800000,0x00007fd70ac00000) (4096K)]
  0x00007fd7587d5760 JavaThread "Cleaner-9"                  daemon [_thread_blocked, id=19181, stack(0x00007fd722000000,0x00007fd722400000) (4096K)]
  0x0000556c44c6a880 JavaThread "Cleaner-10"                 daemon [_thread_blocked, id=19189, stack(0x00007fd712c00000,0x00007fd713000000) (4096K)]
  0x00007fd7503ba7f0 JavaThread "Cleaner-11"                 daemon [_thread_blocked, id=19194, stack(0x00007fd70b400000,0x00007fd70b800000) (4096K)]
  0x00007fd7b4fd0ad0 JavaThread "Cleaner-12"                 daemon [_thread_blocked, id=19198, stack(0x00007fd710800000,0x00007fd710c00000) (4096K)]
  0x00007fd7b93b3340 JavaThread "Cleaner-13"                 daemon [_thread_blocked, id=19199, stack(0x00007fd70dc00000,0x00007fd70e000000) (4096K)]
  0x00007fd7d26a5a60 JavaThread "Cleaner-14"                 daemon [_thread_blocked, id=19200, stack(0x00007fd70d800000,0x00007fd70dc00000) (4096K)]
  0x00007fd7401418b0 JavaThread "Cleaner-15"                 daemon [_thread_blocked, id=19208, stack(0x00007fd70ac00000,0x00007fd70b000000) (4096K)]
  0x00007fd7500a4ad0 JavaThread "Cleaner-16"                 daemon [_thread_blocked, id=19210, stack(0x00007fd70e000000,0x00007fd70e400000) (4096K)]
  0x00007fd7589d0820 JavaThread "ForkJoinPool.commonPool-worker-2" daemon [_thread_blocked, id=19218, stack(0x00007fd710000000,0x00007fd710400000) (4096K)]
  0x00007fd7b4fda2b0 JavaThread "Cleaner-17"                 daemon [_thread_blocked, id=19230, stack(0x00007fd507c00000,0x00007fd508000000) (4096K)]
  0x00007fd7b999df80 JavaThread "Cleaner-18"                 daemon [_thread_blocked, id=19233, stack(0x00007fd507000000,0x00007fd507400000) (4096K)]
  0x00007fd7440fa3d0 JavaThread "Cleaner-19"                 daemon [_thread_blocked, id=19241, stack(0x00007fd506400000,0x00007fd506800000) (4096K)]
  0x00007fd7b8ee9040 JavaThread "RemoteMetaSyncDbTest-scheduler-1"        [_thread_blocked, id=19252, stack(0x00007fd721400000,0x00007fd721800000) (4096K)]
  0x00007fd7b8ef8550 JavaThread "RemoteMetaSyncDbTest-akka.actor.internal-dispatcher-2"        [_thread_blocked, id=19253, stack(0x00007fd713800000,0x00007fd713c00000) (4096K)]
  0x00007fd740511400 JavaThread "RemoteMetaSyncDbTest-akka.actor.internal-dispatcher-3"        [_thread_blocked, id=19254, stack(0x00007fd710400000,0x00007fd710800000) (4096K)]
  0x00007fd7b8ef6b00 JavaThread "RemoteMetaSyncDbTest-akka.actor.internal-dispatcher-4"        [_thread_blocked, id=19255, stack(0x00007fd70d000000,0x00007fd70d400000) (4096K)]
  0x00007fd749546e50 JavaThread "RemoteMetaSyncDbTest-akka.actor.default-dispatcher-5"        [_thread_blocked, id=19256, stack(0x00007fd506800000,0x00007fd506c00000) (4096K)]
  0x00007fd744319c50 JavaThread "Cleaner-20"                 daemon [_thread_blocked, id=19257, stack(0x00007fd508000000,0x00007fd508400000) (4096K)]
  0x00007fd744033c00 JavaThread "RemoteMetaSyncDbTest-akka.actor.default-dispatcher-6"        [_thread_blocked, id=19258, stack(0x00007fd713400000,0x00007fd713800000) (4096K)]
  0x00007fd74c1d8ac0 JavaThread "RemoteMetaSyncDbTest-akka.actor.default-blocking-io-dispatcher-7"        [_thread_blocked, id=19259, stack(0x00007fd714000000,0x00007fd714400000) (4096K)]
  0x00007fd74c179bd0 JavaThread "RemoteMetaSyncDbTest-akka.actor.default-blocking-io-dispatcher-8"        [_thread_blocked, id=19260, stack(0x00007fd70f400000,0x00007fd70f800000) (4096K)]
  0x00007fd7545a3630 JavaThread "Cleaner-21"                 daemon [_thread_blocked, id=19261, stack(0x00007fd505c00000,0x00007fd506000000) (4096K)]
  0x00007fd74c1d9c00 JavaThread "RemoteMetaSyncDbTest-akka.actor.default-blocking-io-dispatcher-9"        [_thread_blocked, id=19262, stack(0x00007fd717400000,0x00007fd717800000) (4096K)]
  0x00007fd74c1da310 JavaThread "RemoteMetaSyncDbTest-akka.actor.default-blocking-io-dispatcher-10"        [_thread_blocked, id=19263, stack(0x00007fd716400000,0x00007fd716800000) (4096K)]
  0x00007fd74c173d00 JavaThread "RemoteMetaSyncDbTest-akka.actor.default-blocking-io-dispatcher-11"        [_thread_blocked, id=19264, stack(0x00007fd715800000,0x00007fd715c00000) (4096K)]
  0x00007fd7b4d2b990 JavaThread "RemoteMetaSyncDbTest-akka.actor.default-blocking-io-dispatcher-12"        [_thread_blocked, id=19265, stack(0x00007fd711800000,0x00007fd711c00000) (4096K)]
  0x00007fd7b0b1e7e0 JavaThread "RemoteMetaSyncDbTest-akka.actor.default-blocking-io-dispatcher-13"        [_thread_blocked, id=19266, stack(0x00007fd70fc00000,0x00007fd710000000) (4096K)]
  0x00007fd7b8e40aa0 JavaThread "RemoteMetaSyncDbTest-akka.actor.default-blocking-io-dispatcher-14"        [_thread_blocked, id=19267, stack(0x00007fd70f000000,0x00007fd70f400000) (4096K)]
  0x00007fd7d12ca200 JavaThread "RemoteMetaSyncDbTest-akka.actor.default-blocking-io-dispatcher-15"        [_thread_blocked, id=19268, stack(0x00007fd70ec00000,0x00007fd70f000000) (4096K)]
  0x0000556c44cfc4f0 JavaThread "RemoteMetaSyncDbTest-akka.actor.default-blocking-io-dispatcher-16"        [_thread_blocked, id=19269, stack(0x00007fd70cc00000,0x00007fd70d000000) (4096K)]
  0x00007fd74044bea0 JavaThread "RemoteMetaSyncDbTest-akka.actor.default-blocking-io-dispatcher-17"        [_thread_blocked, id=19270, stack(0x00007fd70c800000,0x00007fd70cc00000) (4096K)]
  0x00007fd73d563b50 JavaThread "RemoteMetaSyncDbTest-akka.actor.default-blocking-io-dispatcher-18"        [_thread_blocked, id=19271, stack(0x00007fd50a400000,0x00007fd50a800000) (4096K)]
  0x00007fd74954b1c0 JavaThread "RemoteMetaSyncDbTest-akka.actor.default-blocking-io-dispatcher-19"        [_thread_blocked, id=19272, stack(0x00007fd50a000000,0x00007fd50a400000) (4096K)]
  0x00007fd744640380 JavaThread "RemoteMetaSyncDbTest-akka.actor.default-blocking-io-dispatcher-20"        [_thread_blocked, id=19273, stack(0x00007fd509c00000,0x00007fd50a000000) (4096K)]
  0x00007fd750076ae0 JavaThread "RemoteMetaSyncDbTest-akka.actor.default-blocking-io-dispatcher-21"        [_thread_blocked, id=19274, stack(0x00007fd509800000,0x00007fd509c00000) (4096K)]
  0x00007fd74c174410 JavaThread "RemoteMetaSyncDbTest-akka.actor.default-blocking-io-dispatcher-22"        [_thread_blocked, id=19275, stack(0x00007fd509400000,0x00007fd509800000) (4096K)]
  0x00007fd74446d870 JavaThread "RemoteMetaSyncDbTest-akka.actor.default-dispatcher-23"        [_thread_blocked, id=19276, stack(0x00007fd509000000,0x00007fd509400000) (4096K)]
  0x00007fd74c174cc0 JavaThread "RemoteMetaSyncDbTest-akka.actor.default-dispatcher-24"        [_thread_blocked, id=19277, stack(0x00007fd508c00000,0x00007fd509000000) (4096K)]
  0x00007fd744286350 JavaThread "RemoteMetaSyncDbTest-akka.actor.default-dispatcher-25"        [_thread_blocked, id=19278, stack(0x00007fd508800000,0x00007fd508c00000) (4096K)]
  0x00007fd73cc5ff00 JavaThread "CitationDerivationTest-scheduler-1"        [_thread_blocked, id=19279, stack(0x00007fd507800000,0x00007fd507c00000) (4096K)]
  0x00007fd73cd0b430 JavaThread "CitationDerivationTest-akka.actor.internal-dispatcher-2"        [_thread_blocked, id=19280, stack(0x00007fd505800000,0x00007fd505c00000) (4096K)]
  0x00007fd73cd07060 JavaThread "CitationDerivationTest-akka.actor.internal-dispatcher-3"        [_thread_blocked, id=19281, stack(0x00007fd505400000,0x00007fd505800000) (4096K)]
  0x00007fd7b4d2c710 JavaThread "CitationDerivationTest-akka.actor.internal-dispatcher-4"        [_thread_blocked, id=19282, stack(0x00007fd505000000,0x00007fd505400000) (4096K)]
  0x00007fd7b0b1f020 JavaThread "CitationDerivationTest-akka.actor.internal-dispatcher-5"        [_thread_blocked, id=19283, stack(0x00007fd504c00000,0x00007fd505000000) (4096K)]
  0x00007fd7d0fa5270 JavaThread "CitationDerivationTest-akka.actor.default-dispatcher-6"        [_thread_blocked, id=19284, stack(0x00007fd504800000,0x00007fd504c00000) (4096K)]
  0x00007fd74c1758e0 JavaThread "Cleaner-22"                 daemon [_thread_blocked, id=19288, stack(0x00007fd503c00000,0x00007fd504000000) (4096K)]
  0x00007fd75454d4f0 JavaThread "RemoteMetaSyncDbTest-akka.actor.default-dispatcher-26"        [_thread_blocked, id=19289, stack(0x00007fd503800000,0x00007fd503c00000) (4096K)]
=>0x00007fd760699920 JavaThread "RemoteMetaSyncDbTest-akka.actor.default-dispatcher-27"        [_thread_in_native, id=19290, stack(0x00007fd503400000,0x00007fd503800000) (4096K)]
  0x0000556c44d02b40 JavaThread "Cleaner-23"                 daemon [_thread_blocked, id=19393, stack(0x00007fd504400000,0x00007fd504800000) (4096K)]
  0x00007fd740593070 JavaThread "C2 CompilerThread1"         daemon [_thread_in_native, id=19403, stack(0x00007fd765a00000,0x00007fd765b00000) (1024K)]
  0x00007fd7b8081530 JavaThread "C2 CompilerThread2"         daemon [_thread_in_native, id=19404, stack(0x00007fd73b100000,0x00007fd73b200000) (1024K)]
  0x00007fd740366f60 JavaThread "C2 CompilerThread3"         daemon [_thread_in_native, id=19405, stack(0x00007fd73b000000,0x00007fd73b100000) (1024K)]
  0x00007fd740569a20 JavaThread "C2 CompilerThread4"         daemon [_thread_in_native, id=19406, stack(0x00007fd7bc100000,0x00007fd7bc200000) (1024K)]
  0x00007fd740581e80 JavaThread "C2 CompilerThread5"         daemon [_thread_in_native, id=19407, stack(0x00007fd7bc000000,0x00007fd7bc100000) (1024K)]
  0x00007fd740440750 JavaThread "C1 CompilerThread1"         daemon [_thread_blocked, id=19408, stack(0x00007fd765b00000,0x00007fd765c00000) (1024K)]
  0x00007fd74036cd20 JavaThread "C1 CompilerThread2"         daemon [_thread_blocked, id=19409, stack(0x00007fd73a8fe000,0x00007fd73a9fe000) (1024K)]
  0x00007fd7d1058070 JavaThread "C1 CompilerThread3"         daemon [_thread_blocked, id=19410, stack(0x00007fd739f00000,0x00007fd73a000000) (1024K)]
  0x0000556c44518f70 JavaThread "C2 CompilerThread6"         daemon [_thread_in_native, id=19411, stack(0x00007fd739a48000,0x00007fd739b48000) (1024K)]
  0x0000556c44a42310 JavaThread "C2 CompilerThread7"         daemon [_thread_in_native, id=19412, stack(0x00007fd72f200000,0x00007fd72f600000) (4096K)]
Total: 158

Other Threads:
  0x00007fd7d0460890 VMThread "VM Thread"                           [id=18834, stack(0x00007fd7bccfa000,0x00007fd7bcdfa000) (1024K)]
  0x00007fd7d044eb10 WatcherThread "VM Periodic Task Thread"        [id=18833, stack(0x00007fd7bcdfb000,0x00007fd7bcefb000) (1024K)]
  0x00007fd7d0056b40 WorkerThread "GC Thread#0"                     [id=18828, stack(0x00007fd7d60f3000,0x00007fd7d61f3000) (1024K)]
  0x00007fd75400a270 WorkerThread "GC Thread#1"                     [id=18854, stack(0x00007fd764100000,0x00007fd764200000) (1024K)]
  0x00007fd75400ad30 WorkerThread "GC Thread#2"                     [id=18855, stack(0x00007fd73bf00000,0x00007fd73c000000) (1024K)]
  0x00007fd75400b830 WorkerThread "GC Thread#3"                     [id=18856, stack(0x00007fd73bdff000,0x00007fd73beff000) (1024K)]
  0x00007fd75400c330 WorkerThread "GC Thread#4"                     [id=18857, stack(0x00007fd73bcfe000,0x00007fd73bdfe000) (1024K)]
  0x00007fd75400ce30 WorkerThread "GC Thread#5"                     [id=18858, stack(0x00007fd73bbfd000,0x00007fd73bcfd000) (1024K)]
  0x00007fd75400d930 WorkerThread "GC Thread#6"                     [id=18859, stack(0x00007fd73bafc000,0x00007fd73bbfc000) (1024K)]
  0x00007fd75400e430 WorkerThread "GC Thread#7"                     [id=18860, stack(0x00007fd73b9fb000,0x00007fd73bafb000) (1024K)]
  0x00007fd75400ef30 WorkerThread "GC Thread#8"                     [id=18861, stack(0x00007fd73b8fa000,0x00007fd73b9fa000) (1024K)]
  0x00007fd75400fa70 WorkerThread "GC Thread#9"                     [id=18862, stack(0x00007fd73b7f9000,0x00007fd73b8f9000) (1024K)]
  0x00007fd7540105b0 WorkerThread "GC Thread#10"                    [id=18863, stack(0x00007fd73b6f8000,0x00007fd73b7f8000) (1024K)]
  0x00007fd7540110f0 WorkerThread "GC Thread#11"                    [id=18864, stack(0x00007fd73b5f7000,0x00007fd73b6f7000) (1024K)]
  0x00007fd754011c30 WorkerThread "GC Thread#12"                    [id=18865, stack(0x00007fd73b4f6000,0x00007fd73b5f6000) (1024K)]
  0x00007fd7d0060190 ConcurrentGCThread "G1 Main Marker"            [id=18829, stack(0x00007fd7d4b00000,0x00007fd7d4c00000) (1024K)]
  0x00007fd7d0061140 WorkerThread "G1 Conc#0"                       [id=18830, stack(0x00007fd7d49ff000,0x00007fd7d4aff000) (1024K)]
  0x00007fd7b0002440 WorkerThread "G1 Conc#1"                       [id=18871, stack(0x00007fd73ab00000,0x00007fd73ac00000) (1024K)]
  0x00007fd7b0003760 WorkerThread "G1 Conc#2"                       [id=18872, stack(0x00007fd73a9ff000,0x00007fd73aaff000) (1024K)]
  0x00007fd7d0435d90 ConcurrentGCThread "G1 Refine#0"               [id=18831, stack(0x00007fd7bcffd000,0x00007fd7bd0fd000) (1024K)]
  0x00007fd7d0436d60 ConcurrentGCThread "G1 Service"                [id=18832, stack(0x00007fd7bcefc000,0x00007fd7bcffc000) (1024K)]
Total: 21

Threads with active compile tasks:
C2 CompilerThread0  39508 37311   !   4       com.swoval.files.CachedDirectoryImpl::updateImpl (703 bytes)
C2 CompilerThread1  39508 37270       4       com.swoval.files.NioPathWatcher$2::accept (57 bytes)
C2 CompilerThread2  39508 37263   !   4       com.swoval.files.NioPathWatcher::handleEvent (243 bytes)
C2 CompilerThread3  39508 37269       4       com.swoval.files.NioPathWatcher$2::accept (9 bytes)
C2 CompilerThread4  39508 37301   !   4       com.swoval.files.FileCacheDirectoryTree$4::run (99 bytes)
C2 CompilerThread5  39508 37309       4       com.swoval.files.CachedDirectoryImpl::update (137 bytes)
C2 CompilerThread6  39508 37318   !   4       com.swoval.files.CacheObservers::onUpdate (88 bytes)
C2 CompilerThread7  39508 37145   !   4       com.swoval.files.DirectoryRegistryImpl::acceptImpl (139 bytes)
Total: 8

VM state: not at safepoint (normal execution)

VM Mutex/Monitor currently owned by a thread: None

Heap address: 0x00000000c0000000, size: 1024 MB, Compressed Oops mode: 32-bit

CDS archive(s) mapped at: [0x00007fd767000000-0x00007fd767c9c000-0x00007fd767c9c000), size 13221888, SharedBaseAddress: 0x00007fd767000000, ArchiveRelocationMode: 1.
Compressed class space mapped at: 0x00007fd768000000-0x00007fd7a8000000, reserved size: 1073741824
Narrow klass base: 0x00007fd767000000, Narrow klass shift: 0, Narrow klass range: 0x100000000

GC Precious Log:
 CardTable entry size: 512
 Card Set container configuration: InlinePtr #cards 5 size 8 Array Of Cards #cards 12 size 40 Howl #buckets 4 coarsen threshold 1843 Howl Bitmap #cards 512 size 80 coarsen threshold 460 Card regions per heap region 1 cards per card region 2048
 CPUs: 16 total, 16 available
 Memory: 27694M
 Large Page Support: Disabled
 NUMA Support: Disabled
 Compressed Oops: Enabled (32-bit)
 Heap Region Size: 1M
 Heap Min Capacity: 1G
 Heap Initial Capacity: 1G
 Heap Max Capacity: 1G
 Pre-touch: Disabled
 Parallel Workers: 13
 Concurrent Workers: 3
 Concurrent Refinement Workers: 13
 Periodic GC: Disabled

Heap:
 garbage-first heap   total 1048576K, used 288469K [0x00000000c0000000, 0x0000000100000000)
  region size 1024K, 132 young (135168K), 0 survivors (0K)
 Metaspace       used 226436K, committed 227840K, reserved 1310720K
  class space    used 30061K, committed 30656K, reserved 1048576K

Heap Regions: E=young(eden), S=young(survivor), O=old, HS=humongous(starts), HC=humongous(continues), CS=collection set, F=free, TAMS=top-at-mark-start, PB=parsable bottom
|   0|0x00000000c0000000, 0x00000000c0100000, 0x00000000c0100000|100%| O|  |TAMS 0x00000000c0000000| PB 0x00000000c0000000| Untracked 
|   1|0x00000000c0100000, 0x00000000c0200000, 0x00000000c0200000|100%| O|  |TAMS 0x00000000c0100000| PB 0x00000000c0100000| Untracked 
|   2|0x00000000c0200000, 0x00000000c0300000, 0x00000000c0300000|100%| O|  |TAMS 0x00000000c0200000| PB 0x00000000c0200000| Untracked 
|   3|0x00000000c0300000, 0x00000000c03ffdf8, 0x00000000c0400000| 99%| O|  |TAMS 0x00000000c0300000| PB 0x00000000c0300000| Untracked 
|   4|0x00000000c0400000, 0x00000000c04fffe8, 0x00000000c0500000| 99%| O|  |TAMS 0x00000000c0400000| PB 0x00000000c0400000| Untracked 
|   5|0x00000000c0500000, 0x00000000c0600000, 0x00000000c0600000|100%| O|  |TAMS 0x00000000c0500000| PB 0x00000000c0500000| Untracked 
|   6|0x00000000c0600000, 0x00000000c0700000, 0x00000000c0700000|100%| O|  |TAMS 0x00000000c0600000| PB 0x00000000c0600000| Untracked 
|   7|0x00000000c0700000, 0x00000000c07ffff8, 0x00000000c0800000| 99%| O|  |TAMS 0x00000000c0700000| PB 0x00000000c0700000| Untracked 
|   8|0x00000000c0800000, 0x00000000c0900000, 0x00000000c0900000|100%|HS|  |TAMS 0x00000000c0800000| PB 0x00000000c0800000| Untracked 
|   9|0x00000000c0900000, 0x00000000c0a00000, 0x00000000c0a00000|100%|HC|  |TAMS 0x00000000c0900000| PB 0x00000000c0900000| Untracked 
|  10|0x00000000c0a00000, 0x00000000c0b00000, 0x00000000c0b00000|100%|HC|  |TAMS 0x00000000c0a00000| PB 0x00000000c0a00000| Untracked 
|  11|0x00000000c0b00000, 0x00000000c0c00000, 0x00000000c0c00000|100%| O|  |TAMS 0x00000000c0b00000| PB 0x00000000c0b00000| Untracked 
|  12|0x00000000c0c00000, 0x00000000c0cfffe0, 0x00000000c0d00000| 99%| O|  |TAMS 0x00000000c0c00000| PB 0x00000000c0c00000| Untracked 
|  13|0x00000000c0d00000, 0x00000000c0dff8c0, 0x00000000c0e00000| 99%| O|  |TAMS 0x00000000c0d00000| PB 0x00000000c0d00000| Untracked 
|  14|0x00000000c0e00000, 0x00000000c0efffa0, 0x00000000c0f00000| 99%| O|  |TAMS 0x00000000c0e00000| PB 0x00000000c0e00000| Untracked 
|  15|0x00000000c0f00000, 0x00000000c0fffff0, 0x00000000c1000000| 99%| O|  |TAMS 0x00000000c0f00000| PB 0x00000000c0f00000| Untracked 
|  16|0x00000000c1000000, 0x00000000c10fffe8, 0x00000000c1100000| 99%| O|  |TAMS 0x00000000c1000000| PB 0x00000000c1000000| Untracked 
|  17|0x00000000c1100000, 0x00000000c11fffc0, 0x00000000c1200000| 99%| O|  |TAMS 0x00000000c1100000| PB 0x00000000c1100000| Untracked 
|  18|0x00000000c1200000, 0x00000000c12ffff8, 0x00000000c1300000| 99%| O|  |TAMS 0x00000000c1200000| PB 0x00000000c1200000| Untracked 
|  19|0x00000000c1300000, 0x00000000c1400000, 0x00000000c1400000|100%| O|  |TAMS 0x00000000c1300000| PB 0x00000000c1300000| Untracked 
|  20|0x00000000c1400000, 0x00000000c1500000, 0x00000000c1500000|100%| O|  |TAMS 0x00000000c1400000| PB 0x00000000c1400000| Untracked 
|  21|0x00000000c1500000, 0x00000000c15fcdb0, 0x00000000c1600000| 98%| O|  |TAMS 0x00000000c1500000| PB 0x00000000c1500000| Untracked 
|  22|0x00000000c1600000, 0x00000000c1700000, 0x00000000c1700000|100%| O|  |TAMS 0x00000000c1600000| PB 0x00000000c1600000| Untracked 
|  23|0x00000000c1700000, 0x00000000c1800000, 0x00000000c1800000|100%| O|  |TAMS 0x00000000c1700000| PB 0x00000000c1700000| Untracked 
|  24|0x00000000c1800000, 0x00000000c1900000, 0x00000000c1900000|100%| O|  |TAMS 0x00000000c1800000| PB 0x00000000c1800000| Untracked 
|  25|0x00000000c1900000, 0x00000000c1a00000, 0x00000000c1a00000|100%| O|  |TAMS 0x00000000c1900000| PB 0x00000000c1900000| Untracked 
|  26|0x00000000c1a00000, 0x00000000c1b00000, 0x00000000c1b00000|100%| O|  |TAMS 0x00000000c1a00000| PB 0x00000000c1a00000| Untracked 
|  27|0x00000000c1b00000, 0x00000000c1c00000, 0x00000000c1c00000|100%| O|  |TAMS 0x00000000c1b00000| PB 0x00000000c1b00000| Untracked 
|  28|0x00000000c1c00000, 0x00000000c1d00000, 0x00000000c1d00000|100%| O|  |TAMS 0x00000000c1c00000| PB 0x00000000c1c00000| Untracked 
|  29|0x00000000c1d00000, 0x00000000c1dfffe8, 0x00000000c1e00000| 99%| O|  |TAMS 0x00000000c1d00000| PB 0x00000000c1d00000| Untracked 
|  30|0x00000000c1e00000, 0x00000000c1efffe8, 0x00000000c1f00000| 99%| O|  |TAMS 0x00000000c1e00000| PB 0x00000000c1e00000| Untracked 
|  31|0x00000000c1f00000, 0x00000000c1fffff8, 0x00000000c2000000| 99%| O|  |TAMS 0x00000000c1f00000| PB 0x00000000c1f00000| Untracked 
|  32|0x00000000c2000000, 0x00000000c20ffff8, 0x00000000c2100000| 99%| O|  |TAMS 0x00000000c2000000| PB 0x00000000c2000000| Untracked 
|  33|0x00000000c2100000, 0x00000000c2200000, 0x00000000c2200000|100%| O|  |TAMS 0x00000000c2100000| PB 0x00000000c2100000| Untracked 
|  34|0x00000000c2200000, 0x00000000c22ffff0, 0x00000000c2300000| 99%| O|  |TAMS 0x00000000c2200000| PB 0x00000000c2200000| Untracked 
|  35|0x00000000c2300000, 0x00000000c23fffe0, 0x00000000c2400000| 99%| O|  |TAMS 0x00000000c2300000| PB 0x00000000c2300000| Untracked 
|  36|0x00000000c2400000, 0x00000000c24ffff8, 0x00000000c2500000| 99%| O|  |TAMS 0x00000000c2400000| PB 0x00000000c2400000| Untracked 
|  37|0x00000000c2500000, 0x00000000c2600000, 0x00000000c2600000|100%| O|  |TAMS 0x00000000c2500000| PB 0x00000000c2500000| Untracked 
|  38|0x00000000c2600000, 0x00000000c26ffff0, 0x00000000c2700000| 99%| O|  |TAMS 0x00000000c2600000| PB 0x00000000c2600000| Untracked 
|  39|0x00000000c2700000, 0x00000000c27fffe8, 0x00000000c2800000| 99%| O|  |TAMS 0x00000000c2700000| PB 0x00000000c2700000| Untracked 
|  40|0x00000000c2800000, 0x00000000c28ffff0, 0x00000000c2900000| 99%| O|  |TAMS 0x00000000c2800000| PB 0x00000000c2800000| Untracked 
|  41|0x00000000c2900000, 0x00000000c2a00000, 0x00000000c2a00000|100%| O|  |TAMS 0x00000000c2900000| PB 0x00000000c2900000| Untracked 
|  42|0x00000000c2a00000, 0x00000000c2affff8, 0x00000000c2b00000| 99%| O|  |TAMS 0x00000000c2a00000| PB 0x00000000c2a00000| Untracked 
|  43|0x00000000c2b00000, 0x00000000c2bfffc8, 0x00000000c2c00000| 99%| O|  |TAMS 0x00000000c2b00000| PB 0x00000000c2b00000| Untracked 
|  44|0x00000000c2c00000, 0x00000000c2cfffd8, 0x00000000c2d00000| 99%| O|  |TAMS 0x00000000c2c00000| PB 0x00000000c2c00000| Untracked 
|  45|0x00000000c2d00000, 0x00000000c2e00000, 0x00000000c2e00000|100%| O|  |TAMS 0x00000000c2d00000| PB 0x00000000c2d00000| Untracked 
|  46|0x00000000c2e00000, 0x00000000c2effff0, 0x00000000c2f00000| 99%| O|  |TAMS 0x00000000c2e00000| PB 0x00000000c2e00000| Untracked 
|  47|0x00000000c2f00000, 0x00000000c2ff19d0, 0x00000000c3000000| 94%| O|  |TAMS 0x00000000c2f00000| PB 0x00000000c2f00000| Untracked 
|  48|0x00000000c3000000, 0x00000000c3100000, 0x00000000c3100000|100%| O|  |TAMS 0x00000000c3000000| PB 0x00000000c3000000| Untracked 
|  49|0x00000000c3100000, 0x00000000c3200000, 0x00000000c3200000|100%| O|  |TAMS 0x00000000c3100000| PB 0x00000000c3100000| Untracked 
|  50|0x00000000c3200000, 0x00000000c32fffd0, 0x00000000c3300000| 99%| O|  |TAMS 0x00000000c3200000| PB 0x00000000c3200000| Untracked 
|  51|0x00000000c3300000, 0x00000000c33ffff8, 0x00000000c3400000| 99%| O|  |TAMS 0x00000000c3300000| PB 0x00000000c3300000| Untracked 
|  52|0x00000000c3400000, 0x00000000c34ffff0, 0x00000000c3500000| 99%| O|  |TAMS 0x00000000c3400000| PB 0x00000000c3400000| Untracked 
|  53|0x00000000c3500000, 0x00000000c3600000, 0x00000000c3600000|100%| O|  |TAMS 0x00000000c3500000| PB 0x00000000c3500000| Untracked 
|  54|0x00000000c3600000, 0x00000000c3700000, 0x00000000c3700000|100%| O|  |TAMS 0x00000000c3600000| PB 0x00000000c3600000| Untracked 
|  55|0x00000000c3700000, 0x00000000c37ffff8, 0x00000000c3800000| 99%| O|  |TAMS 0x00000000c3700000| PB 0x00000000c3700000| Untracked 
|  56|0x00000000c3800000, 0x00000000c3900000, 0x00000000c3900000|100%| O|  |TAMS 0x00000000c3800000| PB 0x00000000c3800000| Untracked 
|  57|0x00000000c3900000, 0x00000000c3a00000, 0x00000000c3a00000|100%| O|  |TAMS 0x00000000c3900000| PB 0x00000000c3900000| Untracked 
|  58|0x00000000c3a00000, 0x00000000c3b00000, 0x00000000c3b00000|100%| O|  |TAMS 0x00000000c3a00000| PB 0x00000000c3a00000| Untracked 
|  59|0x00000000c3b00000, 0x00000000c3c00000, 0x00000000c3c00000|100%| O|  |TAMS 0x00000000c3b00000| PB 0x00000000c3b00000| Untracked 
|  60|0x00000000c3c00000, 0x00000000c3d00000, 0x00000000c3d00000|100%| O|  |TAMS 0x00000000c3c00000| PB 0x00000000c3c00000| Untracked 
|  61|0x00000000c3d00000, 0x00000000c3e00000, 0x00000000c3e00000|100%| O|  |TAMS 0x00000000c3d00000| PB 0x00000000c3d00000| Untracked 
|  62|0x00000000c3e00000, 0x00000000c3f00000, 0x00000000c3f00000|100%| O|  |TAMS 0x00000000c3e00000| PB 0x00000000c3e00000| Untracked 
|  63|0x00000000c3f00000, 0x00000000c4000000, 0x00000000c4000000|100%| O|  |TAMS 0x00000000c3f00000| PB 0x00000000c3f00000| Untracked 
|  64|0x00000000c4000000, 0x00000000c4100000, 0x00000000c4100000|100%| O|  |TAMS 0x00000000c4000000| PB 0x00000000c4000000| Untracked 
|  65|0x00000000c4100000, 0x00000000c41ffff0, 0x00000000c4200000| 99%| O|  |TAMS 0x00000000c4100000| PB 0x00000000c4100000| Untracked 
|  66|0x00000000c4200000, 0x00000000c4300000, 0x00000000c4300000|100%| O|  |TAMS 0x00000000c4200000| PB 0x00000000c4200000| Untracked 
|  67|0x00000000c4300000, 0x00000000c43ffff0, 0x00000000c4400000| 99%| O|  |TAMS 0x00000000c4300000| PB 0x00000000c4300000| Untracked 
|  68|0x00000000c4400000, 0x00000000c44ffff0, 0x00000000c4500000| 99%| O|  |TAMS 0x00000000c4400000| PB 0x00000000c4400000| Untracked 
|  69|0x00000000c4500000, 0x00000000c45ffff0, 0x00000000c4600000| 99%| O|  |TAMS 0x00000000c4500000| PB 0x00000000c4500000| Untracked 
|  70|0x00000000c4600000, 0x00000000c46fbba0, 0x00000000c4700000| 98%| O|  |TAMS 0x00000000c4600000| PB 0x00000000c4600000| Untracked 
|  71|0x00000000c4700000, 0x00000000c4800000, 0x00000000c4800000|100%| O|  |TAMS 0x00000000c4700000| PB 0x00000000c4700000| Untracked 
|  72|0x00000000c4800000, 0x00000000c4900000, 0x00000000c4900000|100%| O|  |TAMS 0x00000000c4800000| PB 0x00000000c4800000| Untracked 
|  73|0x00000000c4900000, 0x00000000c4a00000, 0x00000000c4a00000|100%| O|  |TAMS 0x00000000c4900000| PB 0x00000000c4900000| Untracked 
|  74|0x00000000c4a00000, 0x00000000c4b00000, 0x00000000c4b00000|100%| O|  |TAMS 0x00000000c4a00000| PB 0x00000000c4a00000| Untracked 
|  75|0x00000000c4b00000, 0x00000000c4c00000, 0x00000000c4c00000|100%| O|  |TAMS 0x00000000c4b00000| PB 0x00000000c4b00000| Untracked 
|  76|0x00000000c4c00000, 0x00000000c4d00000, 0x00000000c4d00000|100%| O|  |TAMS 0x00000000c4c00000| PB 0x00000000c4c00000| Untracked 
|  77|0x00000000c4d00000, 0x00000000c4e00000, 0x00000000c4e00000|100%| O|  |TAMS 0x00000000c4d00000| PB 0x00000000c4d00000| Untracked 
|  78|0x00000000c4e00000, 0x00000000c4f00000, 0x00000000c4f00000|100%| O|  |TAMS 0x00000000c4e00000| PB 0x00000000c4e00000| Untracked 
|  79|0x00000000c4f00000, 0x00000000c5000000, 0x00000000c5000000|100%| O|  |TAMS 0x00000000c4f00000| PB 0x00000000c4f00000| Untracked 
|  80|0x00000000c5000000, 0x00000000c5100000, 0x00000000c5100000|100%| O|  |TAMS 0x00000000c5000000| PB 0x00000000c5000000| Untracked 
|  81|0x00000000c5100000, 0x00000000c5200000, 0x00000000c5200000|100%| O|  |TAMS 0x00000000c5100000| PB 0x00000000c5100000| Untracked 
|  82|0x00000000c5200000, 0x00000000c52fffe0, 0x00000000c5300000| 99%| O|  |TAMS 0x00000000c5200000| PB 0x00000000c5200000| Untracked 
|  83|0x00000000c5300000, 0x00000000c5400000, 0x00000000c5400000|100%| O|  |TAMS 0x00000000c5300000| PB 0x00000000c5300000| Untracked 
|  84|0x00000000c5400000, 0x00000000c5500000, 0x00000000c5500000|100%| O|  |TAMS 0x00000000c5400000| PB 0x00000000c5400000| Untracked 
|  85|0x00000000c5500000, 0x00000000c5600000, 0x00000000c5600000|100%| O|  |TAMS 0x00000000c5500000| PB 0x00000000c5500000| Untracked 
|  86|0x00000000c5600000, 0x00000000c5700000, 0x00000000c5700000|100%| O|  |TAMS 0x00000000c5600000| PB 0x00000000c5600000| Untracked 
|  87|0x00000000c5700000, 0x00000000c5800000, 0x00000000c5800000|100%| O|  |TAMS 0x00000000c5700000| PB 0x00000000c5700000| Untracked 
|  88|0x00000000c5800000, 0x00000000c5900000, 0x00000000c5900000|100%| O|  |TAMS 0x00000000c5800000| PB 0x00000000c5800000| Untracked 
|  89|0x00000000c5900000, 0x00000000c5a00000, 0x00000000c5a00000|100%| O|  |TAMS 0x00000000c5900000| PB 0x00000000c5900000| Untracked 
|  90|0x00000000c5a00000, 0x00000000c5b00000, 0x00000000c5b00000|100%| O|  |TAMS 0x00000000c5a00000| PB 0x00000000c5a00000| Untracked 
|  91|0x00000000c5b00000, 0x00000000c5c00000, 0x00000000c5c00000|100%| O|  |TAMS 0x00000000c5b00000| PB 0x00000000c5b00000| Untracked 
|  92|0x00000000c5c00000, 0x00000000c5cffff0, 0x00000000c5d00000| 99%| O|  |TAMS 0x00000000c5c00000| PB 0x00000000c5c00000| Untracked 
|  93|0x00000000c5d00000, 0x00000000c5e00000, 0x00000000c5e00000|100%| O|  |TAMS 0x00000000c5d00000| PB 0x00000000c5d00000| Untracked 
|  94|0x00000000c5e00000, 0x00000000c5f00000, 0x00000000c5f00000|100%| O|  |TAMS 0x00000000c5e00000| PB 0x00000000c5e00000| Untracked 
|  95|0x00000000c5f00000, 0x00000000c6000000, 0x00000000c6000000|100%| O|  |TAMS 0x00000000c5f00000| PB 0x00000000c5f00000| Untracked 
|  96|0x00000000c6000000, 0x00000000c60fdc18, 0x00000000c6100000| 99%| O|  |TAMS 0x00000000c6000000| PB 0x00000000c6000000| Untracked 
|  97|0x00000000c6100000, 0x00000000c6200000, 0x00000000c6200000|100%| O|  |TAMS 0x00000000c6100000| PB 0x00000000c6100000| Untracked 
|  98|0x00000000c6200000, 0x00000000c6300000, 0x00000000c6300000|100%| O|  |TAMS 0x00000000c6200000| PB 0x00000000c6200000| Untracked 
|  99|0x00000000c6300000, 0x00000000c63fffc0, 0x00000000c6400000| 99%| O|  |TAMS 0x00000000c6300000| PB 0x00000000c6300000| Untracked 
| 100|0x00000000c6400000, 0x00000000c6500000, 0x00000000c6500000|100%| O|  |TAMS 0x00000000c6400000| PB 0x00000000c6400000| Untracked 
| 101|0x00000000c6500000, 0x00000000c6600000, 0x00000000c6600000|100%| O|  |TAMS 0x00000000c6500000| PB 0x00000000c6500000| Untracked 
| 102|0x00000000c6600000, 0x00000000c6700000, 0x00000000c6700000|100%| O|  |TAMS 0x00000000c6600000| PB 0x00000000c6600000| Untracked 
| 103|0x00000000c6700000, 0x00000000c6800000, 0x00000000c6800000|100%| O|  |TAMS 0x00000000c6700000| PB 0x00000000c6700000| Untracked 
| 104|0x00000000c6800000, 0x00000000c6900000, 0x00000000c6900000|100%| O|  |TAMS 0x00000000c6800000| PB 0x00000000c6800000| Untracked 
| 105|0x00000000c6900000, 0x00000000c6a00000, 0x00000000c6a00000|100%| O|  |TAMS 0x00000000c6900000| PB 0x00000000c6900000| Untracked 
| 106|0x00000000c6a00000, 0x00000000c6b00000, 0x00000000c6b00000|100%| O|  |TAMS 0x00000000c6a00000| PB 0x00000000c6a00000| Untracked 
| 107|0x00000000c6b00000, 0x00000000c6c00000, 0x00000000c6c00000|100%| O|  |TAMS 0x00000000c6b00000| PB 0x00000000c6b00000| Untracked 
| 108|0x00000000c6c00000, 0x00000000c6d00000, 0x00000000c6d00000|100%| O|  |TAMS 0x00000000c6c00000| PB 0x00000000c6c00000| Untracked 
| 109|0x00000000c6d00000, 0x00000000c6e00000, 0x00000000c6e00000|100%| O|  |TAMS 0x00000000c6d00000| PB 0x00000000c6d00000| Untracked 
| 110|0x00000000c6e00000, 0x00000000c6f00000, 0x00000000c6f00000|100%| O|  |TAMS 0x00000000c6e00000| PB 0x00000000c6e00000| Untracked 
| 111|0x00000000c6f00000, 0x00000000c7000000, 0x00000000c7000000|100%| O|  |TAMS 0x00000000c6f00000| PB 0x00000000c6f00000| Untracked 
| 112|0x00000000c7000000, 0x00000000c7100000, 0x00000000c7100000|100%| O|  |TAMS 0x00000000c7000000| PB 0x00000000c7000000| Untracked 
| 113|0x00000000c7100000, 0x00000000c71fffe0, 0x00000000c7200000| 99%| O|  |TAMS 0x00000000c7100000| PB 0x00000000c7100000| Untracked 
| 114|0x00000000c7200000, 0x00000000c7300000, 0x00000000c7300000|100%| O|  |TAMS 0x00000000c7200000| PB 0x00000000c7200000| Untracked 
| 115|0x00000000c7300000, 0x00000000c73ffff0, 0x00000000c7400000| 99%| O|  |TAMS 0x00000000c7300000| PB 0x00000000c7300000| Untracked 
| 116|0x00000000c7400000, 0x00000000c7500000, 0x00000000c7500000|100%| O|  |TAMS 0x00000000c7400000| PB 0x00000000c7400000| Untracked 
| 117|0x00000000c7500000, 0x00000000c75fffe8, 0x00000000c7600000| 99%| O|  |TAMS 0x00000000c7500000| PB 0x00000000c7500000| Untracked 
| 118|0x00000000c7600000, 0x00000000c7700000, 0x00000000c7700000|100%| O|  |TAMS 0x00000000c7600000| PB 0x00000000c7600000| Untracked 
| 119|0x00000000c7700000, 0x00000000c7800000, 0x00000000c7800000|100%| O|  |TAMS 0x00000000c7700000| PB 0x00000000c7700000| Untracked 
| 120|0x00000000c7800000, 0x00000000c7900000, 0x00000000c7900000|100%| O|  |TAMS 0x00000000c7800000| PB 0x00000000c7800000| Untracked 
| 121|0x00000000c7900000, 0x00000000c7a00000, 0x00000000c7a00000|100%| O|  |TAMS 0x00000000c7900000| PB 0x00000000c7900000| Untracked 
| 122|0x00000000c7a00000, 0x00000000c7b00000, 0x00000000c7b00000|100%| O|  |TAMS 0x00000000c7a00000| PB 0x00000000c7a00000| Untracked 
| 123|0x00000000c7b00000, 0x00000000c7be56e8, 0x00000000c7c00000| 89%| O|  |TAMS 0x00000000c7b00000| PB 0x00000000c7b00000| Untracked 
| 124|0x00000000c7c00000, 0x00000000c7cb5840, 0x00000000c7d00000| 70%| O|  |TAMS 0x00000000c7c00000| PB 0x00000000c7c00000| Untracked 
| 125|0x00000000c7d00000, 0x00000000c7dfffb8, 0x00000000c7e00000| 99%| O|  |TAMS 0x00000000c7d00000| PB 0x00000000c7d00000| Untracked 
| 126|0x00000000c7e00000, 0x00000000c7f00000, 0x00000000c7f00000|100%| O|  |TAMS 0x00000000c7e00000| PB 0x00000000c7e00000| Untracked 
| 127|0x00000000c7f00000, 0x00000000c7ffdf70, 0x00000000c8000000| 99%| O|  |TAMS 0x00000000c7f00000| PB 0x00000000c7f00000| Untracked 
| 128|0x00000000c8000000, 0x00000000c80ffe88, 0x00000000c8100000| 99%| O|  |TAMS 0x00000000c8000000| PB 0x00000000c8000000| Untracked 
| 129|0x00000000c8100000, 0x00000000c81fffe0, 0x00000000c8200000| 99%| O|  |TAMS 0x00000000c8100000| PB 0x00000000c8100000| Untracked 
| 130|0x00000000c8200000, 0x00000000c82fffc8, 0x00000000c8300000| 99%| O|  |TAMS 0x00000000c8200000| PB 0x00000000c8200000| Untracked 
| 131|0x00000000c8300000, 0x00000000c83fffa8, 0x00000000c8400000| 99%| O|  |TAMS 0x00000000c8300000| PB 0x00000000c8300000| Untracked 
| 132|0x00000000c8400000, 0x00000000c84ffff0, 0x00000000c8500000| 99%| O|  |TAMS 0x00000000c8400000| PB 0x00000000c8400000| Untracked 
| 133|0x00000000c8500000, 0x00000000c8600000, 0x00000000c8600000|100%| O|  |TAMS 0x00000000c8500000| PB 0x00000000c8500000| Untracked 
| 134|0x00000000c8600000, 0x00000000c86fffe0, 0x00000000c8700000| 99%| O|  |TAMS 0x00000000c8600000| PB 0x00000000c8600000| Untracked 
| 135|0x00000000c8700000, 0x00000000c875c058, 0x00000000c8800000| 35%| O|  |TAMS 0x00000000c8700000| PB 0x00000000c8700000| Untracked 
| 136|0x00000000c8800000, 0x00000000c882fd48, 0x00000000c8900000| 18%| O|  |TAMS 0x00000000c8800000| PB 0x00000000c8800000| Untracked 
| 137|0x00000000c8900000, 0x00000000c89097c0, 0x00000000c8a00000|  3%| O|  |TAMS 0x00000000c8900000| PB 0x00000000c8900000| Untracked 
| 138|0x00000000c8a00000, 0x00000000c8affff0, 0x00000000c8b00000| 99%| O|  |TAMS 0x00000000c8a00000| PB 0x00000000c8a00000| Untracked 
| 139|0x00000000c8b00000, 0x00000000c8bffff0, 0x00000000c8c00000| 99%| O|  |TAMS 0x00000000c8b00000| PB 0x00000000c8b00000| Untracked 
| 140|0x00000000c8c00000, 0x00000000c8d00000, 0x00000000c8d00000|100%| O|  |TAMS 0x00000000c8c00000| PB 0x00000000c8c00000| Untracked 
| 141|0x00000000c8d00000, 0x00000000c8e00000, 0x00000000c8e00000|100%| O|  |TAMS 0x00000000c8d00000| PB 0x00000000c8d00000| Untracked 
| 142|0x00000000c8e00000, 0x00000000c8effff8, 0x00000000c8f00000| 99%| O|  |TAMS 0x00000000c8e00000| PB 0x00000000c8e00000| Untracked 
| 143|0x00000000c8f00000, 0x00000000c8f79998, 0x00000000c9000000| 47%| O|  |TAMS 0x00000000c8f00000| PB 0x00000000c8f00000| Untracked 
| 144|0x00000000c9000000, 0x00000000c905c470, 0x00000000c9100000| 36%| O|  |TAMS 0x00000000c9000000| PB 0x00000000c9000000| Untracked 
| 145|0x00000000c9100000, 0x00000000c9172da0, 0x00000000c9200000| 44%| O|  |TAMS 0x00000000c9100000| PB 0x00000000c9100000| Untracked 
| 146|0x00000000c9200000, 0x00000000c92c5698, 0x00000000c9300000| 77%| O|  |TAMS 0x00000000c9200000| PB 0x00000000c9200000| Untracked 
| 147|0x00000000c9300000, 0x00000000c9392018, 0x00000000c9400000| 57%| O|  |TAMS 0x00000000c9300000| PB 0x00000000c9300000| Untracked 
| 148|0x00000000c9400000, 0x00000000c9500000, 0x00000000c9500000|100%| O|  |TAMS 0x00000000c9400000| PB 0x00000000c9400000| Untracked 
| 149|0x00000000c9500000, 0x00000000c9500000, 0x00000000c9600000|  0%| F|  |TAMS 0x00000000c9500000| PB 0x00000000c9500000| Untracked 
| 150|0x00000000c9600000, 0x00000000c9600000, 0x00000000c9700000|  0%| F|  |TAMS 0x00000000c9600000| PB 0x00000000c9600000| Untracked 
| 151|0x00000000c9700000, 0x00000000c9700000, 0x00000000c9800000|  0%| F|  |TAMS 0x00000000c9700000| PB 0x00000000c9700000| Untracked 
| 152|0x00000000c9800000, 0x00000000c9800000, 0x00000000c9900000|  0%| F|  |TAMS 0x00000000c9800000| PB 0x00000000c9800000| Untracked 
| 153|0x00000000c9900000, 0x00000000c9a00000, 0x00000000c9a00000|100%| O|  |TAMS 0x00000000c9900000| PB 0x00000000c9900000| Untracked 
| 154|0x00000000c9a00000, 0x00000000c9a00000, 0x00000000c9b00000|  0%| F|  |TAMS 0x00000000c9a00000| PB 0x00000000c9a00000| Untracked 
| 155|0x00000000c9b00000, 0x00000000c9c00000, 0x00000000c9c00000|100%| O|  |TAMS 0x00000000c9b00000| PB 0x00000000c9b00000| Untracked 
| 156|0x00000000c9c00000, 0x00000000c9c00000, 0x00000000c9d00000|  0%| F|  |TAMS 0x00000000c9c00000| PB 0x00000000c9c00000| Untracked 
| 157|0x00000000c9d00000, 0x00000000c9d00000, 0x00000000c9e00000|  0%| F|  |TAMS 0x00000000c9d00000| PB 0x00000000c9d00000| Untracked 
| 158|0x00000000c9e00000, 0x00000000c9e00000, 0x00000000c9f00000|  0%| F|  |TAMS 0x00000000c9e00000| PB 0x00000000c9e00000| Untracked 
| 159|0x00000000c9f00000, 0x00000000c9f00000, 0x00000000ca000000|  0%| F|  |TAMS 0x00000000c9f00000| PB 0x00000000c9f00000| Untracked 
| 160|0x00000000ca000000, 0x00000000ca000000, 0x00000000ca100000|  0%| F|  |TAMS 0x00000000ca000000| PB 0x00000000ca000000| Untracked 
| 161|0x00000000ca100000, 0x00000000ca100000, 0x00000000ca200000|  0%| F|  |TAMS 0x00000000ca100000| PB 0x00000000ca100000| Untracked 
| 162|0x00000000ca200000, 0x00000000ca200000, 0x00000000ca300000|  0%| F|  |TAMS 0x00000000ca200000| PB 0x00000000ca200000| Untracked 
| 163|0x00000000ca300000, 0x00000000ca300000, 0x00000000ca400000|  0%| F|  |TAMS 0x00000000ca300000| PB 0x00000000ca300000| Untracked 
| 164|0x00000000ca400000, 0x00000000ca400000, 0x00000000ca500000|  0%| F|  |TAMS 0x00000000ca400000| PB 0x00000000ca400000| Untracked 
| 165|0x00000000ca500000, 0x00000000ca500000, 0x00000000ca600000|  0%| F|  |TAMS 0x00000000ca500000| PB 0x00000000ca500000| Untracked 
| 166|0x00000000ca600000, 0x00000000ca700000, 0x00000000ca700000|100%| O|  |TAMS 0x00000000ca600000| PB 0x00000000ca600000| Untracked 
| 167|0x00000000ca700000, 0x00000000ca700000, 0x00000000ca800000|  0%| F|  |TAMS 0x00000000ca700000| PB 0x00000000ca700000| Untracked 
| 168|0x00000000ca800000, 0x00000000ca800000, 0x00000000ca900000|  0%| F|  |TAMS 0x00000000ca800000| PB 0x00000000ca800000| Untracked 
| 169|0x00000000ca900000, 0x00000000ca900000, 0x00000000caa00000|  0%| F|  |TAMS 0x00000000ca900000| PB 0x00000000ca900000| Untracked 
| 170|0x00000000caa00000, 0x00000000caa00000, 0x00000000cab00000|  0%| F|  |TAMS 0x00000000caa00000| PB 0x00000000caa00000| Untracked 
| 171|0x00000000cab00000, 0x00000000cab00000, 0x00000000cac00000|  0%| F|  |TAMS 0x00000000cab00000| PB 0x00000000cab00000| Untracked 
| 172|0x00000000cac00000, 0x00000000cac00000, 0x00000000cad00000|  0%| F|  |TAMS 0x00000000cac00000| PB 0x00000000cac00000| Untracked 
| 173|0x00000000cad00000, 0x00000000cad00000, 0x00000000cae00000|  0%| F|  |TAMS 0x00000000cad00000| PB 0x00000000cad00000| Untracked 
| 174|0x00000000cae00000, 0x00000000cae00000, 0x00000000caf00000|  0%| F|  |TAMS 0x00000000cae00000| PB 0x00000000cae00000| Untracked 
| 175|0x00000000caf00000, 0x00000000caf00000, 0x00000000cb000000|  0%| F|  |TAMS 0x00000000caf00000| PB 0x00000000caf00000| Untracked 
| 176|0x00000000cb000000, 0x00000000cb000000, 0x00000000cb100000|  0%| F|  |TAMS 0x00000000cb000000| PB 0x00000000cb000000| Untracked 
| 177|0x00000000cb100000, 0x00000000cb100000, 0x00000000cb200000|  0%| F|  |TAMS 0x00000000cb100000| PB 0x00000000cb100000| Untracked 
| 178|0x00000000cb200000, 0x00000000cb200000, 0x00000000cb300000|  0%| F|  |TAMS 0x00000000cb200000| PB 0x00000000cb200000| Untracked 
| 179|0x00000000cb300000, 0x00000000cb300000, 0x00000000cb400000|  0%| F|  |TAMS 0x00000000cb300000| PB 0x00000000cb300000| Untracked 
| 180|0x00000000cb400000, 0x00000000cb400000, 0x00000000cb500000|  0%| F|  |TAMS 0x00000000cb400000| PB 0x00000000cb400000| Untracked 
| 181|0x00000000cb500000, 0x00000000cb500000, 0x00000000cb600000|  0%| F|  |TAMS 0x00000000cb500000| PB 0x00000000cb500000| Untracked 
| 182|0x00000000cb600000, 0x00000000cb600000, 0x00000000cb700000|  0%| F|  |TAMS 0x00000000cb600000| PB 0x00000000cb600000| Untracked 
| 183|0x00000000cb700000, 0x00000000cb700000, 0x00000000cb800000|  0%| F|  |TAMS 0x00000000cb700000| PB 0x00000000cb700000| Untracked 
| 184|0x00000000cb800000, 0x00000000cb800000, 0x00000000cb900000|  0%| F|  |TAMS 0x00000000cb800000| PB 0x00000000cb800000| Untracked 
| 185|0x00000000cb900000, 0x00000000cb900000, 0x00000000cba00000|  0%| F|  |TAMS 0x00000000cb900000| PB 0x00000000cb900000| Untracked 
| 186|0x00000000cba00000, 0x00000000cba00000, 0x00000000cbb00000|  0%| F|  |TAMS 0x00000000cba00000| PB 0x00000000cba00000| Untracked 
| 187|0x00000000cbb00000, 0x00000000cbb00000, 0x00000000cbc00000|  0%| F|  |TAMS 0x00000000cbb00000| PB 0x00000000cbb00000| Untracked 
| 188|0x00000000cbc00000, 0x00000000cbc00000, 0x00000000cbd00000|  0%| F|  |TAMS 0x00000000cbc00000| PB 0x00000000cbc00000| Untracked 
| 189|0x00000000cbd00000, 0x00000000cbd00000, 0x00000000cbe00000|  0%| F|  |TAMS 0x00000000cbd00000| PB 0x00000000cbd00000| Untracked 
| 190|0x00000000cbe00000, 0x00000000cbe00000, 0x00000000cbf00000|  0%| F|  |TAMS 0x00000000cbe00000| PB 0x00000000cbe00000| Untracked 
| 191|0x00000000cbf00000, 0x00000000cbf00000, 0x00000000cc000000|  0%| F|  |TAMS 0x00000000cbf00000| PB 0x00000000cbf00000| Untracked 
| 192|0x00000000cc000000, 0x00000000cc000000, 0x00000000cc100000|  0%| F|  |TAMS 0x00000000cc000000| PB 0x00000000cc000000| Untracked 
| 193|0x00000000cc100000, 0x00000000cc100000, 0x00000000cc200000|  0%| F|  |TAMS 0x00000000cc100000| PB 0x00000000cc100000| Untracked 
| 194|0x00000000cc200000, 0x00000000cc200000, 0x00000000cc300000|  0%| F|  |TAMS 0x00000000cc200000| PB 0x00000000cc200000| Untracked 
| 195|0x00000000cc300000, 0x00000000cc300000, 0x00000000cc400000|  0%| F|  |TAMS 0x00000000cc300000| PB 0x00000000cc300000| Untracked 
| 196|0x00000000cc400000, 0x00000000cc400000, 0x00000000cc500000|  0%| F|  |TAMS 0x00000000cc400000| PB 0x00000000cc400000| Untracked 
| 197|0x00000000cc500000, 0x00000000cc500000, 0x00000000cc600000|  0%| F|  |TAMS 0x00000000cc500000| PB 0x00000000cc500000| Untracked 
| 198|0x00000000cc600000, 0x00000000cc600000, 0x00000000cc700000|  0%| F|  |TAMS 0x00000000cc600000| PB 0x00000000cc600000| Untracked 
| 199|0x00000000cc700000, 0x00000000cc700000, 0x00000000cc800000|  0%| F|  |TAMS 0x00000000cc700000| PB 0x00000000cc700000| Untracked 
| 200|0x00000000cc800000, 0x00000000cc800000, 0x00000000cc900000|  0%| F|  |TAMS 0x00000000cc800000| PB 0x00000000cc800000| Untracked 
| 201|0x00000000cc900000, 0x00000000cc900000, 0x00000000cca00000|  0%| F|  |TAMS 0x00000000cc900000| PB 0x00000000cc900000| Untracked 
| 202|0x00000000cca00000, 0x00000000cca00000, 0x00000000ccb00000|  0%| F|  |TAMS 0x00000000cca00000| PB 0x00000000cca00000| Untracked 
| 203|0x00000000ccb00000, 0x00000000ccb00000, 0x00000000ccc00000|  0%| F|  |TAMS 0x00000000ccb00000| PB 0x00000000ccb00000| Untracked 
| 204|0x00000000ccc00000, 0x00000000ccc00000, 0x00000000ccd00000|  0%| F|  |TAMS 0x00000000ccc00000| PB 0x00000000ccc00000| Untracked 
| 205|0x00000000ccd00000, 0x00000000ccd00000, 0x00000000cce00000|  0%| F|  |TAMS 0x00000000ccd00000| PB 0x00000000ccd00000| Untracked 
| 206|0x00000000cce00000, 0x00000000cce00000, 0x00000000ccf00000|  0%| F|  |TAMS 0x00000000cce00000| PB 0x00000000cce00000| Untracked 
| 207|0x00000000ccf00000, 0x00000000ccf00000, 0x00000000cd000000|  0%| F|  |TAMS 0x00000000ccf00000| PB 0x00000000ccf00000| Untracked 
| 208|0x00000000cd000000, 0x00000000cd100000, 0x00000000cd100000|100%|HS|  |TAMS 0x00000000cd000000| PB 0x00000000cd000000| Untracked 
| 209|0x00000000cd100000, 0x00000000cd100000, 0x00000000cd200000|  0%| F|  |TAMS 0x00000000cd100000| PB 0x00000000cd100000| Untracked 
| 210|0x00000000cd200000, 0x00000000cd200000, 0x00000000cd300000|  0%| F|  |TAMS 0x00000000cd200000| PB 0x00000000cd200000| Untracked 
| 211|0x00000000cd300000, 0x00000000cd300000, 0x00000000cd400000|  0%| F|  |TAMS 0x00000000cd300000| PB 0x00000000cd300000| Untracked 
| 212|0x00000000cd400000, 0x00000000cd400000, 0x00000000cd500000|  0%| F|  |TAMS 0x00000000cd400000| PB 0x00000000cd400000| Untracked 
| 213|0x00000000cd500000, 0x00000000cd500000, 0x00000000cd600000|  0%| F|  |TAMS 0x00000000cd500000| PB 0x00000000cd500000| Untracked 
| 214|0x00000000cd600000, 0x00000000cd700000, 0x00000000cd700000|100%|HS|  |TAMS 0x00000000cd600000| PB 0x00000000cd600000| Untracked 
| 215|0x00000000cd700000, 0x00000000cd800000, 0x00000000cd800000|100%|HC|  |TAMS 0x00000000cd700000| PB 0x00000000cd700000| Untracked 
| 216|0x00000000cd800000, 0x00000000cd800000, 0x00000000cd900000|  0%| F|  |TAMS 0x00000000cd800000| PB 0x00000000cd800000| Untracked 
| 217|0x00000000cd900000, 0x00000000cd900000, 0x00000000cda00000|  0%| F|  |TAMS 0x00000000cd900000| PB 0x00000000cd900000| Untracked 
| 218|0x00000000cda00000, 0x00000000cda00000, 0x00000000cdb00000|  0%| F|  |TAMS 0x00000000cda00000| PB 0x00000000cda00000| Untracked 
| 219|0x00000000cdb00000, 0x00000000cdb00000, 0x00000000cdc00000|  0%| F|  |TAMS 0x00000000cdb00000| PB 0x00000000cdb00000| Untracked 
| 220|0x00000000cdc00000, 0x00000000cdc00000, 0x00000000cdd00000|  0%| F|  |TAMS 0x00000000cdc00000| PB 0x00000000cdc00000| Untracked 
| 221|0x00000000cdd00000, 0x00000000cdd00000, 0x00000000cde00000|  0%| F|  |TAMS 0x00000000cdd00000| PB 0x00000000cdd00000| Untracked 
| 222|0x00000000cde00000, 0x00000000cde00000, 0x00000000cdf00000|  0%| F|  |TAMS 0x00000000cde00000| PB 0x00000000cde00000| Untracked 
| 223|0x00000000cdf00000, 0x00000000cdf00000, 0x00000000ce000000|  0%| F|  |TAMS 0x00000000cdf00000| PB 0x00000000cdf00000| Untracked 
| 224|0x00000000ce000000, 0x00000000ce000000, 0x00000000ce100000|  0%| F|  |TAMS 0x00000000ce000000| PB 0x00000000ce000000| Untracked 
| 225|0x00000000ce100000, 0x00000000ce100000, 0x00000000ce200000|  0%| F|  |TAMS 0x00000000ce100000| PB 0x00000000ce100000| Untracked 
| 226|0x00000000ce200000, 0x00000000ce200000, 0x00000000ce300000|  0%| F|  |TAMS 0x00000000ce200000| PB 0x00000000ce200000| Untracked 
| 227|0x00000000ce300000, 0x00000000ce300000, 0x00000000ce400000|  0%| F|  |TAMS 0x00000000ce300000| PB 0x00000000ce300000| Untracked 
| 228|0x00000000ce400000, 0x00000000ce400000, 0x00000000ce500000|  0%| F|  |TAMS 0x00000000ce400000| PB 0x00000000ce400000| Untracked 
| 229|0x00000000ce500000, 0x00000000ce500000, 0x00000000ce600000|  0%| F|  |TAMS 0x00000000ce500000| PB 0x00000000ce500000| Untracked 
| 230|0x00000000ce600000, 0x00000000ce600000, 0x00000000ce700000|  0%| F|  |TAMS 0x00000000ce600000| PB 0x00000000ce600000| Untracked 
| 231|0x00000000ce700000, 0x00000000ce700000, 0x00000000ce800000|  0%| F|  |TAMS 0x00000000ce700000| PB 0x00000000ce700000| Untracked 
| 232|0x00000000ce800000, 0x00000000ce800000, 0x00000000ce900000|  0%| F|  |TAMS 0x00000000ce800000| PB 0x00000000ce800000| Untracked 
| 233|0x00000000ce900000, 0x00000000ce900000, 0x00000000cea00000|  0%| F|  |TAMS 0x00000000ce900000| PB 0x00000000ce900000| Untracked 
| 234|0x00000000cea00000, 0x00000000cea00000, 0x00000000ceb00000|  0%| F|  |TAMS 0x00000000cea00000| PB 0x00000000cea00000| Untracked 
| 235|0x00000000ceb00000, 0x00000000ceb00000, 0x00000000cec00000|  0%| F|  |TAMS 0x00000000ceb00000| PB 0x00000000ceb00000| Untracked 
| 236|0x00000000cec00000, 0x00000000cec00000, 0x00000000ced00000|  0%| F|  |TAMS 0x00000000cec00000| PB 0x00000000cec00000| Untracked 
| 237|0x00000000ced00000, 0x00000000ced00000, 0x00000000cee00000|  0%| F|  |TAMS 0x00000000ced00000| PB 0x00000000ced00000| Untracked 
| 238|0x00000000cee00000, 0x00000000cee00000, 0x00000000cef00000|  0%| F|  |TAMS 0x00000000cee00000| PB 0x00000000cee00000| Untracked 
| 239|0x00000000cef00000, 0x00000000cef00000, 0x00000000cf000000|  0%| F|  |TAMS 0x00000000cef00000| PB 0x00000000cef00000| Untracked 
| 240|0x00000000cf000000, 0x00000000cf000000, 0x00000000cf100000|  0%| F|  |TAMS 0x00000000cf000000| PB 0x00000000cf000000| Untracked 
| 241|0x00000000cf100000, 0x00000000cf100000, 0x00000000cf200000|  0%| F|  |TAMS 0x00000000cf100000| PB 0x00000000cf100000| Untracked 
| 242|0x00000000cf200000, 0x00000000cf200000, 0x00000000cf300000|  0%| F|  |TAMS 0x00000000cf200000| PB 0x00000000cf200000| Untracked 
| 243|0x00000000cf300000, 0x00000000cf300000, 0x00000000cf400000|  0%| F|  |TAMS 0x00000000cf300000| PB 0x00000000cf300000| Untracked 
| 244|0x00000000cf400000, 0x00000000cf400000, 0x00000000cf500000|  0%| F|  |TAMS 0x00000000cf400000| PB 0x00000000cf400000| Untracked 
| 245|0x00000000cf500000, 0x00000000cf500000, 0x00000000cf600000|  0%| F|  |TAMS 0x00000000cf500000| PB 0x00000000cf500000| Untracked 
| 246|0x00000000cf600000, 0x00000000cf600000, 0x00000000cf700000|  0%| F|  |TAMS 0x00000000cf600000| PB 0x00000000cf600000| Untracked 
| 247|0x00000000cf700000, 0x00000000cf700000, 0x00000000cf800000|  0%| F|  |TAMS 0x00000000cf700000| PB 0x00000000cf700000| Untracked 
| 248|0x00000000cf800000, 0x00000000cf800000, 0x00000000cf900000|  0%| F|  |TAMS 0x00000000cf800000| PB 0x00000000cf800000| Untracked 
| 249|0x00000000cf900000, 0x00000000cf900000, 0x00000000cfa00000|  0%| F|  |TAMS 0x00000000cf900000| PB 0x00000000cf900000| Untracked 
| 250|0x00000000cfa00000, 0x00000000cfa00000, 0x00000000cfb00000|  0%| F|  |TAMS 0x00000000cfa00000| PB 0x00000000cfa00000| Untracked 
| 251|0x00000000cfb00000, 0x00000000cfb00000, 0x00000000cfc00000|  0%| F|  |TAMS 0x00000000cfb00000| PB 0x00000000cfb00000| Untracked 
| 252|0x00000000cfc00000, 0x00000000cfc00000, 0x00000000cfd00000|  0%| F|  |TAMS 0x00000000cfc00000| PB 0x00000000cfc00000| Untracked 
| 253|0x00000000cfd00000, 0x00000000cfd00000, 0x00000000cfe00000|  0%| F|  |TAMS 0x00000000cfd00000| PB 0x00000000cfd00000| Untracked 
| 254|0x00000000cfe00000, 0x00000000cfe00000, 0x00000000cff00000|  0%| F|  |TAMS 0x00000000cfe00000| PB 0x00000000cfe00000| Untracked 
| 255|0x00000000cff00000, 0x00000000cff00000, 0x00000000d0000000|  0%| F|  |TAMS 0x00000000cff00000| PB 0x00000000cff00000| Untracked 
| 256|0x00000000d0000000, 0x00000000d0000000, 0x00000000d0100000|  0%| F|  |TAMS 0x00000000d0000000| PB 0x00000000d0000000| Untracked 
| 257|0x00000000d0100000, 0x00000000d0100000, 0x00000000d0200000|  0%| F|  |TAMS 0x00000000d0100000| PB 0x00000000d0100000| Untracked 
| 258|0x00000000d0200000, 0x00000000d0200000, 0x00000000d0300000|  0%| F|  |TAMS 0x00000000d0200000| PB 0x00000000d0200000| Untracked 
| 259|0x00000000d0300000, 0x00000000d0300000, 0x00000000d0400000|  0%| F|  |TAMS 0x00000000d0300000| PB 0x00000000d0300000| Untracked 
| 260|0x00000000d0400000, 0x00000000d0400000, 0x00000000d0500000|  0%| F|  |TAMS 0x00000000d0400000| PB 0x00000000d0400000| Untracked 
| 261|0x00000000d0500000, 0x00000000d0500000, 0x00000000d0600000|  0%| F|  |TAMS 0x00000000d0500000| PB 0x00000000d0500000| Untracked 
| 262|0x00000000d0600000, 0x00000000d0600000, 0x00000000d0700000|  0%| F|  |TAMS 0x00000000d0600000| PB 0x00000000d0600000| Untracked 
| 263|0x00000000d0700000, 0x00000000d0700000, 0x00000000d0800000|  0%| F|  |TAMS 0x00000000d0700000| PB 0x00000000d0700000| Untracked 
| 264|0x00000000d0800000, 0x00000000d0800000, 0x00000000d0900000|  0%| F|  |TAMS 0x00000000d0800000| PB 0x00000000d0800000| Untracked 
| 265|0x00000000d0900000, 0x00000000d0900000, 0x00000000d0a00000|  0%| F|  |TAMS 0x00000000d0900000| PB 0x00000000d0900000| Untracked 
| 266|0x00000000d0a00000, 0x00000000d0a00000, 0x00000000d0b00000|  0%| F|  |TAMS 0x00000000d0a00000| PB 0x00000000d0a00000| Untracked 
| 267|0x00000000d0b00000, 0x00000000d0b00000, 0x00000000d0c00000|  0%| F|  |TAMS 0x00000000d0b00000| PB 0x00000000d0b00000| Untracked 
| 268|0x00000000d0c00000, 0x00000000d0c00000, 0x00000000d0d00000|  0%| F|  |TAMS 0x00000000d0c00000| PB 0x00000000d0c00000| Untracked 
| 269|0x00000000d0d00000, 0x00000000d0d00000, 0x00000000d0e00000|  0%| F|  |TAMS 0x00000000d0d00000| PB 0x00000000d0d00000| Untracked 
| 270|0x00000000d0e00000, 0x00000000d0e00000, 0x00000000d0f00000|  0%| F|  |TAMS 0x00000000d0e00000| PB 0x00000000d0e00000| Untracked 
| 271|0x00000000d0f00000, 0x00000000d0f00000, 0x00000000d1000000|  0%| F|  |TAMS 0x00000000d0f00000| PB 0x00000000d0f00000| Untracked 
| 272|0x00000000d1000000, 0x00000000d1000000, 0x00000000d1100000|  0%| F|  |TAMS 0x00000000d1000000| PB 0x00000000d1000000| Untracked 
| 273|0x00000000d1100000, 0x00000000d1100000, 0x00000000d1200000|  0%| F|  |TAMS 0x00000000d1100000| PB 0x00000000d1100000| Untracked 
| 274|0x00000000d1200000, 0x00000000d1200000, 0x00000000d1300000|  0%| F|  |TAMS 0x00000000d1200000| PB 0x00000000d1200000| Untracked 
| 275|0x00000000d1300000, 0x00000000d1300000, 0x00000000d1400000|  0%| F|  |TAMS 0x00000000d1300000| PB 0x00000000d1300000| Untracked 
| 276|0x00000000d1400000, 0x00000000d1400000, 0x00000000d1500000|  0%| F|  |TAMS 0x00000000d1400000| PB 0x00000000d1400000| Untracked 
| 277|0x00000000d1500000, 0x00000000d1500000, 0x00000000d1600000|  0%| F|  |TAMS 0x00000000d1500000| PB 0x00000000d1500000| Untracked 
| 278|0x00000000d1600000, 0x00000000d1600000, 0x00000000d1700000|  0%| F|  |TAMS 0x00000000d1600000| PB 0x00000000d1600000| Untracked 
| 279|0x00000000d1700000, 0x00000000d1700000, 0x00000000d1800000|  0%| F|  |TAMS 0x00000000d1700000| PB 0x00000000d1700000| Untracked 
| 280|0x00000000d1800000, 0x00000000d1800000, 0x00000000d1900000|  0%| F|  |TAMS 0x00000000d1800000| PB 0x00000000d1800000| Untracked 
| 281|0x00000000d1900000, 0x00000000d1900000, 0x00000000d1a00000|  0%| F|  |TAMS 0x00000000d1900000| PB 0x00000000d1900000| Untracked 
| 282|0x00000000d1a00000, 0x00000000d1a00000, 0x00000000d1b00000|  0%| F|  |TAMS 0x00000000d1a00000| PB 0x00000000d1a00000| Untracked 
| 283|0x00000000d1b00000, 0x00000000d1b00000, 0x00000000d1c00000|  0%| F|  |TAMS 0x00000000d1b00000| PB 0x00000000d1b00000| Untracked 
| 284|0x00000000d1c00000, 0x00000000d1c00000, 0x00000000d1d00000|  0%| F|  |TAMS 0x00000000d1c00000| PB 0x00000000d1c00000| Untracked 
| 285|0x00000000d1d00000, 0x00000000d1d00000, 0x00000000d1e00000|  0%| F|  |TAMS 0x00000000d1d00000| PB 0x00000000d1d00000| Untracked 
| 286|0x00000000d1e00000, 0x00000000d1e00000, 0x00000000d1f00000|  0%| F|  |TAMS 0x00000000d1e00000| PB 0x00000000d1e00000| Untracked 
| 287|0x00000000d1f00000, 0x00000000d1f00000, 0x00000000d2000000|  0%| F|  |TAMS 0x00000000d1f00000| PB 0x00000000d1f00000| Untracked 
| 288|0x00000000d2000000, 0x00000000d2000000, 0x00000000d2100000|  0%| F|  |TAMS 0x00000000d2000000| PB 0x00000000d2000000| Untracked 
| 289|0x00000000d2100000, 0x00000000d2100000, 0x00000000d2200000|  0%| F|  |TAMS 0x00000000d2100000| PB 0x00000000d2100000| Untracked 
| 290|0x00000000d2200000, 0x00000000d2200000, 0x00000000d2300000|  0%| F|  |TAMS 0x00000000d2200000| PB 0x00000000d2200000| Untracked 
| 291|0x00000000d2300000, 0x00000000d2300000, 0x00000000d2400000|  0%| F|  |TAMS 0x00000000d2300000| PB 0x00000000d2300000| Untracked 
| 292|0x00000000d2400000, 0x00000000d2400000, 0x00000000d2500000|  0%| F|  |TAMS 0x00000000d2400000| PB 0x00000000d2400000| Untracked 
| 293|0x00000000d2500000, 0x00000000d2500000, 0x00000000d2600000|  0%| F|  |TAMS 0x00000000d2500000| PB 0x00000000d2500000| Untracked 
| 294|0x00000000d2600000, 0x00000000d2600000, 0x00000000d2700000|  0%| F|  |TAMS 0x00000000d2600000| PB 0x00000000d2600000| Untracked 
| 295|0x00000000d2700000, 0x00000000d2700000, 0x00000000d2800000|  0%| F|  |TAMS 0x00000000d2700000| PB 0x00000000d2700000| Untracked 
| 296|0x00000000d2800000, 0x00000000d2800000, 0x00000000d2900000|  0%| F|  |TAMS 0x00000000d2800000| PB 0x00000000d2800000| Untracked 
| 297|0x00000000d2900000, 0x00000000d2900000, 0x00000000d2a00000|  0%| F|  |TAMS 0x00000000d2900000| PB 0x00000000d2900000| Untracked 
| 298|0x00000000d2a00000, 0x00000000d2a00000, 0x00000000d2b00000|  0%| F|  |TAMS 0x00000000d2a00000| PB 0x00000000d2a00000| Untracked 
| 299|0x00000000d2b00000, 0x00000000d2b00000, 0x00000000d2c00000|  0%| F|  |TAMS 0x00000000d2b00000| PB 0x00000000d2b00000| Untracked 
| 300|0x00000000d2c00000, 0x00000000d2c00000, 0x00000000d2d00000|  0%| F|  |TAMS 0x00000000d2c00000| PB 0x00000000d2c00000| Untracked 
| 301|0x00000000d2d00000, 0x00000000d2d00000, 0x00000000d2e00000|  0%| F|  |TAMS 0x00000000d2d00000| PB 0x00000000d2d00000| Untracked 
| 302|0x00000000d2e00000, 0x00000000d2e00000, 0x00000000d2f00000|  0%| F|  |TAMS 0x00000000d2e00000| PB 0x00000000d2e00000| Untracked 
| 303|0x00000000d2f00000, 0x00000000d2f00000, 0x00000000d3000000|  0%| F|  |TAMS 0x00000000d2f00000| PB 0x00000000d2f00000| Untracked 
| 304|0x00000000d3000000, 0x00000000d3000000, 0x00000000d3100000|  0%| F|  |TAMS 0x00000000d3000000| PB 0x00000000d3000000| Untracked 
| 305|0x00000000d3100000, 0x00000000d3100000, 0x00000000d3200000|  0%| F|  |TAMS 0x00000000d3100000| PB 0x00000000d3100000| Untracked 
| 306|0x00000000d3200000, 0x00000000d3200000, 0x00000000d3300000|  0%| F|  |TAMS 0x00000000d3200000| PB 0x00000000d3200000| Untracked 
| 307|0x00000000d3300000, 0x00000000d3300000, 0x00000000d3400000|  0%| F|  |TAMS 0x00000000d3300000| PB 0x00000000d3300000| Untracked 
| 308|0x00000000d3400000, 0x00000000d3400000, 0x00000000d3500000|  0%| F|  |TAMS 0x00000000d3400000| PB 0x00000000d3400000| Untracked 
| 309|0x00000000d3500000, 0x00000000d3500000, 0x00000000d3600000|  0%| F|  |TAMS 0x00000000d3500000| PB 0x00000000d3500000| Untracked 
| 310|0x00000000d3600000, 0x00000000d3600000, 0x00000000d3700000|  0%| F|  |TAMS 0x00000000d3600000| PB 0x00000000d3600000| Untracked 
| 311|0x00000000d3700000, 0x00000000d3700000, 0x00000000d3800000|  0%| F|  |TAMS 0x00000000d3700000| PB 0x00000000d3700000| Untracked 
| 312|0x00000000d3800000, 0x00000000d3800000, 0x00000000d3900000|  0%| F|  |TAMS 0x00000000d3800000| PB 0x00000000d3800000| Untracked 
| 313|0x00000000d3900000, 0x00000000d3900000, 0x00000000d3a00000|  0%| F|  |TAMS 0x00000000d3900000| PB 0x00000000d3900000| Untracked 
| 314|0x00000000d3a00000, 0x00000000d3a00000, 0x00000000d3b00000|  0%| F|  |TAMS 0x00000000d3a00000| PB 0x00000000d3a00000| Untracked 
| 315|0x00000000d3b00000, 0x00000000d3b00000, 0x00000000d3c00000|  0%| F|  |TAMS 0x00000000d3b00000| PB 0x00000000d3b00000| Untracked 
| 316|0x00000000d3c00000, 0x00000000d3c00000, 0x00000000d3d00000|  0%| F|  |TAMS 0x00000000d3c00000| PB 0x00000000d3c00000| Untracked 
| 317|0x00000000d3d00000, 0x00000000d3d00000, 0x00000000d3e00000|  0%| F|  |TAMS 0x00000000d3d00000| PB 0x00000000d3d00000| Untracked 
| 318|0x00000000d3e00000, 0x00000000d3e00000, 0x00000000d3f00000|  0%| F|  |TAMS 0x00000000d3e00000| PB 0x00000000d3e00000| Untracked 
| 319|0x00000000d3f00000, 0x00000000d3f00000, 0x00000000d4000000|  0%| F|  |TAMS 0x00000000d3f00000| PB 0x00000000d3f00000| Untracked 
| 320|0x00000000d4000000, 0x00000000d4000000, 0x00000000d4100000|  0%| F|  |TAMS 0x00000000d4000000| PB 0x00000000d4000000| Untracked 
| 321|0x00000000d4100000, 0x00000000d4100000, 0x00000000d4200000|  0%| F|  |TAMS 0x00000000d4100000| PB 0x00000000d4100000| Untracked 
| 322|0x00000000d4200000, 0x00000000d4200000, 0x00000000d4300000|  0%| F|  |TAMS 0x00000000d4200000| PB 0x00000000d4200000| Untracked 
| 323|0x00000000d4300000, 0x00000000d4300000, 0x00000000d4400000|  0%| F|  |TAMS 0x00000000d4300000| PB 0x00000000d4300000| Untracked 
| 324|0x00000000d4400000, 0x00000000d4400000, 0x00000000d4500000|  0%| F|  |TAMS 0x00000000d4400000| PB 0x00000000d4400000| Untracked 
| 325|0x00000000d4500000, 0x00000000d4500000, 0x00000000d4600000|  0%| F|  |TAMS 0x00000000d4500000| PB 0x00000000d4500000| Untracked 
| 326|0x00000000d4600000, 0x00000000d4600000, 0x00000000d4700000|  0%| F|  |TAMS 0x00000000d4600000| PB 0x00000000d4600000| Untracked 
| 327|0x00000000d4700000, 0x00000000d4700000, 0x00000000d4800000|  0%| F|  |TAMS 0x00000000d4700000| PB 0x00000000d4700000| Untracked 
| 328|0x00000000d4800000, 0x00000000d4800000, 0x00000000d4900000|  0%| F|  |TAMS 0x00000000d4800000| PB 0x00000000d4800000| Untracked 
| 329|0x00000000d4900000, 0x00000000d4900000, 0x00000000d4a00000|  0%| F|  |TAMS 0x00000000d4900000| PB 0x00000000d4900000| Untracked 
| 330|0x00000000d4a00000, 0x00000000d4a00000, 0x00000000d4b00000|  0%| F|  |TAMS 0x00000000d4a00000| PB 0x00000000d4a00000| Untracked 
| 331|0x00000000d4b00000, 0x00000000d4b00000, 0x00000000d4c00000|  0%| F|  |TAMS 0x00000000d4b00000| PB 0x00000000d4b00000| Untracked 
| 332|0x00000000d4c00000, 0x00000000d4c00000, 0x00000000d4d00000|  0%| F|  |TAMS 0x00000000d4c00000| PB 0x00000000d4c00000| Untracked 
| 333|0x00000000d4d00000, 0x00000000d4d00000, 0x00000000d4e00000|  0%| F|  |TAMS 0x00000000d4d00000| PB 0x00000000d4d00000| Untracked 
| 334|0x00000000d4e00000, 0x00000000d4e00000, 0x00000000d4f00000|  0%| F|  |TAMS 0x00000000d4e00000| PB 0x00000000d4e00000| Untracked 
| 335|0x00000000d4f00000, 0x00000000d4f00000, 0x00000000d5000000|  0%| F|  |TAMS 0x00000000d4f00000| PB 0x00000000d4f00000| Untracked 
| 336|0x00000000d5000000, 0x00000000d5000000, 0x00000000d5100000|  0%| F|  |TAMS 0x00000000d5000000| PB 0x00000000d5000000| Untracked 
| 337|0x00000000d5100000, 0x00000000d5100000, 0x00000000d5200000|  0%| F|  |TAMS 0x00000000d5100000| PB 0x00000000d5100000| Untracked 
| 338|0x00000000d5200000, 0x00000000d5200000, 0x00000000d5300000|  0%| F|  |TAMS 0x00000000d5200000| PB 0x00000000d5200000| Untracked 
| 339|0x00000000d5300000, 0x00000000d5300000, 0x00000000d5400000|  0%| F|  |TAMS 0x00000000d5300000| PB 0x00000000d5300000| Untracked 
| 340|0x00000000d5400000, 0x00000000d5400000, 0x00000000d5500000|  0%| F|  |TAMS 0x00000000d5400000| PB 0x00000000d5400000| Untracked 
| 341|0x00000000d5500000, 0x00000000d5500000, 0x00000000d5600000|  0%| F|  |TAMS 0x00000000d5500000| PB 0x00000000d5500000| Untracked 
| 342|0x00000000d5600000, 0x00000000d5600000, 0x00000000d5700000|  0%| F|  |TAMS 0x00000000d5600000| PB 0x00000000d5600000| Untracked 
| 343|0x00000000d5700000, 0x00000000d5700000, 0x00000000d5800000|  0%| F|  |TAMS 0x00000000d5700000| PB 0x00000000d5700000| Untracked 
| 344|0x00000000d5800000, 0x00000000d5800000, 0x00000000d5900000|  0%| F|  |TAMS 0x00000000d5800000| PB 0x00000000d5800000| Untracked 
| 345|0x00000000d5900000, 0x00000000d5900000, 0x00000000d5a00000|  0%| F|  |TAMS 0x00000000d5900000| PB 0x00000000d5900000| Untracked 
| 346|0x00000000d5a00000, 0x00000000d5a00000, 0x00000000d5b00000|  0%| F|  |TAMS 0x00000000d5a00000| PB 0x00000000d5a00000| Untracked 
| 347|0x00000000d5b00000, 0x00000000d5b00000, 0x00000000d5c00000|  0%| F|  |TAMS 0x00000000d5b00000| PB 0x00000000d5b00000| Untracked 
| 348|0x00000000d5c00000, 0x00000000d5c00000, 0x00000000d5d00000|  0%| F|  |TAMS 0x00000000d5c00000| PB 0x00000000d5c00000| Untracked 
| 349|0x00000000d5d00000, 0x00000000d5d00000, 0x00000000d5e00000|  0%| F|  |TAMS 0x00000000d5d00000| PB 0x00000000d5d00000| Untracked 
| 350|0x00000000d5e00000, 0x00000000d5e00000, 0x00000000d5f00000|  0%| F|  |TAMS 0x00000000d5e00000| PB 0x00000000d5e00000| Untracked 
| 351|0x00000000d5f00000, 0x00000000d5f00000, 0x00000000d6000000|  0%| F|  |TAMS 0x00000000d5f00000| PB 0x00000000d5f00000| Untracked 
| 352|0x00000000d6000000, 0x00000000d6000000, 0x00000000d6100000|  0%| F|  |TAMS 0x00000000d6000000| PB 0x00000000d6000000| Untracked 
| 353|0x00000000d6100000, 0x00000000d6100000, 0x00000000d6200000|  0%| F|  |TAMS 0x00000000d6100000| PB 0x00000000d6100000| Untracked 
| 354|0x00000000d6200000, 0x00000000d6200000, 0x00000000d6300000|  0%| F|  |TAMS 0x00000000d6200000| PB 0x00000000d6200000| Untracked 
| 355|0x00000000d6300000, 0x00000000d6300000, 0x00000000d6400000|  0%| F|  |TAMS 0x00000000d6300000| PB 0x00000000d6300000| Untracked 
| 356|0x00000000d6400000, 0x00000000d6400000, 0x00000000d6500000|  0%| F|  |TAMS 0x00000000d6400000| PB 0x00000000d6400000| Untracked 
| 357|0x00000000d6500000, 0x00000000d6500000, 0x00000000d6600000|  0%| F|  |TAMS 0x00000000d6500000| PB 0x00000000d6500000| Untracked 
| 358|0x00000000d6600000, 0x00000000d6600000, 0x00000000d6700000|  0%| F|  |TAMS 0x00000000d6600000| PB 0x00000000d6600000| Untracked 
| 359|0x00000000d6700000, 0x00000000d6700000, 0x00000000d6800000|  0%| F|  |TAMS 0x00000000d6700000| PB 0x00000000d6700000| Untracked 
| 360|0x00000000d6800000, 0x00000000d6800000, 0x00000000d6900000|  0%| F|  |TAMS 0x00000000d6800000| PB 0x00000000d6800000| Untracked 
| 361|0x00000000d6900000, 0x00000000d6900000, 0x00000000d6a00000|  0%| F|  |TAMS 0x00000000d6900000| PB 0x00000000d6900000| Untracked 
| 362|0x00000000d6a00000, 0x00000000d6a00000, 0x00000000d6b00000|  0%| F|  |TAMS 0x00000000d6a00000| PB 0x00000000d6a00000| Untracked 
| 363|0x00000000d6b00000, 0x00000000d6b00000, 0x00000000d6c00000|  0%| F|  |TAMS 0x00000000d6b00000| PB 0x00000000d6b00000| Untracked 
| 364|0x00000000d6c00000, 0x00000000d6c00000, 0x00000000d6d00000|  0%| F|  |TAMS 0x00000000d6c00000| PB 0x00000000d6c00000| Untracked 
| 365|0x00000000d6d00000, 0x00000000d6d00000, 0x00000000d6e00000|  0%| F|  |TAMS 0x00000000d6d00000| PB 0x00000000d6d00000| Untracked 
| 366|0x00000000d6e00000, 0x00000000d6e00000, 0x00000000d6f00000|  0%| F|  |TAMS 0x00000000d6e00000| PB 0x00000000d6e00000| Untracked 
| 367|0x00000000d6f00000, 0x00000000d6f00000, 0x00000000d7000000|  0%| F|  |TAMS 0x00000000d6f00000| PB 0x00000000d6f00000| Untracked 
| 368|0x00000000d7000000, 0x00000000d7000000, 0x00000000d7100000|  0%| F|  |TAMS 0x00000000d7000000| PB 0x00000000d7000000| Untracked 
| 369|0x00000000d7100000, 0x00000000d7100000, 0x00000000d7200000|  0%| F|  |TAMS 0x00000000d7100000| PB 0x00000000d7100000| Untracked 
| 370|0x00000000d7200000, 0x00000000d7200000, 0x00000000d7300000|  0%| F|  |TAMS 0x00000000d7200000| PB 0x00000000d7200000| Untracked 
| 371|0x00000000d7300000, 0x00000000d7300000, 0x00000000d7400000|  0%| F|  |TAMS 0x00000000d7300000| PB 0x00000000d7300000| Untracked 
| 372|0x00000000d7400000, 0x00000000d7400000, 0x00000000d7500000|  0%| F|  |TAMS 0x00000000d7400000| PB 0x00000000d7400000| Untracked 
| 373|0x00000000d7500000, 0x00000000d7500000, 0x00000000d7600000|  0%| F|  |TAMS 0x00000000d7500000| PB 0x00000000d7500000| Untracked 
| 374|0x00000000d7600000, 0x00000000d7600000, 0x00000000d7700000|  0%| F|  |TAMS 0x00000000d7600000| PB 0x00000000d7600000| Untracked 
| 375|0x00000000d7700000, 0x00000000d7700000, 0x00000000d7800000|  0%| F|  |TAMS 0x00000000d7700000| PB 0x00000000d7700000| Untracked 
| 376|0x00000000d7800000, 0x00000000d7800000, 0x00000000d7900000|  0%| F|  |TAMS 0x00000000d7800000| PB 0x00000000d7800000| Untracked 
| 377|0x00000000d7900000, 0x00000000d7900000, 0x00000000d7a00000|  0%| F|  |TAMS 0x00000000d7900000| PB 0x00000000d7900000| Untracked 
| 378|0x00000000d7a00000, 0x00000000d7a00000, 0x00000000d7b00000|  0%| F|  |TAMS 0x00000000d7a00000| PB 0x00000000d7a00000| Untracked 
| 379|0x00000000d7b00000, 0x00000000d7b00000, 0x00000000d7c00000|  0%| F|  |TAMS 0x00000000d7b00000| PB 0x00000000d7b00000| Untracked 
| 380|0x00000000d7c00000, 0x00000000d7c00000, 0x00000000d7d00000|  0%| F|  |TAMS 0x00000000d7c00000| PB 0x00000000d7c00000| Untracked 
| 381|0x00000000d7d00000, 0x00000000d7d00000, 0x00000000d7e00000|  0%| F|  |TAMS 0x00000000d7d00000| PB 0x00000000d7d00000| Untracked 
| 382|0x00000000d7e00000, 0x00000000d7e00000, 0x00000000d7f00000|  0%| F|  |TAMS 0x00000000d7e00000| PB 0x00000000d7e00000| Untracked 
| 383|0x00000000d7f00000, 0x00000000d7f00000, 0x00000000d8000000|  0%| F|  |TAMS 0x00000000d7f00000| PB 0x00000000d7f00000| Untracked 
| 384|0x00000000d8000000, 0x00000000d8000000, 0x00000000d8100000|  0%| F|  |TAMS 0x00000000d8000000| PB 0x00000000d8000000| Untracked 
| 385|0x00000000d8100000, 0x00000000d8100000, 0x00000000d8200000|  0%| F|  |TAMS 0x00000000d8100000| PB 0x00000000d8100000| Untracked 
| 386|0x00000000d8200000, 0x00000000d8200000, 0x00000000d8300000|  0%| F|  |TAMS 0x00000000d8200000| PB 0x00000000d8200000| Untracked 
| 387|0x00000000d8300000, 0x00000000d8300000, 0x00000000d8400000|  0%| F|  |TAMS 0x00000000d8300000| PB 0x00000000d8300000| Untracked 
| 388|0x00000000d8400000, 0x00000000d8400000, 0x00000000d8500000|  0%| F|  |TAMS 0x00000000d8400000| PB 0x00000000d8400000| Untracked 
| 389|0x00000000d8500000, 0x00000000d8500000, 0x00000000d8600000|  0%| F|  |TAMS 0x00000000d8500000| PB 0x00000000d8500000| Untracked 
| 390|0x00000000d8600000, 0x00000000d8600000, 0x00000000d8700000|  0%| F|  |TAMS 0x00000000d8600000| PB 0x00000000d8600000| Untracked 
| 391|0x00000000d8700000, 0x00000000d8700000, 0x00000000d8800000|  0%| F|  |TAMS 0x00000000d8700000| PB 0x00000000d8700000| Untracked 
| 392|0x00000000d8800000, 0x00000000d8800000, 0x00000000d8900000|  0%| F|  |TAMS 0x00000000d8800000| PB 0x00000000d8800000| Untracked 
| 393|0x00000000d8900000, 0x00000000d8900000, 0x00000000d8a00000|  0%| F|  |TAMS 0x00000000d8900000| PB 0x00000000d8900000| Untracked 
| 394|0x00000000d8a00000, 0x00000000d8a00000, 0x00000000d8b00000|  0%| F|  |TAMS 0x00000000d8a00000| PB 0x00000000d8a00000| Untracked 
| 395|0x00000000d8b00000, 0x00000000d8b00000, 0x00000000d8c00000|  0%| F|  |TAMS 0x00000000d8b00000| PB 0x00000000d8b00000| Untracked 
| 396|0x00000000d8c00000, 0x00000000d8c00000, 0x00000000d8d00000|  0%| F|  |TAMS 0x00000000d8c00000| PB 0x00000000d8c00000| Untracked 
| 397|0x00000000d8d00000, 0x00000000d8d00000, 0x00000000d8e00000|  0%| F|  |TAMS 0x00000000d8d00000| PB 0x00000000d8d00000| Untracked 
| 398|0x00000000d8e00000, 0x00000000d8e00000, 0x00000000d8f00000|  0%| F|  |TAMS 0x00000000d8e00000| PB 0x00000000d8e00000| Untracked 
| 399|0x00000000d8f00000, 0x00000000d8f00000, 0x00000000d9000000|  0%| F|  |TAMS 0x00000000d8f00000| PB 0x00000000d8f00000| Untracked 
| 400|0x00000000d9000000, 0x00000000d9000000, 0x00000000d9100000|  0%| F|  |TAMS 0x00000000d9000000| PB 0x00000000d9000000| Untracked 
| 401|0x00000000d9100000, 0x00000000d9100000, 0x00000000d9200000|  0%| F|  |TAMS 0x00000000d9100000| PB 0x00000000d9100000| Untracked 
| 402|0x00000000d9200000, 0x00000000d9200000, 0x00000000d9300000|  0%| F|  |TAMS 0x00000000d9200000| PB 0x00000000d9200000| Untracked 
| 403|0x00000000d9300000, 0x00000000d9300000, 0x00000000d9400000|  0%| F|  |TAMS 0x00000000d9300000| PB 0x00000000d9300000| Untracked 
| 404|0x00000000d9400000, 0x00000000d9400000, 0x00000000d9500000|  0%| F|  |TAMS 0x00000000d9400000| PB 0x00000000d9400000| Untracked 
| 405|0x00000000d9500000, 0x00000000d9500000, 0x00000000d9600000|  0%| F|  |TAMS 0x00000000d9500000| PB 0x00000000d9500000| Untracked 
| 406|0x00000000d9600000, 0x00000000d9600000, 0x00000000d9700000|  0%| F|  |TAMS 0x00000000d9600000| PB 0x00000000d9600000| Untracked 
| 407|0x00000000d9700000, 0x00000000d9700000, 0x00000000d9800000|  0%| F|  |TAMS 0x00000000d9700000| PB 0x00000000d9700000| Untracked 
| 408|0x00000000d9800000, 0x00000000d9800000, 0x00000000d9900000|  0%| F|  |TAMS 0x00000000d9800000| PB 0x00000000d9800000| Untracked 
| 409|0x00000000d9900000, 0x00000000d9900000, 0x00000000d9a00000|  0%| F|  |TAMS 0x00000000d9900000| PB 0x00000000d9900000| Untracked 
| 410|0x00000000d9a00000, 0x00000000d9a00000, 0x00000000d9b00000|  0%| F|  |TAMS 0x00000000d9a00000| PB 0x00000000d9a00000| Untracked 
| 411|0x00000000d9b00000, 0x00000000d9b00000, 0x00000000d9c00000|  0%| F|  |TAMS 0x00000000d9b00000| PB 0x00000000d9b00000| Untracked 
| 412|0x00000000d9c00000, 0x00000000d9c00000, 0x00000000d9d00000|  0%| F|  |TAMS 0x00000000d9c00000| PB 0x00000000d9c00000| Untracked 
| 413|0x00000000d9d00000, 0x00000000d9d00000, 0x00000000d9e00000|  0%| F|  |TAMS 0x00000000d9d00000| PB 0x00000000d9d00000| Untracked 
| 414|0x00000000d9e00000, 0x00000000d9e00000, 0x00000000d9f00000|  0%| F|  |TAMS 0x00000000d9e00000| PB 0x00000000d9e00000| Untracked 
| 415|0x00000000d9f00000, 0x00000000d9f00000, 0x00000000da000000|  0%| F|  |TAMS 0x00000000d9f00000| PB 0x00000000d9f00000| Untracked 
| 416|0x00000000da000000, 0x00000000da000000, 0x00000000da100000|  0%| F|  |TAMS 0x00000000da000000| PB 0x00000000da000000| Untracked 
| 417|0x00000000da100000, 0x00000000da100000, 0x00000000da200000|  0%| F|  |TAMS 0x00000000da100000| PB 0x00000000da100000| Untracked 
| 418|0x00000000da200000, 0x00000000da200000, 0x00000000da300000|  0%| F|  |TAMS 0x00000000da200000| PB 0x00000000da200000| Untracked 
| 419|0x00000000da300000, 0x00000000da300000, 0x00000000da400000|  0%| F|  |TAMS 0x00000000da300000| PB 0x00000000da300000| Untracked 
| 420|0x00000000da400000, 0x00000000da400000, 0x00000000da500000|  0%| F|  |TAMS 0x00000000da400000| PB 0x00000000da400000| Untracked 
| 421|0x00000000da500000, 0x00000000da500000, 0x00000000da600000|  0%| F|  |TAMS 0x00000000da500000| PB 0x00000000da500000| Untracked 
| 422|0x00000000da600000, 0x00000000da600000, 0x00000000da700000|  0%| F|  |TAMS 0x00000000da600000| PB 0x00000000da600000| Untracked 
| 423|0x00000000da700000, 0x00000000da700000, 0x00000000da800000|  0%| F|  |TAMS 0x00000000da700000| PB 0x00000000da700000| Untracked 
| 424|0x00000000da800000, 0x00000000da800000, 0x00000000da900000|  0%| F|  |TAMS 0x00000000da800000| PB 0x00000000da800000| Untracked 
| 425|0x00000000da900000, 0x00000000da900000, 0x00000000daa00000|  0%| F|  |TAMS 0x00000000da900000| PB 0x00000000da900000| Untracked 
| 426|0x00000000daa00000, 0x00000000daa00000, 0x00000000dab00000|  0%| F|  |TAMS 0x00000000daa00000| PB 0x00000000daa00000| Untracked 
| 427|0x00000000dab00000, 0x00000000dab00000, 0x00000000dac00000|  0%| F|  |TAMS 0x00000000dab00000| PB 0x00000000dab00000| Untracked 
| 428|0x00000000dac00000, 0x00000000dac00000, 0x00000000dad00000|  0%| F|  |TAMS 0x00000000dac00000| PB 0x00000000dac00000| Untracked 
| 429|0x00000000dad00000, 0x00000000dad00000, 0x00000000dae00000|  0%| F|  |TAMS 0x00000000dad00000| PB 0x00000000dad00000| Untracked 
| 430|0x00000000dae00000, 0x00000000dae00000, 0x00000000daf00000|  0%| F|  |TAMS 0x00000000dae00000| PB 0x00000000dae00000| Untracked 
| 431|0x00000000daf00000, 0x00000000daf00000, 0x00000000db000000|  0%| F|  |TAMS 0x00000000daf00000| PB 0x00000000daf00000| Untracked 
| 432|0x00000000db000000, 0x00000000db000000, 0x00000000db100000|  0%| F|  |TAMS 0x00000000db000000| PB 0x00000000db000000| Untracked 
| 433|0x00000000db100000, 0x00000000db100000, 0x00000000db200000|  0%| F|  |TAMS 0x00000000db100000| PB 0x00000000db100000| Untracked 
| 434|0x00000000db200000, 0x00000000db200000, 0x00000000db300000|  0%| F|  |TAMS 0x00000000db200000| PB 0x00000000db200000| Untracked 
| 435|0x00000000db300000, 0x00000000db300000, 0x00000000db400000|  0%| F|  |TAMS 0x00000000db300000| PB 0x00000000db300000| Untracked 
| 436|0x00000000db400000, 0x00000000db400000, 0x00000000db500000|  0%| F|  |TAMS 0x00000000db400000| PB 0x00000000db400000| Untracked 
| 437|0x00000000db500000, 0x00000000db500000, 0x00000000db600000|  0%| F|  |TAMS 0x00000000db500000| PB 0x00000000db500000| Untracked 
| 438|0x00000000db600000, 0x00000000db600000, 0x00000000db700000|  0%| F|  |TAMS 0x00000000db600000| PB 0x00000000db600000| Untracked 
| 439|0x00000000db700000, 0x00000000db700000, 0x00000000db800000|  0%| F|  |TAMS 0x00000000db700000| PB 0x00000000db700000| Untracked 
| 440|0x00000000db800000, 0x00000000db800000, 0x00000000db900000|  0%| F|  |TAMS 0x00000000db800000| PB 0x00000000db800000| Untracked 
| 441|0x00000000db900000, 0x00000000db900000, 0x00000000dba00000|  0%| F|  |TAMS 0x00000000db900000| PB 0x00000000db900000| Untracked 
| 442|0x00000000dba00000, 0x00000000dba00000, 0x00000000dbb00000|  0%| F|  |TAMS 0x00000000dba00000| PB 0x00000000dba00000| Untracked 
| 443|0x00000000dbb00000, 0x00000000dbb00000, 0x00000000dbc00000|  0%| F|  |TAMS 0x00000000dbb00000| PB 0x00000000dbb00000| Untracked 
| 444|0x00000000dbc00000, 0x00000000dbc00000, 0x00000000dbd00000|  0%| F|  |TAMS 0x00000000dbc00000| PB 0x00000000dbc00000| Untracked 
| 445|0x00000000dbd00000, 0x00000000dbd00000, 0x00000000dbe00000|  0%| F|  |TAMS 0x00000000dbd00000| PB 0x00000000dbd00000| Untracked 
| 446|0x00000000dbe00000, 0x00000000dbe00000, 0x00000000dbf00000|  0%| F|  |TAMS 0x00000000dbe00000| PB 0x00000000dbe00000| Untracked 
| 447|0x00000000dbf00000, 0x00000000dbf00000, 0x00000000dc000000|  0%| F|  |TAMS 0x00000000dbf00000| PB 0x00000000dbf00000| Untracked 
| 448|0x00000000dc000000, 0x00000000dc000000, 0x00000000dc100000|  0%| F|  |TAMS 0x00000000dc000000| PB 0x00000000dc000000| Untracked 
| 449|0x00000000dc100000, 0x00000000dc100000, 0x00000000dc200000|  0%| F|  |TAMS 0x00000000dc100000| PB 0x00000000dc100000| Untracked 
| 450|0x00000000dc200000, 0x00000000dc200000, 0x00000000dc300000|  0%| F|  |TAMS 0x00000000dc200000| PB 0x00000000dc200000| Untracked 
| 451|0x00000000dc300000, 0x00000000dc300000, 0x00000000dc400000|  0%| F|  |TAMS 0x00000000dc300000| PB 0x00000000dc300000| Untracked 
| 452|0x00000000dc400000, 0x00000000dc400000, 0x00000000dc500000|  0%| F|  |TAMS 0x00000000dc400000| PB 0x00000000dc400000| Untracked 
| 453|0x00000000dc500000, 0x00000000dc500000, 0x00000000dc600000|  0%| F|  |TAMS 0x00000000dc500000| PB 0x00000000dc500000| Untracked 
| 454|0x00000000dc600000, 0x00000000dc600000, 0x00000000dc700000|  0%| F|  |TAMS 0x00000000dc600000| PB 0x00000000dc600000| Untracked 
| 455|0x00000000dc700000, 0x00000000dc700000, 0x00000000dc800000|  0%| F|  |TAMS 0x00000000dc700000| PB 0x00000000dc700000| Untracked 
| 456|0x00000000dc800000, 0x00000000dc800000, 0x00000000dc900000|  0%| F|  |TAMS 0x00000000dc800000| PB 0x00000000dc800000| Untracked 
| 457|0x00000000dc900000, 0x00000000dc900000, 0x00000000dca00000|  0%| F|  |TAMS 0x00000000dc900000| PB 0x00000000dc900000| Untracked 
| 458|0x00000000dca00000, 0x00000000dca00000, 0x00000000dcb00000|  0%| F|  |TAMS 0x00000000dca00000| PB 0x00000000dca00000| Untracked 
| 459|0x00000000dcb00000, 0x00000000dcb00000, 0x00000000dcc00000|  0%| F|  |TAMS 0x00000000dcb00000| PB 0x00000000dcb00000| Untracked 
| 460|0x00000000dcc00000, 0x00000000dcc00000, 0x00000000dcd00000|  0%| F|  |TAMS 0x00000000dcc00000| PB 0x00000000dcc00000| Untracked 
| 461|0x00000000dcd00000, 0x00000000dcd00000, 0x00000000dce00000|  0%| F|  |TAMS 0x00000000dcd00000| PB 0x00000000dcd00000| Untracked 
| 462|0x00000000dce00000, 0x00000000dce00000, 0x00000000dcf00000|  0%| F|  |TAMS 0x00000000dce00000| PB 0x00000000dce00000| Untracked 
| 463|0x00000000dcf00000, 0x00000000dcf00000, 0x00000000dd000000|  0%| F|  |TAMS 0x00000000dcf00000| PB 0x00000000dcf00000| Untracked 
| 464|0x00000000dd000000, 0x00000000dd000000, 0x00000000dd100000|  0%| F|  |TAMS 0x00000000dd000000| PB 0x00000000dd000000| Untracked 
| 465|0x00000000dd100000, 0x00000000dd100000, 0x00000000dd200000|  0%| F|  |TAMS 0x00000000dd100000| PB 0x00000000dd100000| Untracked 
| 466|0x00000000dd200000, 0x00000000dd200000, 0x00000000dd300000|  0%| F|  |TAMS 0x00000000dd200000| PB 0x00000000dd200000| Untracked 
| 467|0x00000000dd300000, 0x00000000dd300000, 0x00000000dd400000|  0%| F|  |TAMS 0x00000000dd300000| PB 0x00000000dd300000| Untracked 
| 468|0x00000000dd400000, 0x00000000dd400000, 0x00000000dd500000|  0%| F|  |TAMS 0x00000000dd400000| PB 0x00000000dd400000| Untracked 
| 469|0x00000000dd500000, 0x00000000dd500000, 0x00000000dd600000|  0%| F|  |TAMS 0x00000000dd500000| PB 0x00000000dd500000| Untracked 
| 470|0x00000000dd600000, 0x00000000dd600000, 0x00000000dd700000|  0%| F|  |TAMS 0x00000000dd600000| PB 0x00000000dd600000| Untracked 
| 471|0x00000000dd700000, 0x00000000dd700000, 0x00000000dd800000|  0%| F|  |TAMS 0x00000000dd700000| PB 0x00000000dd700000| Untracked 
| 472|0x00000000dd800000, 0x00000000dd800000, 0x00000000dd900000|  0%| F|  |TAMS 0x00000000dd800000| PB 0x00000000dd800000| Untracked 
| 473|0x00000000dd900000, 0x00000000dd900000, 0x00000000dda00000|  0%| F|  |TAMS 0x00000000dd900000| PB 0x00000000dd900000| Untracked 
| 474|0x00000000dda00000, 0x00000000dda00000, 0x00000000ddb00000|  0%| F|  |TAMS 0x00000000dda00000| PB 0x00000000dda00000| Untracked 
| 475|0x00000000ddb00000, 0x00000000ddb00000, 0x00000000ddc00000|  0%| F|  |TAMS 0x00000000ddb00000| PB 0x00000000ddb00000| Untracked 
| 476|0x00000000ddc00000, 0x00000000ddc00000, 0x00000000ddd00000|  0%| F|  |TAMS 0x00000000ddc00000| PB 0x00000000ddc00000| Untracked 
| 477|0x00000000ddd00000, 0x00000000ddd00000, 0x00000000dde00000|  0%| F|  |TAMS 0x00000000ddd00000| PB 0x00000000ddd00000| Untracked 
| 478|0x00000000dde00000, 0x00000000dde00000, 0x00000000ddf00000|  0%| F|  |TAMS 0x00000000dde00000| PB 0x00000000dde00000| Untracked 
| 479|0x00000000ddf00000, 0x00000000ddf00000, 0x00000000de000000|  0%| F|  |TAMS 0x00000000ddf00000| PB 0x00000000ddf00000| Untracked 
| 480|0x00000000de000000, 0x00000000de000000, 0x00000000de100000|  0%| F|  |TAMS 0x00000000de000000| PB 0x00000000de000000| Untracked 
| 481|0x00000000de100000, 0x00000000de100000, 0x00000000de200000|  0%| F|  |TAMS 0x00000000de100000| PB 0x00000000de100000| Untracked 
| 482|0x00000000de200000, 0x00000000de200000, 0x00000000de300000|  0%| F|  |TAMS 0x00000000de200000| PB 0x00000000de200000| Untracked 
| 483|0x00000000de300000, 0x00000000de300000, 0x00000000de400000|  0%| F|  |TAMS 0x00000000de300000| PB 0x00000000de300000| Untracked 
| 484|0x00000000de400000, 0x00000000de400000, 0x00000000de500000|  0%| F|  |TAMS 0x00000000de400000| PB 0x00000000de400000| Untracked 
| 485|0x00000000de500000, 0x00000000de500000, 0x00000000de600000|  0%| F|  |TAMS 0x00000000de500000| PB 0x00000000de500000| Untracked 
| 486|0x00000000de600000, 0x00000000de600000, 0x00000000de700000|  0%| F|  |TAMS 0x00000000de600000| PB 0x00000000de600000| Untracked 
| 487|0x00000000de700000, 0x00000000de700000, 0x00000000de800000|  0%| F|  |TAMS 0x00000000de700000| PB 0x00000000de700000| Untracked 
| 488|0x00000000de800000, 0x00000000de800000, 0x00000000de900000|  0%| F|  |TAMS 0x00000000de800000| PB 0x00000000de800000| Untracked 
| 489|0x00000000de900000, 0x00000000de900000, 0x00000000dea00000|  0%| F|  |TAMS 0x00000000de900000| PB 0x00000000de900000| Untracked 
| 490|0x00000000dea00000, 0x00000000dea00000, 0x00000000deb00000|  0%| F|  |TAMS 0x00000000dea00000| PB 0x00000000dea00000| Untracked 
| 491|0x00000000deb00000, 0x00000000deb00000, 0x00000000dec00000|  0%| F|  |TAMS 0x00000000deb00000| PB 0x00000000deb00000| Untracked 
| 492|0x00000000dec00000, 0x00000000dec00000, 0x00000000ded00000|  0%| F|  |TAMS 0x00000000dec00000| PB 0x00000000dec00000| Untracked 
| 493|0x00000000ded00000, 0x00000000ded00000, 0x00000000dee00000|  0%| F|  |TAMS 0x00000000ded00000| PB 0x00000000ded00000| Untracked 
| 494|0x00000000dee00000, 0x00000000dee00000, 0x00000000def00000|  0%| F|  |TAMS 0x00000000dee00000| PB 0x00000000dee00000| Untracked 
| 495|0x00000000def00000, 0x00000000def00000, 0x00000000df000000|  0%| F|  |TAMS 0x00000000def00000| PB 0x00000000def00000| Untracked 
| 496|0x00000000df000000, 0x00000000df000000, 0x00000000df100000|  0%| F|  |TAMS 0x00000000df000000| PB 0x00000000df000000| Untracked 
| 497|0x00000000df100000, 0x00000000df100000, 0x00000000df200000|  0%| F|  |TAMS 0x00000000df100000| PB 0x00000000df100000| Untracked 
| 498|0x00000000df200000, 0x00000000df200000, 0x00000000df300000|  0%| F|  |TAMS 0x00000000df200000| PB 0x00000000df200000| Untracked 
| 499|0x00000000df300000, 0x00000000df300000, 0x00000000df400000|  0%| F|  |TAMS 0x00000000df300000| PB 0x00000000df300000| Untracked 
| 500|0x00000000df400000, 0x00000000df400000, 0x00000000df500000|  0%| F|  |TAMS 0x00000000df400000| PB 0x00000000df400000| Untracked 
| 501|0x00000000df500000, 0x00000000df500000, 0x00000000df600000|  0%| F|  |TAMS 0x00000000df500000| PB 0x00000000df500000| Untracked 
| 502|0x00000000df600000, 0x00000000df600000, 0x00000000df700000|  0%| F|  |TAMS 0x00000000df600000| PB 0x00000000df600000| Untracked 
| 503|0x00000000df700000, 0x00000000df700000, 0x00000000df800000|  0%| F|  |TAMS 0x00000000df700000| PB 0x00000000df700000| Untracked 
| 504|0x00000000df800000, 0x00000000df800000, 0x00000000df900000|  0%| F|  |TAMS 0x00000000df800000| PB 0x00000000df800000| Untracked 
| 505|0x00000000df900000, 0x00000000df900000, 0x00000000dfa00000|  0%| F|  |TAMS 0x00000000df900000| PB 0x00000000df900000| Untracked 
| 506|0x00000000dfa00000, 0x00000000dfa00000, 0x00000000dfb00000|  0%| F|  |TAMS 0x00000000dfa00000| PB 0x00000000dfa00000| Untracked 
| 507|0x00000000dfb00000, 0x00000000dfb00000, 0x00000000dfc00000|  0%| F|  |TAMS 0x00000000dfb00000| PB 0x00000000dfb00000| Untracked 
| 508|0x00000000dfc00000, 0x00000000dfc00000, 0x00000000dfd00000|  0%| F|  |TAMS 0x00000000dfc00000| PB 0x00000000dfc00000| Untracked 
| 509|0x00000000dfd00000, 0x00000000dfd00000, 0x00000000dfe00000|  0%| F|  |TAMS 0x00000000dfd00000| PB 0x00000000dfd00000| Untracked 
| 510|0x00000000dfe00000, 0x00000000dfe00000, 0x00000000dff00000|  0%| F|  |TAMS 0x00000000dfe00000| PB 0x00000000dfe00000| Untracked 
| 511|0x00000000dff00000, 0x00000000dff00000, 0x00000000e0000000|  0%| F|  |TAMS 0x00000000dff00000| PB 0x00000000dff00000| Untracked 
| 512|0x00000000e0000000, 0x00000000e0000000, 0x00000000e0100000|  0%| F|  |TAMS 0x00000000e0000000| PB 0x00000000e0000000| Untracked 
| 513|0x00000000e0100000, 0x00000000e0100000, 0x00000000e0200000|  0%| F|  |TAMS 0x00000000e0100000| PB 0x00000000e0100000| Untracked 
| 514|0x00000000e0200000, 0x00000000e0200000, 0x00000000e0300000|  0%| F|  |TAMS 0x00000000e0200000| PB 0x00000000e0200000| Untracked 
| 515|0x00000000e0300000, 0x00000000e0300000, 0x00000000e0400000|  0%| F|  |TAMS 0x00000000e0300000| PB 0x00000000e0300000| Untracked 
| 516|0x00000000e0400000, 0x00000000e0400000, 0x00000000e0500000|  0%| F|  |TAMS 0x00000000e0400000| PB 0x00000000e0400000| Untracked 
| 517|0x00000000e0500000, 0x00000000e0500000, 0x00000000e0600000|  0%| F|  |TAMS 0x00000000e0500000| PB 0x00000000e0500000| Untracked 
| 518|0x00000000e0600000, 0x00000000e0600000, 0x00000000e0700000|  0%| F|  |TAMS 0x00000000e0600000| PB 0x00000000e0600000| Untracked 
| 519|0x00000000e0700000, 0x00000000e0700000, 0x00000000e0800000|  0%| F|  |TAMS 0x00000000e0700000| PB 0x00000000e0700000| Untracked 
| 520|0x00000000e0800000, 0x00000000e0800000, 0x00000000e0900000|  0%| F|  |TAMS 0x00000000e0800000| PB 0x00000000e0800000| Untracked 
| 521|0x00000000e0900000, 0x00000000e0900000, 0x00000000e0a00000|  0%| F|  |TAMS 0x00000000e0900000| PB 0x00000000e0900000| Untracked 
| 522|0x00000000e0a00000, 0x00000000e0a00000, 0x00000000e0b00000|  0%| F|  |TAMS 0x00000000e0a00000| PB 0x00000000e0a00000| Untracked 
| 523|0x00000000e0b00000, 0x00000000e0b00000, 0x00000000e0c00000|  0%| F|  |TAMS 0x00000000e0b00000| PB 0x00000000e0b00000| Untracked 
| 524|0x00000000e0c00000, 0x00000000e0c00000, 0x00000000e0d00000|  0%| F|  |TAMS 0x00000000e0c00000| PB 0x00000000e0c00000| Untracked 
| 525|0x00000000e0d00000, 0x00000000e0d00000, 0x00000000e0e00000|  0%| F|  |TAMS 0x00000000e0d00000| PB 0x00000000e0d00000| Untracked 
| 526|0x00000000e0e00000, 0x00000000e0e00000, 0x00000000e0f00000|  0%| F|  |TAMS 0x00000000e0e00000| PB 0x00000000e0e00000| Untracked 
| 527|0x00000000e0f00000, 0x00000000e0f00000, 0x00000000e1000000|  0%| F|  |TAMS 0x00000000e0f00000| PB 0x00000000e0f00000| Untracked 
| 528|0x00000000e1000000, 0x00000000e1000000, 0x00000000e1100000|  0%| F|  |TAMS 0x00000000e1000000| PB 0x00000000e1000000| Untracked 
| 529|0x00000000e1100000, 0x00000000e1100000, 0x00000000e1200000|  0%| F|  |TAMS 0x00000000e1100000| PB 0x00000000e1100000| Untracked 
| 530|0x00000000e1200000, 0x00000000e1200000, 0x00000000e1300000|  0%| F|  |TAMS 0x00000000e1200000| PB 0x00000000e1200000| Untracked 
| 531|0x00000000e1300000, 0x00000000e1300000, 0x00000000e1400000|  0%| F|  |TAMS 0x00000000e1300000| PB 0x00000000e1300000| Untracked 
| 532|0x00000000e1400000, 0x00000000e1400000, 0x00000000e1500000|  0%| F|  |TAMS 0x00000000e1400000| PB 0x00000000e1400000| Untracked 
| 533|0x00000000e1500000, 0x00000000e1500000, 0x00000000e1600000|  0%| F|  |TAMS 0x00000000e1500000| PB 0x00000000e1500000| Untracked 
| 534|0x00000000e1600000, 0x00000000e1600000, 0x00000000e1700000|  0%| F|  |TAMS 0x00000000e1600000| PB 0x00000000e1600000| Untracked 
| 535|0x00000000e1700000, 0x00000000e1700000, 0x00000000e1800000|  0%| F|  |TAMS 0x00000000e1700000| PB 0x00000000e1700000| Untracked 
| 536|0x00000000e1800000, 0x00000000e1800000, 0x00000000e1900000|  0%| F|  |TAMS 0x00000000e1800000| PB 0x00000000e1800000| Untracked 
| 537|0x00000000e1900000, 0x00000000e1900000, 0x00000000e1a00000|  0%| F|  |TAMS 0x00000000e1900000| PB 0x00000000e1900000| Untracked 
| 538|0x00000000e1a00000, 0x00000000e1a00000, 0x00000000e1b00000|  0%| F|  |TAMS 0x00000000e1a00000| PB 0x00000000e1a00000| Untracked 
| 539|0x00000000e1b00000, 0x00000000e1b00000, 0x00000000e1c00000|  0%| F|  |TAMS 0x00000000e1b00000| PB 0x00000000e1b00000| Untracked 
| 540|0x00000000e1c00000, 0x00000000e1c00000, 0x00000000e1d00000|  0%| F|  |TAMS 0x00000000e1c00000| PB 0x00000000e1c00000| Untracked 
| 541|0x00000000e1d00000, 0x00000000e1d00000, 0x00000000e1e00000|  0%| F|  |TAMS 0x00000000e1d00000| PB 0x00000000e1d00000| Untracked 
| 542|0x00000000e1e00000, 0x00000000e1e00000, 0x00000000e1f00000|  0%| F|  |TAMS 0x00000000e1e00000| PB 0x00000000e1e00000| Untracked 
| 543|0x00000000e1f00000, 0x00000000e1f00000, 0x00000000e2000000|  0%| F|  |TAMS 0x00000000e1f00000| PB 0x00000000e1f00000| Untracked 
| 544|0x00000000e2000000, 0x00000000e2000000, 0x00000000e2100000|  0%| F|  |TAMS 0x00000000e2000000| PB 0x00000000e2000000| Untracked 
| 545|0x00000000e2100000, 0x00000000e2100000, 0x00000000e2200000|  0%| F|  |TAMS 0x00000000e2100000| PB 0x00000000e2100000| Untracked 
| 546|0x00000000e2200000, 0x00000000e2200000, 0x00000000e2300000|  0%| F|  |TAMS 0x00000000e2200000| PB 0x00000000e2200000| Untracked 
| 547|0x00000000e2300000, 0x00000000e2300000, 0x00000000e2400000|  0%| F|  |TAMS 0x00000000e2300000| PB 0x00000000e2300000| Untracked 
| 548|0x00000000e2400000, 0x00000000e2400000, 0x00000000e2500000|  0%| F|  |TAMS 0x00000000e2400000| PB 0x00000000e2400000| Untracked 
| 549|0x00000000e2500000, 0x00000000e2500000, 0x00000000e2600000|  0%| F|  |TAMS 0x00000000e2500000| PB 0x00000000e2500000| Untracked 
| 550|0x00000000e2600000, 0x00000000e2600000, 0x00000000e2700000|  0%| F|  |TAMS 0x00000000e2600000| PB 0x00000000e2600000| Untracked 
| 551|0x00000000e2700000, 0x00000000e2700000, 0x00000000e2800000|  0%| F|  |TAMS 0x00000000e2700000| PB 0x00000000e2700000| Untracked 
| 552|0x00000000e2800000, 0x00000000e2800000, 0x00000000e2900000|  0%| F|  |TAMS 0x00000000e2800000| PB 0x00000000e2800000| Untracked 
| 553|0x00000000e2900000, 0x00000000e2900000, 0x00000000e2a00000|  0%| F|  |TAMS 0x00000000e2900000| PB 0x00000000e2900000| Untracked 
| 554|0x00000000e2a00000, 0x00000000e2a00000, 0x00000000e2b00000|  0%| F|  |TAMS 0x00000000e2a00000| PB 0x00000000e2a00000| Untracked 
| 555|0x00000000e2b00000, 0x00000000e2b00000, 0x00000000e2c00000|  0%| F|  |TAMS 0x00000000e2b00000| PB 0x00000000e2b00000| Untracked 
| 556|0x00000000e2c00000, 0x00000000e2c00000, 0x00000000e2d00000|  0%| F|  |TAMS 0x00000000e2c00000| PB 0x00000000e2c00000| Untracked 
| 557|0x00000000e2d00000, 0x00000000e2d00000, 0x00000000e2e00000|  0%| F|  |TAMS 0x00000000e2d00000| PB 0x00000000e2d00000| Untracked 
| 558|0x00000000e2e00000, 0x00000000e2e00000, 0x00000000e2f00000|  0%| F|  |TAMS 0x00000000e2e00000| PB 0x00000000e2e00000| Untracked 
| 559|0x00000000e2f00000, 0x00000000e2f00000, 0x00000000e3000000|  0%| F|  |TAMS 0x00000000e2f00000| PB 0x00000000e2f00000| Untracked 
| 560|0x00000000e3000000, 0x00000000e3000000, 0x00000000e3100000|  0%| F|  |TAMS 0x00000000e3000000| PB 0x00000000e3000000| Untracked 
| 561|0x00000000e3100000, 0x00000000e3100000, 0x00000000e3200000|  0%| F|  |TAMS 0x00000000e3100000| PB 0x00000000e3100000| Untracked 
| 562|0x00000000e3200000, 0x00000000e3200000, 0x00000000e3300000|  0%| F|  |TAMS 0x00000000e3200000| PB 0x00000000e3200000| Untracked 
| 563|0x00000000e3300000, 0x00000000e3300000, 0x00000000e3400000|  0%| F|  |TAMS 0x00000000e3300000| PB 0x00000000e3300000| Untracked 
| 564|0x00000000e3400000, 0x00000000e3400000, 0x00000000e3500000|  0%| F|  |TAMS 0x00000000e3400000| PB 0x00000000e3400000| Untracked 
| 565|0x00000000e3500000, 0x00000000e3500000, 0x00000000e3600000|  0%| F|  |TAMS 0x00000000e3500000| PB 0x00000000e3500000| Untracked 
| 566|0x00000000e3600000, 0x00000000e3600000, 0x00000000e3700000|  0%| F|  |TAMS 0x00000000e3600000| PB 0x00000000e3600000| Untracked 
| 567|0x00000000e3700000, 0x00000000e3700000, 0x00000000e3800000|  0%| F|  |TAMS 0x00000000e3700000| PB 0x00000000e3700000| Untracked 
| 568|0x00000000e3800000, 0x00000000e3800000, 0x00000000e3900000|  0%| F|  |TAMS 0x00000000e3800000| PB 0x00000000e3800000| Untracked 
| 569|0x00000000e3900000, 0x00000000e3900000, 0x00000000e3a00000|  0%| F|  |TAMS 0x00000000e3900000| PB 0x00000000e3900000| Untracked 
| 570|0x00000000e3a00000, 0x00000000e3a00000, 0x00000000e3b00000|  0%| F|  |TAMS 0x00000000e3a00000| PB 0x00000000e3a00000| Untracked 
| 571|0x00000000e3b00000, 0x00000000e3b00000, 0x00000000e3c00000|  0%| F|  |TAMS 0x00000000e3b00000| PB 0x00000000e3b00000| Untracked 
| 572|0x00000000e3c00000, 0x00000000e3c00000, 0x00000000e3d00000|  0%| F|  |TAMS 0x00000000e3c00000| PB 0x00000000e3c00000| Untracked 
| 573|0x00000000e3d00000, 0x00000000e3d00000, 0x00000000e3e00000|  0%| F|  |TAMS 0x00000000e3d00000| PB 0x00000000e3d00000| Untracked 
| 574|0x00000000e3e00000, 0x00000000e3e00000, 0x00000000e3f00000|  0%| F|  |TAMS 0x00000000e3e00000| PB 0x00000000e3e00000| Untracked 
| 575|0x00000000e3f00000, 0x00000000e3f00000, 0x00000000e4000000|  0%| F|  |TAMS 0x00000000e3f00000| PB 0x00000000e3f00000| Untracked 
| 576|0x00000000e4000000, 0x00000000e4000000, 0x00000000e4100000|  0%| F|  |TAMS 0x00000000e4000000| PB 0x00000000e4000000| Untracked 
| 577|0x00000000e4100000, 0x00000000e4100000, 0x00000000e4200000|  0%| F|  |TAMS 0x00000000e4100000| PB 0x00000000e4100000| Untracked 
| 578|0x00000000e4200000, 0x00000000e4200000, 0x00000000e4300000|  0%| F|  |TAMS 0x00000000e4200000| PB 0x00000000e4200000| Untracked 
| 579|0x00000000e4300000, 0x00000000e4300000, 0x00000000e4400000|  0%| F|  |TAMS 0x00000000e4300000| PB 0x00000000e4300000| Untracked 
| 580|0x00000000e4400000, 0x00000000e4400000, 0x00000000e4500000|  0%| F|  |TAMS 0x00000000e4400000| PB 0x00000000e4400000| Untracked 
| 581|0x00000000e4500000, 0x00000000e4500000, 0x00000000e4600000|  0%| F|  |TAMS 0x00000000e4500000| PB 0x00000000e4500000| Untracked 
| 582|0x00000000e4600000, 0x00000000e4600000, 0x00000000e4700000|  0%| F|  |TAMS 0x00000000e4600000| PB 0x00000000e4600000| Untracked 
| 583|0x00000000e4700000, 0x00000000e4700000, 0x00000000e4800000|  0%| F|  |TAMS 0x00000000e4700000| PB 0x00000000e4700000| Untracked 
| 584|0x00000000e4800000, 0x00000000e4800000, 0x00000000e4900000|  0%| F|  |TAMS 0x00000000e4800000| PB 0x00000000e4800000| Untracked 
| 585|0x00000000e4900000, 0x00000000e4900000, 0x00000000e4a00000|  0%| F|  |TAMS 0x00000000e4900000| PB 0x00000000e4900000| Untracked 
| 586|0x00000000e4a00000, 0x00000000e4a00000, 0x00000000e4b00000|  0%| F|  |TAMS 0x00000000e4a00000| PB 0x00000000e4a00000| Untracked 
| 587|0x00000000e4b00000, 0x00000000e4b00000, 0x00000000e4c00000|  0%| F|  |TAMS 0x00000000e4b00000| PB 0x00000000e4b00000| Untracked 
| 588|0x00000000e4c00000, 0x00000000e4c00000, 0x00000000e4d00000|  0%| F|  |TAMS 0x00000000e4c00000| PB 0x00000000e4c00000| Untracked 
| 589|0x00000000e4d00000, 0x00000000e4d00000, 0x00000000e4e00000|  0%| F|  |TAMS 0x00000000e4d00000| PB 0x00000000e4d00000| Untracked 
| 590|0x00000000e4e00000, 0x00000000e4e00000, 0x00000000e4f00000|  0%| F|  |TAMS 0x00000000e4e00000| PB 0x00000000e4e00000| Untracked 
| 591|0x00000000e4f00000, 0x00000000e4f00000, 0x00000000e5000000|  0%| F|  |TAMS 0x00000000e4f00000| PB 0x00000000e4f00000| Untracked 
| 592|0x00000000e5000000, 0x00000000e5000000, 0x00000000e5100000|  0%| F|  |TAMS 0x00000000e5000000| PB 0x00000000e5000000| Untracked 
| 593|0x00000000e5100000, 0x00000000e5100000, 0x00000000e5200000|  0%| F|  |TAMS 0x00000000e5100000| PB 0x00000000e5100000| Untracked 
| 594|0x00000000e5200000, 0x00000000e5200000, 0x00000000e5300000|  0%| F|  |TAMS 0x00000000e5200000| PB 0x00000000e5200000| Untracked 
| 595|0x00000000e5300000, 0x00000000e5300000, 0x00000000e5400000|  0%| F|  |TAMS 0x00000000e5300000| PB 0x00000000e5300000| Untracked 
| 596|0x00000000e5400000, 0x00000000e5400000, 0x00000000e5500000|  0%| F|  |TAMS 0x00000000e5400000| PB 0x00000000e5400000| Untracked 
| 597|0x00000000e5500000, 0x00000000e5500000, 0x00000000e5600000|  0%| F|  |TAMS 0x00000000e5500000| PB 0x00000000e5500000| Untracked 
| 598|0x00000000e5600000, 0x00000000e5600000, 0x00000000e5700000|  0%| F|  |TAMS 0x00000000e5600000| PB 0x00000000e5600000| Untracked 
| 599|0x00000000e5700000, 0x00000000e5700000, 0x00000000e5800000|  0%| F|  |TAMS 0x00000000e5700000| PB 0x00000000e5700000| Untracked 
| 600|0x00000000e5800000, 0x00000000e5800000, 0x00000000e5900000|  0%| F|  |TAMS 0x00000000e5800000| PB 0x00000000e5800000| Untracked 
| 601|0x00000000e5900000, 0x00000000e5900000, 0x00000000e5a00000|  0%| F|  |TAMS 0x00000000e5900000| PB 0x00000000e5900000| Untracked 
| 602|0x00000000e5a00000, 0x00000000e5a00000, 0x00000000e5b00000|  0%| F|  |TAMS 0x00000000e5a00000| PB 0x00000000e5a00000| Untracked 
| 603|0x00000000e5b00000, 0x00000000e5b00000, 0x00000000e5c00000|  0%| F|  |TAMS 0x00000000e5b00000| PB 0x00000000e5b00000| Untracked 
| 604|0x00000000e5c00000, 0x00000000e5c00000, 0x00000000e5d00000|  0%| F|  |TAMS 0x00000000e5c00000| PB 0x00000000e5c00000| Untracked 
| 605|0x00000000e5d00000, 0x00000000e5d00000, 0x00000000e5e00000|  0%| F|  |TAMS 0x00000000e5d00000| PB 0x00000000e5d00000| Untracked 
| 606|0x00000000e5e00000, 0x00000000e5e00000, 0x00000000e5f00000|  0%| F|  |TAMS 0x00000000e5e00000| PB 0x00000000e5e00000| Untracked 
| 607|0x00000000e5f00000, 0x00000000e5f00000, 0x00000000e6000000|  0%| F|  |TAMS 0x00000000e5f00000| PB 0x00000000e5f00000| Untracked 
| 608|0x00000000e6000000, 0x00000000e6000000, 0x00000000e6100000|  0%| F|  |TAMS 0x00000000e6000000| PB 0x00000000e6000000| Untracked 
| 609|0x00000000e6100000, 0x00000000e6100000, 0x00000000e6200000|  0%| F|  |TAMS 0x00000000e6100000| PB 0x00000000e6100000| Untracked 
| 610|0x00000000e6200000, 0x00000000e6200000, 0x00000000e6300000|  0%| F|  |TAMS 0x00000000e6200000| PB 0x00000000e6200000| Untracked 
| 611|0x00000000e6300000, 0x00000000e6300000, 0x00000000e6400000|  0%| F|  |TAMS 0x00000000e6300000| PB 0x00000000e6300000| Untracked 
| 612|0x00000000e6400000, 0x00000000e6400000, 0x00000000e6500000|  0%| F|  |TAMS 0x00000000e6400000| PB 0x00000000e6400000| Untracked 
| 613|0x00000000e6500000, 0x00000000e6500000, 0x00000000e6600000|  0%| F|  |TAMS 0x00000000e6500000| PB 0x00000000e6500000| Untracked 
| 614|0x00000000e6600000, 0x00000000e6600000, 0x00000000e6700000|  0%| F|  |TAMS 0x00000000e6600000| PB 0x00000000e6600000| Untracked 
| 615|0x00000000e6700000, 0x00000000e6700000, 0x00000000e6800000|  0%| F|  |TAMS 0x00000000e6700000| PB 0x00000000e6700000| Untracked 
| 616|0x00000000e6800000, 0x00000000e6800000, 0x00000000e6900000|  0%| F|  |TAMS 0x00000000e6800000| PB 0x00000000e6800000| Untracked 
| 617|0x00000000e6900000, 0x00000000e6900000, 0x00000000e6a00000|  0%| F|  |TAMS 0x00000000e6900000| PB 0x00000000e6900000| Untracked 
| 618|0x00000000e6a00000, 0x00000000e6a00000, 0x00000000e6b00000|  0%| F|  |TAMS 0x00000000e6a00000| PB 0x00000000e6a00000| Untracked 
| 619|0x00000000e6b00000, 0x00000000e6b00000, 0x00000000e6c00000|  0%| F|  |TAMS 0x00000000e6b00000| PB 0x00000000e6b00000| Untracked 
| 620|0x00000000e6c00000, 0x00000000e6c00000, 0x00000000e6d00000|  0%| F|  |TAMS 0x00000000e6c00000| PB 0x00000000e6c00000| Untracked 
| 621|0x00000000e6d00000, 0x00000000e6d00000, 0x00000000e6e00000|  0%| F|  |TAMS 0x00000000e6d00000| PB 0x00000000e6d00000| Untracked 
| 622|0x00000000e6e00000, 0x00000000e6e00000, 0x00000000e6f00000|  0%| F|  |TAMS 0x00000000e6e00000| PB 0x00000000e6e00000| Untracked 
| 623|0x00000000e6f00000, 0x00000000e6f00000, 0x00000000e7000000|  0%| F|  |TAMS 0x00000000e6f00000| PB 0x00000000e6f00000| Untracked 
| 624|0x00000000e7000000, 0x00000000e7000000, 0x00000000e7100000|  0%| F|  |TAMS 0x00000000e7000000| PB 0x00000000e7000000| Untracked 
| 625|0x00000000e7100000, 0x00000000e7100000, 0x00000000e7200000|  0%| F|  |TAMS 0x00000000e7100000| PB 0x00000000e7100000| Untracked 
| 626|0x00000000e7200000, 0x00000000e7200000, 0x00000000e7300000|  0%| F|  |TAMS 0x00000000e7200000| PB 0x00000000e7200000| Untracked 
| 627|0x00000000e7300000, 0x00000000e7300000, 0x00000000e7400000|  0%| F|  |TAMS 0x00000000e7300000| PB 0x00000000e7300000| Untracked 
| 628|0x00000000e7400000, 0x00000000e7400000, 0x00000000e7500000|  0%| F|  |TAMS 0x00000000e7400000| PB 0x00000000e7400000| Untracked 
| 629|0x00000000e7500000, 0x00000000e7500000, 0x00000000e7600000|  0%| F|  |TAMS 0x00000000e7500000| PB 0x00000000e7500000| Untracked 
| 630|0x00000000e7600000, 0x00000000e7600000, 0x00000000e7700000|  0%| F|  |TAMS 0x00000000e7600000| PB 0x00000000e7600000| Untracked 
| 631|0x00000000e7700000, 0x00000000e7700000, 0x00000000e7800000|  0%| F|  |TAMS 0x00000000e7700000| PB 0x00000000e7700000| Untracked 
| 632|0x00000000e7800000, 0x00000000e7800000, 0x00000000e7900000|  0%| F|  |TAMS 0x00000000e7800000| PB 0x00000000e7800000| Untracked 
| 633|0x00000000e7900000, 0x00000000e7900000, 0x00000000e7a00000|  0%| F|  |TAMS 0x00000000e7900000| PB 0x00000000e7900000| Untracked 
| 634|0x00000000e7a00000, 0x00000000e7a00000, 0x00000000e7b00000|  0%| F|  |TAMS 0x00000000e7a00000| PB 0x00000000e7a00000| Untracked 
| 635|0x00000000e7b00000, 0x00000000e7b00000, 0x00000000e7c00000|  0%| F|  |TAMS 0x00000000e7b00000| PB 0x00000000e7b00000| Untracked 
| 636|0x00000000e7c00000, 0x00000000e7c00000, 0x00000000e7d00000|  0%| F|  |TAMS 0x00000000e7c00000| PB 0x00000000e7c00000| Untracked 
| 637|0x00000000e7d00000, 0x00000000e7d00000, 0x00000000e7e00000|  0%| F|  |TAMS 0x00000000e7d00000| PB 0x00000000e7d00000| Untracked 
| 638|0x00000000e7e00000, 0x00000000e7e00000, 0x00000000e7f00000|  0%| F|  |TAMS 0x00000000e7e00000| PB 0x00000000e7e00000| Untracked 
| 639|0x00000000e7f00000, 0x00000000e7f00000, 0x00000000e8000000|  0%| F|  |TAMS 0x00000000e7f00000| PB 0x00000000e7f00000| Untracked 
| 640|0x00000000e8000000, 0x00000000e8000000, 0x00000000e8100000|  0%| F|  |TAMS 0x00000000e8000000| PB 0x00000000e8000000| Untracked 
| 641|0x00000000e8100000, 0x00000000e8100000, 0x00000000e8200000|  0%| F|  |TAMS 0x00000000e8100000| PB 0x00000000e8100000| Untracked 
| 642|0x00000000e8200000, 0x00000000e8200000, 0x00000000e8300000|  0%| F|  |TAMS 0x00000000e8200000| PB 0x00000000e8200000| Untracked 
| 643|0x00000000e8300000, 0x00000000e8300000, 0x00000000e8400000|  0%| F|  |TAMS 0x00000000e8300000| PB 0x00000000e8300000| Untracked 
| 644|0x00000000e8400000, 0x00000000e8400000, 0x00000000e8500000|  0%| F|  |TAMS 0x00000000e8400000| PB 0x00000000e8400000| Untracked 
| 645|0x00000000e8500000, 0x00000000e8500000, 0x00000000e8600000|  0%| F|  |TAMS 0x00000000e8500000| PB 0x00000000e8500000| Untracked 
| 646|0x00000000e8600000, 0x00000000e8600000, 0x00000000e8700000|  0%| F|  |TAMS 0x00000000e8600000| PB 0x00000000e8600000| Untracked 
| 647|0x00000000e8700000, 0x00000000e8700000, 0x00000000e8800000|  0%| F|  |TAMS 0x00000000e8700000| PB 0x00000000e8700000| Untracked 
| 648|0x00000000e8800000, 0x00000000e8800000, 0x00000000e8900000|  0%| F|  |TAMS 0x00000000e8800000| PB 0x00000000e8800000| Untracked 
| 649|0x00000000e8900000, 0x00000000e8900000, 0x00000000e8a00000|  0%| F|  |TAMS 0x00000000e8900000| PB 0x00000000e8900000| Untracked 
| 650|0x00000000e8a00000, 0x00000000e8a00000, 0x00000000e8b00000|  0%| F|  |TAMS 0x00000000e8a00000| PB 0x00000000e8a00000| Untracked 
| 651|0x00000000e8b00000, 0x00000000e8b00000, 0x00000000e8c00000|  0%| F|  |TAMS 0x00000000e8b00000| PB 0x00000000e8b00000| Untracked 
| 652|0x00000000e8c00000, 0x00000000e8c00000, 0x00000000e8d00000|  0%| F|  |TAMS 0x00000000e8c00000| PB 0x00000000e8c00000| Untracked 
| 653|0x00000000e8d00000, 0x00000000e8d00000, 0x00000000e8e00000|  0%| F|  |TAMS 0x00000000e8d00000| PB 0x00000000e8d00000| Untracked 
| 654|0x00000000e8e00000, 0x00000000e8e00000, 0x00000000e8f00000|  0%| F|  |TAMS 0x00000000e8e00000| PB 0x00000000e8e00000| Untracked 
| 655|0x00000000e8f00000, 0x00000000e8f00000, 0x00000000e9000000|  0%| F|  |TAMS 0x00000000e8f00000| PB 0x00000000e8f00000| Untracked 
| 656|0x00000000e9000000, 0x00000000e9000000, 0x00000000e9100000|  0%| F|  |TAMS 0x00000000e9000000| PB 0x00000000e9000000| Untracked 
| 657|0x00000000e9100000, 0x00000000e9100000, 0x00000000e9200000|  0%| F|  |TAMS 0x00000000e9100000| PB 0x00000000e9100000| Untracked 
| 658|0x00000000e9200000, 0x00000000e9200000, 0x00000000e9300000|  0%| F|  |TAMS 0x00000000e9200000| PB 0x00000000e9200000| Untracked 
| 659|0x00000000e9300000, 0x00000000e9300000, 0x00000000e9400000|  0%| F|  |TAMS 0x00000000e9300000| PB 0x00000000e9300000| Untracked 
| 660|0x00000000e9400000, 0x00000000e9400000, 0x00000000e9500000|  0%| F|  |TAMS 0x00000000e9400000| PB 0x00000000e9400000| Untracked 
| 661|0x00000000e9500000, 0x00000000e9500000, 0x00000000e9600000|  0%| F|  |TAMS 0x00000000e9500000| PB 0x00000000e9500000| Untracked 
| 662|0x00000000e9600000, 0x00000000e9600000, 0x00000000e9700000|  0%| F|  |TAMS 0x00000000e9600000| PB 0x00000000e9600000| Untracked 
| 663|0x00000000e9700000, 0x00000000e9700000, 0x00000000e9800000|  0%| F|  |TAMS 0x00000000e9700000| PB 0x00000000e9700000| Untracked 
| 664|0x00000000e9800000, 0x00000000e9800000, 0x00000000e9900000|  0%| F|  |TAMS 0x00000000e9800000| PB 0x00000000e9800000| Untracked 
| 665|0x00000000e9900000, 0x00000000e9900000, 0x00000000e9a00000|  0%| F|  |TAMS 0x00000000e9900000| PB 0x00000000e9900000| Untracked 
| 666|0x00000000e9a00000, 0x00000000e9a00000, 0x00000000e9b00000|  0%| F|  |TAMS 0x00000000e9a00000| PB 0x00000000e9a00000| Untracked 
| 667|0x00000000e9b00000, 0x00000000e9b00000, 0x00000000e9c00000|  0%| F|  |TAMS 0x00000000e9b00000| PB 0x00000000e9b00000| Untracked 
| 668|0x00000000e9c00000, 0x00000000e9c00000, 0x00000000e9d00000|  0%| F|  |TAMS 0x00000000e9c00000| PB 0x00000000e9c00000| Untracked 
| 669|0x00000000e9d00000, 0x00000000e9d00000, 0x00000000e9e00000|  0%| F|  |TAMS 0x00000000e9d00000| PB 0x00000000e9d00000| Untracked 
| 670|0x00000000e9e00000, 0x00000000e9e00000, 0x00000000e9f00000|  0%| F|  |TAMS 0x00000000e9e00000| PB 0x00000000e9e00000| Untracked 
| 671|0x00000000e9f00000, 0x00000000e9f00000, 0x00000000ea000000|  0%| F|  |TAMS 0x00000000e9f00000| PB 0x00000000e9f00000| Untracked 
| 672|0x00000000ea000000, 0x00000000ea000000, 0x00000000ea100000|  0%| F|  |TAMS 0x00000000ea000000| PB 0x00000000ea000000| Untracked 
| 673|0x00000000ea100000, 0x00000000ea100000, 0x00000000ea200000|  0%| F|  |TAMS 0x00000000ea100000| PB 0x00000000ea100000| Untracked 
| 674|0x00000000ea200000, 0x00000000ea200000, 0x00000000ea300000|  0%| F|  |TAMS 0x00000000ea200000| PB 0x00000000ea200000| Untracked 
| 675|0x00000000ea300000, 0x00000000ea300000, 0x00000000ea400000|  0%| F|  |TAMS 0x00000000ea300000| PB 0x00000000ea300000| Untracked 
| 676|0x00000000ea400000, 0x00000000ea400000, 0x00000000ea500000|  0%| F|  |TAMS 0x00000000ea400000| PB 0x00000000ea400000| Untracked 
| 677|0x00000000ea500000, 0x00000000ea500000, 0x00000000ea600000|  0%| F|  |TAMS 0x00000000ea500000| PB 0x00000000ea500000| Untracked 
| 678|0x00000000ea600000, 0x00000000ea600000, 0x00000000ea700000|  0%| F|  |TAMS 0x00000000ea600000| PB 0x00000000ea600000| Untracked 
| 679|0x00000000ea700000, 0x00000000ea700000, 0x00000000ea800000|  0%| F|  |TAMS 0x00000000ea700000| PB 0x00000000ea700000| Untracked 
| 680|0x00000000ea800000, 0x00000000ea800000, 0x00000000ea900000|  0%| F|  |TAMS 0x00000000ea800000| PB 0x00000000ea800000| Untracked 
| 681|0x00000000ea900000, 0x00000000ea900000, 0x00000000eaa00000|  0%| F|  |TAMS 0x00000000ea900000| PB 0x00000000ea900000| Untracked 
| 682|0x00000000eaa00000, 0x00000000eaa00000, 0x00000000eab00000|  0%| F|  |TAMS 0x00000000eaa00000| PB 0x00000000eaa00000| Untracked 
| 683|0x00000000eab00000, 0x00000000eab00000, 0x00000000eac00000|  0%| F|  |TAMS 0x00000000eab00000| PB 0x00000000eab00000| Untracked 
| 684|0x00000000eac00000, 0x00000000eac00000, 0x00000000ead00000|  0%| F|  |TAMS 0x00000000eac00000| PB 0x00000000eac00000| Untracked 
| 685|0x00000000ead00000, 0x00000000ead00000, 0x00000000eae00000|  0%| F|  |TAMS 0x00000000ead00000| PB 0x00000000ead00000| Untracked 
| 686|0x00000000eae00000, 0x00000000eae00000, 0x00000000eaf00000|  0%| F|  |TAMS 0x00000000eae00000| PB 0x00000000eae00000| Untracked 
| 687|0x00000000eaf00000, 0x00000000eaf00000, 0x00000000eb000000|  0%| F|  |TAMS 0x00000000eaf00000| PB 0x00000000eaf00000| Untracked 
| 688|0x00000000eb000000, 0x00000000eb000000, 0x00000000eb100000|  0%| F|  |TAMS 0x00000000eb000000| PB 0x00000000eb000000| Untracked 
| 689|0x00000000eb100000, 0x00000000eb100000, 0x00000000eb200000|  0%| F|  |TAMS 0x00000000eb100000| PB 0x00000000eb100000| Untracked 
| 690|0x00000000eb200000, 0x00000000eb200000, 0x00000000eb300000|  0%| F|  |TAMS 0x00000000eb200000| PB 0x00000000eb200000| Untracked 
| 691|0x00000000eb300000, 0x00000000eb300000, 0x00000000eb400000|  0%| F|  |TAMS 0x00000000eb300000| PB 0x00000000eb300000| Untracked 
| 692|0x00000000eb400000, 0x00000000eb400000, 0x00000000eb500000|  0%| F|  |TAMS 0x00000000eb400000| PB 0x00000000eb400000| Untracked 
| 693|0x00000000eb500000, 0x00000000eb500000, 0x00000000eb600000|  0%| F|  |TAMS 0x00000000eb500000| PB 0x00000000eb500000| Untracked 
| 694|0x00000000eb600000, 0x00000000eb600000, 0x00000000eb700000|  0%| F|  |TAMS 0x00000000eb600000| PB 0x00000000eb600000| Untracked 
| 695|0x00000000eb700000, 0x00000000eb700000, 0x00000000eb800000|  0%| F|  |TAMS 0x00000000eb700000| PB 0x00000000eb700000| Untracked 
| 696|0x00000000eb800000, 0x00000000eb800000, 0x00000000eb900000|  0%| F|  |TAMS 0x00000000eb800000| PB 0x00000000eb800000| Untracked 
| 697|0x00000000eb900000, 0x00000000eb900000, 0x00000000eba00000|  0%| F|  |TAMS 0x00000000eb900000| PB 0x00000000eb900000| Untracked 
| 698|0x00000000eba00000, 0x00000000eba00000, 0x00000000ebb00000|  0%| F|  |TAMS 0x00000000eba00000| PB 0x00000000eba00000| Untracked 
| 699|0x00000000ebb00000, 0x00000000ebb00000, 0x00000000ebc00000|  0%| F|  |TAMS 0x00000000ebb00000| PB 0x00000000ebb00000| Untracked 
| 700|0x00000000ebc00000, 0x00000000ebc00000, 0x00000000ebd00000|  0%| F|  |TAMS 0x00000000ebc00000| PB 0x00000000ebc00000| Untracked 
| 701|0x00000000ebd00000, 0x00000000ebd00000, 0x00000000ebe00000|  0%| F|  |TAMS 0x00000000ebd00000| PB 0x00000000ebd00000| Untracked 
| 702|0x00000000ebe00000, 0x00000000ebe00000, 0x00000000ebf00000|  0%| F|  |TAMS 0x00000000ebe00000| PB 0x00000000ebe00000| Untracked 
| 703|0x00000000ebf00000, 0x00000000ebf00000, 0x00000000ec000000|  0%| F|  |TAMS 0x00000000ebf00000| PB 0x00000000ebf00000| Untracked 
| 704|0x00000000ec000000, 0x00000000ec000000, 0x00000000ec100000|  0%| F|  |TAMS 0x00000000ec000000| PB 0x00000000ec000000| Untracked 
| 705|0x00000000ec100000, 0x00000000ec100000, 0x00000000ec200000|  0%| F|  |TAMS 0x00000000ec100000| PB 0x00000000ec100000| Untracked 
| 706|0x00000000ec200000, 0x00000000ec200000, 0x00000000ec300000|  0%| F|  |TAMS 0x00000000ec200000| PB 0x00000000ec200000| Untracked 
| 707|0x00000000ec300000, 0x00000000ec300000, 0x00000000ec400000|  0%| F|  |TAMS 0x00000000ec300000| PB 0x00000000ec300000| Untracked 
| 708|0x00000000ec400000, 0x00000000ec400000, 0x00000000ec500000|  0%| F|  |TAMS 0x00000000ec400000| PB 0x00000000ec400000| Untracked 
| 709|0x00000000ec500000, 0x00000000ec500000, 0x00000000ec600000|  0%| F|  |TAMS 0x00000000ec500000| PB 0x00000000ec500000| Untracked 
| 710|0x00000000ec600000, 0x00000000ec600000, 0x00000000ec700000|  0%| F|  |TAMS 0x00000000ec600000| PB 0x00000000ec600000| Untracked 
| 711|0x00000000ec700000, 0x00000000ec700000, 0x00000000ec800000|  0%| F|  |TAMS 0x00000000ec700000| PB 0x00000000ec700000| Untracked 
| 712|0x00000000ec800000, 0x00000000ec800000, 0x00000000ec900000|  0%| F|  |TAMS 0x00000000ec800000| PB 0x00000000ec800000| Untracked 
| 713|0x00000000ec900000, 0x00000000ec900000, 0x00000000eca00000|  0%| F|  |TAMS 0x00000000ec900000| PB 0x00000000ec900000| Untracked 
| 714|0x00000000eca00000, 0x00000000eca00000, 0x00000000ecb00000|  0%| F|  |TAMS 0x00000000eca00000| PB 0x00000000eca00000| Untracked 
| 715|0x00000000ecb00000, 0x00000000ecb00000, 0x00000000ecc00000|  0%| F|  |TAMS 0x00000000ecb00000| PB 0x00000000ecb00000| Untracked 
| 716|0x00000000ecc00000, 0x00000000ecc00000, 0x00000000ecd00000|  0%| F|  |TAMS 0x00000000ecc00000| PB 0x00000000ecc00000| Untracked 
| 717|0x00000000ecd00000, 0x00000000ecd00000, 0x00000000ece00000|  0%| F|  |TAMS 0x00000000ecd00000| PB 0x00000000ecd00000| Untracked 
| 718|0x00000000ece00000, 0x00000000ece00000, 0x00000000ecf00000|  0%| F|  |TAMS 0x00000000ece00000| PB 0x00000000ece00000| Untracked 
| 719|0x00000000ecf00000, 0x00000000ecf00000, 0x00000000ed000000|  0%| F|  |TAMS 0x00000000ecf00000| PB 0x00000000ecf00000| Untracked 
| 720|0x00000000ed000000, 0x00000000ed000000, 0x00000000ed100000|  0%| F|  |TAMS 0x00000000ed000000| PB 0x00000000ed000000| Untracked 
| 721|0x00000000ed100000, 0x00000000ed100000, 0x00000000ed200000|  0%| F|  |TAMS 0x00000000ed100000| PB 0x00000000ed100000| Untracked 
| 722|0x00000000ed200000, 0x00000000ed200000, 0x00000000ed300000|  0%| F|  |TAMS 0x00000000ed200000| PB 0x00000000ed200000| Untracked 
| 723|0x00000000ed300000, 0x00000000ed300000, 0x00000000ed400000|  0%| F|  |TAMS 0x00000000ed300000| PB 0x00000000ed300000| Untracked 
| 724|0x00000000ed400000, 0x00000000ed400000, 0x00000000ed500000|  0%| F|  |TAMS 0x00000000ed400000| PB 0x00000000ed400000| Untracked 
| 725|0x00000000ed500000, 0x00000000ed500000, 0x00000000ed600000|  0%| F|  |TAMS 0x00000000ed500000| PB 0x00000000ed500000| Untracked 
| 726|0x00000000ed600000, 0x00000000ed600000, 0x00000000ed700000|  0%| F|  |TAMS 0x00000000ed600000| PB 0x00000000ed600000| Untracked 
| 727|0x00000000ed700000, 0x00000000ed700000, 0x00000000ed800000|  0%| F|  |TAMS 0x00000000ed700000| PB 0x00000000ed700000| Untracked 
| 728|0x00000000ed800000, 0x00000000ed800000, 0x00000000ed900000|  0%| F|  |TAMS 0x00000000ed800000| PB 0x00000000ed800000| Untracked 
| 729|0x00000000ed900000, 0x00000000ed900000, 0x00000000eda00000|  0%| F|  |TAMS 0x00000000ed900000| PB 0x00000000ed900000| Untracked 
| 730|0x00000000eda00000, 0x00000000eda00000, 0x00000000edb00000|  0%| F|  |TAMS 0x00000000eda00000| PB 0x00000000eda00000| Untracked 
| 731|0x00000000edb00000, 0x00000000edb00000, 0x00000000edc00000|  0%| F|  |TAMS 0x00000000edb00000| PB 0x00000000edb00000| Untracked 
| 732|0x00000000edc00000, 0x00000000edc00000, 0x00000000edd00000|  0%| F|  |TAMS 0x00000000edc00000| PB 0x00000000edc00000| Untracked 
| 733|0x00000000edd00000, 0x00000000edd00000, 0x00000000ede00000|  0%| F|  |TAMS 0x00000000edd00000| PB 0x00000000edd00000| Untracked 
| 734|0x00000000ede00000, 0x00000000ede00000, 0x00000000edf00000|  0%| F|  |TAMS 0x00000000ede00000| PB 0x00000000ede00000| Untracked 
| 735|0x00000000edf00000, 0x00000000edf00000, 0x00000000ee000000|  0%| F|  |TAMS 0x00000000edf00000| PB 0x00000000edf00000| Untracked 
| 736|0x00000000ee000000, 0x00000000ee000000, 0x00000000ee100000|  0%| F|  |TAMS 0x00000000ee000000| PB 0x00000000ee000000| Untracked 
| 737|0x00000000ee100000, 0x00000000ee100000, 0x00000000ee200000|  0%| F|  |TAMS 0x00000000ee100000| PB 0x00000000ee100000| Untracked 
| 738|0x00000000ee200000, 0x00000000ee200000, 0x00000000ee300000|  0%| F|  |TAMS 0x00000000ee200000| PB 0x00000000ee200000| Untracked 
| 739|0x00000000ee300000, 0x00000000ee300000, 0x00000000ee400000|  0%| F|  |TAMS 0x00000000ee300000| PB 0x00000000ee300000| Untracked 
| 740|0x00000000ee400000, 0x00000000ee400000, 0x00000000ee500000|  0%| F|  |TAMS 0x00000000ee400000| PB 0x00000000ee400000| Untracked 
| 741|0x00000000ee500000, 0x00000000ee500000, 0x00000000ee600000|  0%| F|  |TAMS 0x00000000ee500000| PB 0x00000000ee500000| Untracked 
| 742|0x00000000ee600000, 0x00000000ee600000, 0x00000000ee700000|  0%| F|  |TAMS 0x00000000ee600000| PB 0x00000000ee600000| Untracked 
| 743|0x00000000ee700000, 0x00000000ee700000, 0x00000000ee800000|  0%| F|  |TAMS 0x00000000ee700000| PB 0x00000000ee700000| Untracked 
| 744|0x00000000ee800000, 0x00000000ee800000, 0x00000000ee900000|  0%| F|  |TAMS 0x00000000ee800000| PB 0x00000000ee800000| Untracked 
| 745|0x00000000ee900000, 0x00000000ee900000, 0x00000000eea00000|  0%| F|  |TAMS 0x00000000ee900000| PB 0x00000000ee900000| Untracked 
| 746|0x00000000eea00000, 0x00000000eea00000, 0x00000000eeb00000|  0%| F|  |TAMS 0x00000000eea00000| PB 0x00000000eea00000| Untracked 
| 747|0x00000000eeb00000, 0x00000000eeb00000, 0x00000000eec00000|  0%| F|  |TAMS 0x00000000eeb00000| PB 0x00000000eeb00000| Untracked 
| 748|0x00000000eec00000, 0x00000000eec00000, 0x00000000eed00000|  0%| F|  |TAMS 0x00000000eec00000| PB 0x00000000eec00000| Untracked 
| 749|0x00000000eed00000, 0x00000000eed00000, 0x00000000eee00000|  0%| F|  |TAMS 0x00000000eed00000| PB 0x00000000eed00000| Untracked 
| 750|0x00000000eee00000, 0x00000000eee00000, 0x00000000eef00000|  0%| F|  |TAMS 0x00000000eee00000| PB 0x00000000eee00000| Untracked 
| 751|0x00000000eef00000, 0x00000000eef00000, 0x00000000ef000000|  0%| F|  |TAMS 0x00000000eef00000| PB 0x00000000eef00000| Untracked 
| 752|0x00000000ef000000, 0x00000000ef000000, 0x00000000ef100000|  0%| F|  |TAMS 0x00000000ef000000| PB 0x00000000ef000000| Untracked 
| 753|0x00000000ef100000, 0x00000000ef100000, 0x00000000ef200000|  0%| F|  |TAMS 0x00000000ef100000| PB 0x00000000ef100000| Untracked 
| 754|0x00000000ef200000, 0x00000000ef200000, 0x00000000ef300000|  0%| F|  |TAMS 0x00000000ef200000| PB 0x00000000ef200000| Untracked 
| 755|0x00000000ef300000, 0x00000000ef300000, 0x00000000ef400000|  0%| F|  |TAMS 0x00000000ef300000| PB 0x00000000ef300000| Untracked 
| 756|0x00000000ef400000, 0x00000000ef400000, 0x00000000ef500000|  0%| F|  |TAMS 0x00000000ef400000| PB 0x00000000ef400000| Untracked 
| 757|0x00000000ef500000, 0x00000000ef500000, 0x00000000ef600000|  0%| F|  |TAMS 0x00000000ef500000| PB 0x00000000ef500000| Untracked 
| 758|0x00000000ef600000, 0x00000000ef600000, 0x00000000ef700000|  0%| F|  |TAMS 0x00000000ef600000| PB 0x00000000ef600000| Untracked 
| 759|0x00000000ef700000, 0x00000000ef700000, 0x00000000ef800000|  0%| F|  |TAMS 0x00000000ef700000| PB 0x00000000ef700000| Untracked 
| 760|0x00000000ef800000, 0x00000000ef800000, 0x00000000ef900000|  0%| F|  |TAMS 0x00000000ef800000| PB 0x00000000ef800000| Untracked 
| 761|0x00000000ef900000, 0x00000000ef900000, 0x00000000efa00000|  0%| F|  |TAMS 0x00000000ef900000| PB 0x00000000ef900000| Untracked 
| 762|0x00000000efa00000, 0x00000000efa00000, 0x00000000efb00000|  0%| F|  |TAMS 0x00000000efa00000| PB 0x00000000efa00000| Untracked 
| 763|0x00000000efb00000, 0x00000000efb00000, 0x00000000efc00000|  0%| F|  |TAMS 0x00000000efb00000| PB 0x00000000efb00000| Untracked 
| 764|0x00000000efc00000, 0x00000000efc00000, 0x00000000efd00000|  0%| F|  |TAMS 0x00000000efc00000| PB 0x00000000efc00000| Untracked 
| 765|0x00000000efd00000, 0x00000000efd00000, 0x00000000efe00000|  0%| F|  |TAMS 0x00000000efd00000| PB 0x00000000efd00000| Untracked 
| 766|0x00000000efe00000, 0x00000000efe00000, 0x00000000eff00000|  0%| F|  |TAMS 0x00000000efe00000| PB 0x00000000efe00000| Untracked 
| 767|0x00000000eff00000, 0x00000000eff00000, 0x00000000f0000000|  0%| F|  |TAMS 0x00000000eff00000| PB 0x00000000eff00000| Untracked 
| 768|0x00000000f0000000, 0x00000000f0000000, 0x00000000f0100000|  0%| F|  |TAMS 0x00000000f0000000| PB 0x00000000f0000000| Untracked 
| 769|0x00000000f0100000, 0x00000000f0100000, 0x00000000f0200000|  0%| F|  |TAMS 0x00000000f0100000| PB 0x00000000f0100000| Untracked 
| 770|0x00000000f0200000, 0x00000000f0200000, 0x00000000f0300000|  0%| F|  |TAMS 0x00000000f0200000| PB 0x00000000f0200000| Untracked 
| 771|0x00000000f0300000, 0x00000000f0300000, 0x00000000f0400000|  0%| F|  |TAMS 0x00000000f0300000| PB 0x00000000f0300000| Untracked 
| 772|0x00000000f0400000, 0x00000000f0400000, 0x00000000f0500000|  0%| F|  |TAMS 0x00000000f0400000| PB 0x00000000f0400000| Untracked 
| 773|0x00000000f0500000, 0x00000000f0500000, 0x00000000f0600000|  0%| F|  |TAMS 0x00000000f0500000| PB 0x00000000f0500000| Untracked 
| 774|0x00000000f0600000, 0x00000000f0600000, 0x00000000f0700000|  0%| F|  |TAMS 0x00000000f0600000| PB 0x00000000f0600000| Untracked 
| 775|0x00000000f0700000, 0x00000000f0700000, 0x00000000f0800000|  0%| F|  |TAMS 0x00000000f0700000| PB 0x00000000f0700000| Untracked 
| 776|0x00000000f0800000, 0x00000000f0800000, 0x00000000f0900000|  0%| F|  |TAMS 0x00000000f0800000| PB 0x00000000f0800000| Untracked 
| 777|0x00000000f0900000, 0x00000000f0900000, 0x00000000f0a00000|  0%| F|  |TAMS 0x00000000f0900000| PB 0x00000000f0900000| Untracked 
| 778|0x00000000f0a00000, 0x00000000f0a00000, 0x00000000f0b00000|  0%| F|  |TAMS 0x00000000f0a00000| PB 0x00000000f0a00000| Untracked 
| 779|0x00000000f0b00000, 0x00000000f0b00000, 0x00000000f0c00000|  0%| F|  |TAMS 0x00000000f0b00000| PB 0x00000000f0b00000| Untracked 
| 780|0x00000000f0c00000, 0x00000000f0c00000, 0x00000000f0d00000|  0%| F|  |TAMS 0x00000000f0c00000| PB 0x00000000f0c00000| Untracked 
| 781|0x00000000f0d00000, 0x00000000f0d00000, 0x00000000f0e00000|  0%| F|  |TAMS 0x00000000f0d00000| PB 0x00000000f0d00000| Untracked 
| 782|0x00000000f0e00000, 0x00000000f0e00000, 0x00000000f0f00000|  0%| F|  |TAMS 0x00000000f0e00000| PB 0x00000000f0e00000| Untracked 
| 783|0x00000000f0f00000, 0x00000000f0f00000, 0x00000000f1000000|  0%| F|  |TAMS 0x00000000f0f00000| PB 0x00000000f0f00000| Untracked 
| 784|0x00000000f1000000, 0x00000000f1000000, 0x00000000f1100000|  0%| F|  |TAMS 0x00000000f1000000| PB 0x00000000f1000000| Untracked 
| 785|0x00000000f1100000, 0x00000000f1100000, 0x00000000f1200000|  0%| F|  |TAMS 0x00000000f1100000| PB 0x00000000f1100000| Untracked 
| 786|0x00000000f1200000, 0x00000000f1200000, 0x00000000f1300000|  0%| F|  |TAMS 0x00000000f1200000| PB 0x00000000f1200000| Untracked 
| 787|0x00000000f1300000, 0x00000000f1300000, 0x00000000f1400000|  0%| F|  |TAMS 0x00000000f1300000| PB 0x00000000f1300000| Untracked 
| 788|0x00000000f1400000, 0x00000000f1400000, 0x00000000f1500000|  0%| F|  |TAMS 0x00000000f1400000| PB 0x00000000f1400000| Untracked 
| 789|0x00000000f1500000, 0x00000000f1500000, 0x00000000f1600000|  0%| F|  |TAMS 0x00000000f1500000| PB 0x00000000f1500000| Untracked 
| 790|0x00000000f1600000, 0x00000000f1600000, 0x00000000f1700000|  0%| F|  |TAMS 0x00000000f1600000| PB 0x00000000f1600000| Untracked 
| 791|0x00000000f1700000, 0x00000000f1700000, 0x00000000f1800000|  0%| F|  |TAMS 0x00000000f1700000| PB 0x00000000f1700000| Untracked 
| 792|0x00000000f1800000, 0x00000000f1800000, 0x00000000f1900000|  0%| F|  |TAMS 0x00000000f1800000| PB 0x00000000f1800000| Untracked 
| 793|0x00000000f1900000, 0x00000000f1900000, 0x00000000f1a00000|  0%| F|  |TAMS 0x00000000f1900000| PB 0x00000000f1900000| Untracked 
| 794|0x00000000f1a00000, 0x00000000f1a00000, 0x00000000f1b00000|  0%| F|  |TAMS 0x00000000f1a00000| PB 0x00000000f1a00000| Untracked 
| 795|0x00000000f1b00000, 0x00000000f1b00000, 0x00000000f1c00000|  0%| F|  |TAMS 0x00000000f1b00000| PB 0x00000000f1b00000| Untracked 
| 796|0x00000000f1c00000, 0x00000000f1c00000, 0x00000000f1d00000|  0%| F|  |TAMS 0x00000000f1c00000| PB 0x00000000f1c00000| Untracked 
| 797|0x00000000f1d00000, 0x00000000f1d00000, 0x00000000f1e00000|  0%| F|  |TAMS 0x00000000f1d00000| PB 0x00000000f1d00000| Untracked 
| 798|0x00000000f1e00000, 0x00000000f1e00000, 0x00000000f1f00000|  0%| F|  |TAMS 0x00000000f1e00000| PB 0x00000000f1e00000| Untracked 
| 799|0x00000000f1f00000, 0x00000000f1f00000, 0x00000000f2000000|  0%| F|  |TAMS 0x00000000f1f00000| PB 0x00000000f1f00000| Untracked 
| 800|0x00000000f2000000, 0x00000000f2000000, 0x00000000f2100000|  0%| F|  |TAMS 0x00000000f2000000| PB 0x00000000f2000000| Untracked 
| 801|0x00000000f2100000, 0x00000000f2100000, 0x00000000f2200000|  0%| F|  |TAMS 0x00000000f2100000| PB 0x00000000f2100000| Untracked 
| 802|0x00000000f2200000, 0x00000000f2200000, 0x00000000f2300000|  0%| F|  |TAMS 0x00000000f2200000| PB 0x00000000f2200000| Untracked 
| 803|0x00000000f2300000, 0x00000000f2300000, 0x00000000f2400000|  0%| F|  |TAMS 0x00000000f2300000| PB 0x00000000f2300000| Untracked 
| 804|0x00000000f2400000, 0x00000000f2400000, 0x00000000f2500000|  0%| F|  |TAMS 0x00000000f2400000| PB 0x00000000f2400000| Untracked 
| 805|0x00000000f2500000, 0x00000000f2500000, 0x00000000f2600000|  0%| F|  |TAMS 0x00000000f2500000| PB 0x00000000f2500000| Untracked 
| 806|0x00000000f2600000, 0x00000000f2600000, 0x00000000f2700000|  0%| F|  |TAMS 0x00000000f2600000| PB 0x00000000f2600000| Untracked 
| 807|0x00000000f2700000, 0x00000000f2700000, 0x00000000f2800000|  0%| F|  |TAMS 0x00000000f2700000| PB 0x00000000f2700000| Untracked 
| 808|0x00000000f2800000, 0x00000000f2800000, 0x00000000f2900000|  0%| F|  |TAMS 0x00000000f2800000| PB 0x00000000f2800000| Untracked 
| 809|0x00000000f2900000, 0x00000000f2900000, 0x00000000f2a00000|  0%| F|  |TAMS 0x00000000f2900000| PB 0x00000000f2900000| Untracked 
| 810|0x00000000f2a00000, 0x00000000f2a00000, 0x00000000f2b00000|  0%| F|  |TAMS 0x00000000f2a00000| PB 0x00000000f2a00000| Untracked 
| 811|0x00000000f2b00000, 0x00000000f2b00000, 0x00000000f2c00000|  0%| F|  |TAMS 0x00000000f2b00000| PB 0x00000000f2b00000| Untracked 
| 812|0x00000000f2c00000, 0x00000000f2c00000, 0x00000000f2d00000|  0%| F|  |TAMS 0x00000000f2c00000| PB 0x00000000f2c00000| Untracked 
| 813|0x00000000f2d00000, 0x00000000f2d00000, 0x00000000f2e00000|  0%| F|  |TAMS 0x00000000f2d00000| PB 0x00000000f2d00000| Untracked 
| 814|0x00000000f2e00000, 0x00000000f2e00000, 0x00000000f2f00000|  0%| F|  |TAMS 0x00000000f2e00000| PB 0x00000000f2e00000| Untracked 
| 815|0x00000000f2f00000, 0x00000000f2f00000, 0x00000000f3000000|  0%| F|  |TAMS 0x00000000f2f00000| PB 0x00000000f2f00000| Untracked 
| 816|0x00000000f3000000, 0x00000000f3000000, 0x00000000f3100000|  0%| F|  |TAMS 0x00000000f3000000| PB 0x00000000f3000000| Untracked 
| 817|0x00000000f3100000, 0x00000000f3100000, 0x00000000f3200000|  0%| F|  |TAMS 0x00000000f3100000| PB 0x00000000f3100000| Untracked 
| 818|0x00000000f3200000, 0x00000000f3200000, 0x00000000f3300000|  0%| F|  |TAMS 0x00000000f3200000| PB 0x00000000f3200000| Untracked 
| 819|0x00000000f3300000, 0x00000000f3300000, 0x00000000f3400000|  0%| F|  |TAMS 0x00000000f3300000| PB 0x00000000f3300000| Untracked 
| 820|0x00000000f3400000, 0x00000000f3400000, 0x00000000f3500000|  0%| F|  |TAMS 0x00000000f3400000| PB 0x00000000f3400000| Untracked 
| 821|0x00000000f3500000, 0x00000000f3500000, 0x00000000f3600000|  0%| F|  |TAMS 0x00000000f3500000| PB 0x00000000f3500000| Untracked 
| 822|0x00000000f3600000, 0x00000000f3600000, 0x00000000f3700000|  0%| F|  |TAMS 0x00000000f3600000| PB 0x00000000f3600000| Untracked 
| 823|0x00000000f3700000, 0x00000000f3700000, 0x00000000f3800000|  0%| F|  |TAMS 0x00000000f3700000| PB 0x00000000f3700000| Untracked 
| 824|0x00000000f3800000, 0x00000000f3800000, 0x00000000f3900000|  0%| F|  |TAMS 0x00000000f3800000| PB 0x00000000f3800000| Untracked 
| 825|0x00000000f3900000, 0x00000000f3900000, 0x00000000f3a00000|  0%| F|  |TAMS 0x00000000f3900000| PB 0x00000000f3900000| Untracked 
| 826|0x00000000f3a00000, 0x00000000f3a00000, 0x00000000f3b00000|  0%| F|  |TAMS 0x00000000f3a00000| PB 0x00000000f3a00000| Untracked 
| 827|0x00000000f3b00000, 0x00000000f3b00000, 0x00000000f3c00000|  0%| F|  |TAMS 0x00000000f3b00000| PB 0x00000000f3b00000| Untracked 
| 828|0x00000000f3c00000, 0x00000000f3c00000, 0x00000000f3d00000|  0%| F|  |TAMS 0x00000000f3c00000| PB 0x00000000f3c00000| Untracked 
| 829|0x00000000f3d00000, 0x00000000f3d00000, 0x00000000f3e00000|  0%| F|  |TAMS 0x00000000f3d00000| PB 0x00000000f3d00000| Untracked 
| 830|0x00000000f3e00000, 0x00000000f3e00000, 0x00000000f3f00000|  0%| F|  |TAMS 0x00000000f3e00000| PB 0x00000000f3e00000| Untracked 
| 831|0x00000000f3f00000, 0x00000000f3f00000, 0x00000000f4000000|  0%| F|  |TAMS 0x00000000f3f00000| PB 0x00000000f3f00000| Untracked 
| 832|0x00000000f4000000, 0x00000000f4000000, 0x00000000f4100000|  0%| F|  |TAMS 0x00000000f4000000| PB 0x00000000f4000000| Untracked 
| 833|0x00000000f4100000, 0x00000000f4100000, 0x00000000f4200000|  0%| F|  |TAMS 0x00000000f4100000| PB 0x00000000f4100000| Untracked 
| 834|0x00000000f4200000, 0x00000000f4200000, 0x00000000f4300000|  0%| F|  |TAMS 0x00000000f4200000| PB 0x00000000f4200000| Untracked 
| 835|0x00000000f4300000, 0x00000000f4300000, 0x00000000f4400000|  0%| F|  |TAMS 0x00000000f4300000| PB 0x00000000f4300000| Untracked 
| 836|0x00000000f4400000, 0x00000000f4400000, 0x00000000f4500000|  0%| F|  |TAMS 0x00000000f4400000| PB 0x00000000f4400000| Untracked 
| 837|0x00000000f4500000, 0x00000000f4500000, 0x00000000f4600000|  0%| F|  |TAMS 0x00000000f4500000| PB 0x00000000f4500000| Untracked 
| 838|0x00000000f4600000, 0x00000000f4600000, 0x00000000f4700000|  0%| F|  |TAMS 0x00000000f4600000| PB 0x00000000f4600000| Untracked 
| 839|0x00000000f4700000, 0x00000000f4700000, 0x00000000f4800000|  0%| F|  |TAMS 0x00000000f4700000| PB 0x00000000f4700000| Untracked 
| 840|0x00000000f4800000, 0x00000000f4800000, 0x00000000f4900000|  0%| F|  |TAMS 0x00000000f4800000| PB 0x00000000f4800000| Untracked 
| 841|0x00000000f4900000, 0x00000000f4900000, 0x00000000f4a00000|  0%| F|  |TAMS 0x00000000f4900000| PB 0x00000000f4900000| Untracked 
| 842|0x00000000f4a00000, 0x00000000f4a00000, 0x00000000f4b00000|  0%| F|  |TAMS 0x00000000f4a00000| PB 0x00000000f4a00000| Untracked 
| 843|0x00000000f4b00000, 0x00000000f4b00000, 0x00000000f4c00000|  0%| F|  |TAMS 0x00000000f4b00000| PB 0x00000000f4b00000| Untracked 
| 844|0x00000000f4c00000, 0x00000000f4c00000, 0x00000000f4d00000|  0%| F|  |TAMS 0x00000000f4c00000| PB 0x00000000f4c00000| Untracked 
| 845|0x00000000f4d00000, 0x00000000f4d00000, 0x00000000f4e00000|  0%| F|  |TAMS 0x00000000f4d00000| PB 0x00000000f4d00000| Untracked 
| 846|0x00000000f4e00000, 0x00000000f4e00000, 0x00000000f4f00000|  0%| F|  |TAMS 0x00000000f4e00000| PB 0x00000000f4e00000| Untracked 
| 847|0x00000000f4f00000, 0x00000000f4f00000, 0x00000000f5000000|  0%| F|  |TAMS 0x00000000f4f00000| PB 0x00000000f4f00000| Untracked 
| 848|0x00000000f5000000, 0x00000000f5000000, 0x00000000f5100000|  0%| F|  |TAMS 0x00000000f5000000| PB 0x00000000f5000000| Untracked 
| 849|0x00000000f5100000, 0x00000000f5100000, 0x00000000f5200000|  0%| F|  |TAMS 0x00000000f5100000| PB 0x00000000f5100000| Untracked 
| 850|0x00000000f5200000, 0x00000000f5200000, 0x00000000f5300000|  0%| F|  |TAMS 0x00000000f5200000| PB 0x00000000f5200000| Untracked 
| 851|0x00000000f5300000, 0x00000000f5300000, 0x00000000f5400000|  0%| F|  |TAMS 0x00000000f5300000| PB 0x00000000f5300000| Untracked 
| 852|0x00000000f5400000, 0x00000000f5400000, 0x00000000f5500000|  0%| F|  |TAMS 0x00000000f5400000| PB 0x00000000f5400000| Untracked 
| 853|0x00000000f5500000, 0x00000000f5500000, 0x00000000f5600000|  0%| F|  |TAMS 0x00000000f5500000| PB 0x00000000f5500000| Untracked 
| 854|0x00000000f5600000, 0x00000000f5600000, 0x00000000f5700000|  0%| F|  |TAMS 0x00000000f5600000| PB 0x00000000f5600000| Untracked 
| 855|0x00000000f5700000, 0x00000000f5700000, 0x00000000f5800000|  0%| F|  |TAMS 0x00000000f5700000| PB 0x00000000f5700000| Untracked 
| 856|0x00000000f5800000, 0x00000000f5800000, 0x00000000f5900000|  0%| F|  |TAMS 0x00000000f5800000| PB 0x00000000f5800000| Untracked 
| 857|0x00000000f5900000, 0x00000000f5900000, 0x00000000f5a00000|  0%| F|  |TAMS 0x00000000f5900000| PB 0x00000000f5900000| Untracked 
| 858|0x00000000f5a00000, 0x00000000f5a00000, 0x00000000f5b00000|  0%| F|  |TAMS 0x00000000f5a00000| PB 0x00000000f5a00000| Untracked 
| 859|0x00000000f5b00000, 0x00000000f5b00000, 0x00000000f5c00000|  0%| F|  |TAMS 0x00000000f5b00000| PB 0x00000000f5b00000| Untracked 
| 860|0x00000000f5c00000, 0x00000000f5c00000, 0x00000000f5d00000|  0%| F|  |TAMS 0x00000000f5c00000| PB 0x00000000f5c00000| Untracked 
| 861|0x00000000f5d00000, 0x00000000f5d00000, 0x00000000f5e00000|  0%| F|  |TAMS 0x00000000f5d00000| PB 0x00000000f5d00000| Untracked 
| 862|0x00000000f5e00000, 0x00000000f5e00000, 0x00000000f5f00000|  0%| F|  |TAMS 0x00000000f5e00000| PB 0x00000000f5e00000| Untracked 
| 863|0x00000000f5f00000, 0x00000000f5f00000, 0x00000000f6000000|  0%| F|  |TAMS 0x00000000f5f00000| PB 0x00000000f5f00000| Untracked 
| 864|0x00000000f6000000, 0x00000000f6000000, 0x00000000f6100000|  0%| F|  |TAMS 0x00000000f6000000| PB 0x00000000f6000000| Untracked 
| 865|0x00000000f6100000, 0x00000000f6100000, 0x00000000f6200000|  0%| F|  |TAMS 0x00000000f6100000| PB 0x00000000f6100000| Untracked 
| 866|0x00000000f6200000, 0x00000000f6200000, 0x00000000f6300000|  0%| F|  |TAMS 0x00000000f6200000| PB 0x00000000f6200000| Untracked 
| 867|0x00000000f6300000, 0x00000000f6300000, 0x00000000f6400000|  0%| F|  |TAMS 0x00000000f6300000| PB 0x00000000f6300000| Untracked 
| 868|0x00000000f6400000, 0x00000000f6400000, 0x00000000f6500000|  0%| F|  |TAMS 0x00000000f6400000| PB 0x00000000f6400000| Untracked 
| 869|0x00000000f6500000, 0x00000000f6500000, 0x00000000f6600000|  0%| F|  |TAMS 0x00000000f6500000| PB 0x00000000f6500000| Untracked 
| 870|0x00000000f6600000, 0x00000000f6600000, 0x00000000f6700000|  0%| F|  |TAMS 0x00000000f6600000| PB 0x00000000f6600000| Untracked 
| 871|0x00000000f6700000, 0x00000000f6700000, 0x00000000f6800000|  0%| F|  |TAMS 0x00000000f6700000| PB 0x00000000f6700000| Untracked 
| 872|0x00000000f6800000, 0x00000000f6800000, 0x00000000f6900000|  0%| F|  |TAMS 0x00000000f6800000| PB 0x00000000f6800000| Untracked 
| 873|0x00000000f6900000, 0x00000000f6900000, 0x00000000f6a00000|  0%| F|  |TAMS 0x00000000f6900000| PB 0x00000000f6900000| Untracked 
| 874|0x00000000f6a00000, 0x00000000f6a00000, 0x00000000f6b00000|  0%| F|  |TAMS 0x00000000f6a00000| PB 0x00000000f6a00000| Untracked 
| 875|0x00000000f6b00000, 0x00000000f6b00000, 0x00000000f6c00000|  0%| F|  |TAMS 0x00000000f6b00000| PB 0x00000000f6b00000| Untracked 
| 876|0x00000000f6c00000, 0x00000000f6c00000, 0x00000000f6d00000|  0%| F|  |TAMS 0x00000000f6c00000| PB 0x00000000f6c00000| Untracked 
| 877|0x00000000f6d00000, 0x00000000f6d00000, 0x00000000f6e00000|  0%| F|  |TAMS 0x00000000f6d00000| PB 0x00000000f6d00000| Untracked 
| 878|0x00000000f6e00000, 0x00000000f6e00000, 0x00000000f6f00000|  0%| F|  |TAMS 0x00000000f6e00000| PB 0x00000000f6e00000| Untracked 
| 879|0x00000000f6f00000, 0x00000000f6f00000, 0x00000000f7000000|  0%| F|  |TAMS 0x00000000f6f00000| PB 0x00000000f6f00000| Untracked 
| 880|0x00000000f7000000, 0x00000000f7000000, 0x00000000f7100000|  0%| F|  |TAMS 0x00000000f7000000| PB 0x00000000f7000000| Untracked 
| 881|0x00000000f7100000, 0x00000000f7140f08, 0x00000000f7200000| 25%| E|  |TAMS 0x00000000f7100000| PB 0x00000000f7100000| Complete 
| 882|0x00000000f7200000, 0x00000000f7300000, 0x00000000f7300000|100%| E|CS|TAMS 0x00000000f7200000| PB 0x00000000f7200000| Complete 
| 883|0x00000000f7300000, 0x00000000f7400000, 0x00000000f7400000|100%| E|CS|TAMS 0x00000000f7300000| PB 0x00000000f7300000| Complete 
| 884|0x00000000f7400000, 0x00000000f7500000, 0x00000000f7500000|100%| E|CS|TAMS 0x00000000f7400000| PB 0x00000000f7400000| Complete 
| 885|0x00000000f7500000, 0x00000000f7600000, 0x00000000f7600000|100%| E|CS|TAMS 0x00000000f7500000| PB 0x00000000f7500000| Complete 
| 886|0x00000000f7600000, 0x00000000f7700000, 0x00000000f7700000|100%| E|CS|TAMS 0x00000000f7600000| PB 0x00000000f7600000| Complete 
| 887|0x00000000f7700000, 0x00000000f7800000, 0x00000000f7800000|100%| E|CS|TAMS 0x00000000f7700000| PB 0x00000000f7700000| Complete 
| 888|0x00000000f7800000, 0x00000000f7900000, 0x00000000f7900000|100%| E|CS|TAMS 0x00000000f7800000| PB 0x00000000f7800000| Complete 
| 889|0x00000000f7900000, 0x00000000f7a00000, 0x00000000f7a00000|100%| E|CS|TAMS 0x00000000f7900000| PB 0x00000000f7900000| Complete 
| 890|0x00000000f7a00000, 0x00000000f7b00000, 0x00000000f7b00000|100%| E|CS|TAMS 0x00000000f7a00000| PB 0x00000000f7a00000| Complete 
| 891|0x00000000f7b00000, 0x00000000f7c00000, 0x00000000f7c00000|100%| E|CS|TAMS 0x00000000f7b00000| PB 0x00000000f7b00000| Complete 
| 892|0x00000000f7c00000, 0x00000000f7d00000, 0x00000000f7d00000|100%| E|CS|TAMS 0x00000000f7c00000| PB 0x00000000f7c00000| Complete 
| 893|0x00000000f7d00000, 0x00000000f7e00000, 0x00000000f7e00000|100%| E|CS|TAMS 0x00000000f7d00000| PB 0x00000000f7d00000| Complete 
| 894|0x00000000f7e00000, 0x00000000f7f00000, 0x00000000f7f00000|100%| E|CS|TAMS 0x00000000f7e00000| PB 0x00000000f7e00000| Complete 
| 895|0x00000000f7f00000, 0x00000000f8000000, 0x00000000f8000000|100%| E|CS|TAMS 0x00000000f7f00000| PB 0x00000000f7f00000| Complete 
| 896|0x00000000f8000000, 0x00000000f8100000, 0x00000000f8100000|100%| E|CS|TAMS 0x00000000f8000000| PB 0x00000000f8000000| Complete 
| 897|0x00000000f8100000, 0x00000000f8200000, 0x00000000f8200000|100%| E|CS|TAMS 0x00000000f8100000| PB 0x00000000f8100000| Complete 
| 898|0x00000000f8200000, 0x00000000f8300000, 0x00000000f8300000|100%| E|CS|TAMS 0x00000000f8200000| PB 0x00000000f8200000| Complete 
| 899|0x00000000f8300000, 0x00000000f8400000, 0x00000000f8400000|100%| E|CS|TAMS 0x00000000f8300000| PB 0x00000000f8300000| Complete 
| 900|0x00000000f8400000, 0x00000000f8500000, 0x00000000f8500000|100%| E|CS|TAMS 0x00000000f8400000| PB 0x00000000f8400000| Complete 
| 901|0x00000000f8500000, 0x00000000f8600000, 0x00000000f8600000|100%| E|CS|TAMS 0x00000000f8500000| PB 0x00000000f8500000| Complete 
| 902|0x00000000f8600000, 0x00000000f8700000, 0x00000000f8700000|100%| E|CS|TAMS 0x00000000f8600000| PB 0x00000000f8600000| Complete 
| 903|0x00000000f8700000, 0x00000000f8800000, 0x00000000f8800000|100%| E|CS|TAMS 0x00000000f8700000| PB 0x00000000f8700000| Complete 
| 904|0x00000000f8800000, 0x00000000f8900000, 0x00000000f8900000|100%| E|CS|TAMS 0x00000000f8800000| PB 0x00000000f8800000| Complete 
| 905|0x00000000f8900000, 0x00000000f8a00000, 0x00000000f8a00000|100%| E|CS|TAMS 0x00000000f8900000| PB 0x00000000f8900000| Complete 
| 906|0x00000000f8a00000, 0x00000000f8b00000, 0x00000000f8b00000|100%| E|CS|TAMS 0x00000000f8a00000| PB 0x00000000f8a00000| Complete 
| 907|0x00000000f8b00000, 0x00000000f8c00000, 0x00000000f8c00000|100%| E|CS|TAMS 0x00000000f8b00000| PB 0x00000000f8b00000| Complete 
| 908|0x00000000f8c00000, 0x00000000f8d00000, 0x00000000f8d00000|100%| E|CS|TAMS 0x00000000f8c00000| PB 0x00000000f8c00000| Complete 
| 909|0x00000000f8d00000, 0x00000000f8e00000, 0x00000000f8e00000|100%| E|CS|TAMS 0x00000000f8d00000| PB 0x00000000f8d00000| Complete 
| 910|0x00000000f8e00000, 0x00000000f8f00000, 0x00000000f8f00000|100%| E|CS|TAMS 0x00000000f8e00000| PB 0x00000000f8e00000| Complete 
| 911|0x00000000f8f00000, 0x00000000f9000000, 0x00000000f9000000|100%| E|CS|TAMS 0x00000000f8f00000| PB 0x00000000f8f00000| Complete 
| 912|0x00000000f9000000, 0x00000000f9100000, 0x00000000f9100000|100%| E|CS|TAMS 0x00000000f9000000| PB 0x00000000f9000000| Complete 
| 913|0x00000000f9100000, 0x00000000f9200000, 0x00000000f9200000|100%| E|CS|TAMS 0x00000000f9100000| PB 0x00000000f9100000| Complete 
| 914|0x00000000f9200000, 0x00000000f9300000, 0x00000000f9300000|100%| E|CS|TAMS 0x00000000f9200000| PB 0x00000000f9200000| Complete 
| 915|0x00000000f9300000, 0x00000000f9400000, 0x00000000f9400000|100%| E|CS|TAMS 0x00000000f9300000| PB 0x00000000f9300000| Complete 
| 916|0x00000000f9400000, 0x00000000f9500000, 0x00000000f9500000|100%| E|CS|TAMS 0x00000000f9400000| PB 0x00000000f9400000| Complete 
| 917|0x00000000f9500000, 0x00000000f9600000, 0x00000000f9600000|100%| E|CS|TAMS 0x00000000f9500000| PB 0x00000000f9500000| Complete 
| 918|0x00000000f9600000, 0x00000000f9700000, 0x00000000f9700000|100%| E|CS|TAMS 0x00000000f9600000| PB 0x00000000f9600000| Complete 
| 919|0x00000000f9700000, 0x00000000f9800000, 0x00000000f9800000|100%| E|CS|TAMS 0x00000000f9700000| PB 0x00000000f9700000| Complete 
| 920|0x00000000f9800000, 0x00000000f9900000, 0x00000000f9900000|100%| E|CS|TAMS 0x00000000f9800000| PB 0x00000000f9800000| Complete 
| 921|0x00000000f9900000, 0x00000000f9a00000, 0x00000000f9a00000|100%| E|CS|TAMS 0x00000000f9900000| PB 0x00000000f9900000| Complete 
| 922|0x00000000f9a00000, 0x00000000f9b00000, 0x00000000f9b00000|100%| E|CS|TAMS 0x00000000f9a00000| PB 0x00000000f9a00000| Complete 
| 923|0x00000000f9b00000, 0x00000000f9c00000, 0x00000000f9c00000|100%| E|CS|TAMS 0x00000000f9b00000| PB 0x00000000f9b00000| Complete 
| 924|0x00000000f9c00000, 0x00000000f9d00000, 0x00000000f9d00000|100%| E|CS|TAMS 0x00000000f9c00000| PB 0x00000000f9c00000| Complete 
| 925|0x00000000f9d00000, 0x00000000f9e00000, 0x00000000f9e00000|100%| E|CS|TAMS 0x00000000f9d00000| PB 0x00000000f9d00000| Complete 
| 926|0x00000000f9e00000, 0x00000000f9f00000, 0x00000000f9f00000|100%| E|CS|TAMS 0x00000000f9e00000| PB 0x00000000f9e00000| Complete 
| 927|0x00000000f9f00000, 0x00000000fa000000, 0x00000000fa000000|100%| E|CS|TAMS 0x00000000f9f00000| PB 0x00000000f9f00000| Complete 
| 928|0x00000000fa000000, 0x00000000fa100000, 0x00000000fa100000|100%| E|CS|TAMS 0x00000000fa000000| PB 0x00000000fa000000| Complete 
| 929|0x00000000fa100000, 0x00000000fa200000, 0x00000000fa200000|100%| E|CS|TAMS 0x00000000fa100000| PB 0x00000000fa100000| Complete 
| 930|0x00000000fa200000, 0x00000000fa300000, 0x00000000fa300000|100%| E|CS|TAMS 0x00000000fa200000| PB 0x00000000fa200000| Complete 
| 931|0x00000000fa300000, 0x00000000fa400000, 0x00000000fa400000|100%| E|CS|TAMS 0x00000000fa300000| PB 0x00000000fa300000| Complete 
| 932|0x00000000fa400000, 0x00000000fa500000, 0x00000000fa500000|100%| E|CS|TAMS 0x00000000fa400000| PB 0x00000000fa400000| Complete 
| 933|0x00000000fa500000, 0x00000000fa600000, 0x00000000fa600000|100%| E|CS|TAMS 0x00000000fa500000| PB 0x00000000fa500000| Complete 
| 934|0x00000000fa600000, 0x00000000fa700000, 0x00000000fa700000|100%| E|CS|TAMS 0x00000000fa600000| PB 0x00000000fa600000| Complete 
| 935|0x00000000fa700000, 0x00000000fa800000, 0x00000000fa800000|100%| E|CS|TAMS 0x00000000fa700000| PB 0x00000000fa700000| Complete 
| 936|0x00000000fa800000, 0x00000000fa900000, 0x00000000fa900000|100%| E|CS|TAMS 0x00000000fa800000| PB 0x00000000fa800000| Complete 
| 937|0x00000000fa900000, 0x00000000faa00000, 0x00000000faa00000|100%| E|CS|TAMS 0x00000000fa900000| PB 0x00000000fa900000| Complete 
| 938|0x00000000faa00000, 0x00000000fab00000, 0x00000000fab00000|100%| E|CS|TAMS 0x00000000faa00000| PB 0x00000000faa00000| Complete 
| 939|0x00000000fab00000, 0x00000000fac00000, 0x00000000fac00000|100%| E|CS|TAMS 0x00000000fab00000| PB 0x00000000fab00000| Complete 
| 940|0x00000000fac00000, 0x00000000fad00000, 0x00000000fad00000|100%| E|CS|TAMS 0x00000000fac00000| PB 0x00000000fac00000| Complete 
| 941|0x00000000fad00000, 0x00000000fae00000, 0x00000000fae00000|100%| E|CS|TAMS 0x00000000fad00000| PB 0x00000000fad00000| Complete 
| 942|0x00000000fae00000, 0x00000000faf00000, 0x00000000faf00000|100%| E|CS|TAMS 0x00000000fae00000| PB 0x00000000fae00000| Complete 
| 943|0x00000000faf00000, 0x00000000fb000000, 0x00000000fb000000|100%| E|CS|TAMS 0x00000000faf00000| PB 0x00000000faf00000| Complete 
| 944|0x00000000fb000000, 0x00000000fb100000, 0x00000000fb100000|100%| E|CS|TAMS 0x00000000fb000000| PB 0x00000000fb000000| Complete 
| 945|0x00000000fb100000, 0x00000000fb200000, 0x00000000fb200000|100%| E|CS|TAMS 0x00000000fb100000| PB 0x00000000fb100000| Complete 
| 946|0x00000000fb200000, 0x00000000fb300000, 0x00000000fb300000|100%| E|CS|TAMS 0x00000000fb200000| PB 0x00000000fb200000| Complete 
| 947|0x00000000fb300000, 0x00000000fb400000, 0x00000000fb400000|100%| E|CS|TAMS 0x00000000fb300000| PB 0x00000000fb300000| Complete 
| 948|0x00000000fb400000, 0x00000000fb500000, 0x00000000fb500000|100%| E|CS|TAMS 0x00000000fb400000| PB 0x00000000fb400000| Complete 
| 949|0x00000000fb500000, 0x00000000fb600000, 0x00000000fb600000|100%| E|CS|TAMS 0x00000000fb500000| PB 0x00000000fb500000| Complete 
| 950|0x00000000fb600000, 0x00000000fb700000, 0x00000000fb700000|100%| E|CS|TAMS 0x00000000fb600000| PB 0x00000000fb600000| Complete 
| 951|0x00000000fb700000, 0x00000000fb800000, 0x00000000fb800000|100%| E|CS|TAMS 0x00000000fb700000| PB 0x00000000fb700000| Complete 
| 952|0x00000000fb800000, 0x00000000fb900000, 0x00000000fb900000|100%| E|CS|TAMS 0x00000000fb800000| PB 0x00000000fb800000| Complete 
| 953|0x00000000fb900000, 0x00000000fba00000, 0x00000000fba00000|100%| E|CS|TAMS 0x00000000fb900000| PB 0x00000000fb900000| Complete 
| 954|0x00000000fba00000, 0x00000000fbb00000, 0x00000000fbb00000|100%| E|CS|TAMS 0x00000000fba00000| PB 0x00000000fba00000| Complete 
| 955|0x00000000fbb00000, 0x00000000fbc00000, 0x00000000fbc00000|100%| E|CS|TAMS 0x00000000fbb00000| PB 0x00000000fbb00000| Complete 
| 956|0x00000000fbc00000, 0x00000000fbd00000, 0x00000000fbd00000|100%| E|CS|TAMS 0x00000000fbc00000| PB 0x00000000fbc00000| Complete 
| 957|0x00000000fbd00000, 0x00000000fbe00000, 0x00000000fbe00000|100%| E|CS|TAMS 0x00000000fbd00000| PB 0x00000000fbd00000| Complete 
| 958|0x00000000fbe00000, 0x00000000fbf00000, 0x00000000fbf00000|100%| E|CS|TAMS 0x00000000fbe00000| PB 0x00000000fbe00000| Complete 
| 959|0x00000000fbf00000, 0x00000000fc000000, 0x00000000fc000000|100%| E|CS|TAMS 0x00000000fbf00000| PB 0x00000000fbf00000| Complete 
| 960|0x00000000fc000000, 0x00000000fc100000, 0x00000000fc100000|100%| E|CS|TAMS 0x00000000fc000000| PB 0x00000000fc000000| Complete 
| 961|0x00000000fc100000, 0x00000000fc200000, 0x00000000fc200000|100%| E|CS|TAMS 0x00000000fc100000| PB 0x00000000fc100000| Complete 
| 962|0x00000000fc200000, 0x00000000fc300000, 0x00000000fc300000|100%| E|CS|TAMS 0x00000000fc200000| PB 0x00000000fc200000| Complete 
| 963|0x00000000fc300000, 0x00000000fc400000, 0x00000000fc400000|100%| E|CS|TAMS 0x00000000fc300000| PB 0x00000000fc300000| Complete 
| 964|0x00000000fc400000, 0x00000000fc500000, 0x00000000fc500000|100%| E|CS|TAMS 0x00000000fc400000| PB 0x00000000fc400000| Complete 
| 965|0x00000000fc500000, 0x00000000fc600000, 0x00000000fc600000|100%| E|CS|TAMS 0x00000000fc500000| PB 0x00000000fc500000| Complete 
| 966|0x00000000fc600000, 0x00000000fc700000, 0x00000000fc700000|100%| E|CS|TAMS 0x00000000fc600000| PB 0x00000000fc600000| Complete 
| 967|0x00000000fc700000, 0x00000000fc800000, 0x00000000fc800000|100%| E|CS|TAMS 0x00000000fc700000| PB 0x00000000fc700000| Complete 
| 968|0x00000000fc800000, 0x00000000fc900000, 0x00000000fc900000|100%| E|CS|TAMS 0x00000000fc800000| PB 0x00000000fc800000| Complete 
| 969|0x00000000fc900000, 0x00000000fca00000, 0x00000000fca00000|100%| E|CS|TAMS 0x00000000fc900000| PB 0x00000000fc900000| Complete 
| 970|0x00000000fca00000, 0x00000000fcb00000, 0x00000000fcb00000|100%| E|CS|TAMS 0x00000000fca00000| PB 0x00000000fca00000| Complete 
| 971|0x00000000fcb00000, 0x00000000fcc00000, 0x00000000fcc00000|100%| E|CS|TAMS 0x00000000fcb00000| PB 0x00000000fcb00000| Complete 
| 972|0x00000000fcc00000, 0x00000000fcd00000, 0x00000000fcd00000|100%| E|CS|TAMS 0x00000000fcc00000| PB 0x00000000fcc00000| Complete 
| 973|0x00000000fcd00000, 0x00000000fce00000, 0x00000000fce00000|100%| E|CS|TAMS 0x00000000fcd00000| PB 0x00000000fcd00000| Complete 
| 974|0x00000000fce00000, 0x00000000fcf00000, 0x00000000fcf00000|100%| E|CS|TAMS 0x00000000fce00000| PB 0x00000000fce00000| Complete 
| 975|0x00000000fcf00000, 0x00000000fd000000, 0x00000000fd000000|100%| E|CS|TAMS 0x00000000fcf00000| PB 0x00000000fcf00000| Complete 
| 976|0x00000000fd000000, 0x00000000fd100000, 0x00000000fd100000|100%| E|CS|TAMS 0x00000000fd000000| PB 0x00000000fd000000| Complete 
| 977|0x00000000fd100000, 0x00000000fd200000, 0x00000000fd200000|100%| E|CS|TAMS 0x00000000fd100000| PB 0x00000000fd100000| Complete 
| 978|0x00000000fd200000, 0x00000000fd300000, 0x00000000fd300000|100%| E|CS|TAMS 0x00000000fd200000| PB 0x00000000fd200000| Complete 
| 979|0x00000000fd300000, 0x00000000fd400000, 0x00000000fd400000|100%| E|CS|TAMS 0x00000000fd300000| PB 0x00000000fd300000| Complete 
| 980|0x00000000fd400000, 0x00000000fd500000, 0x00000000fd500000|100%| E|CS|TAMS 0x00000000fd400000| PB 0x00000000fd400000| Complete 
| 981|0x00000000fd500000, 0x00000000fd600000, 0x00000000fd600000|100%| E|CS|TAMS 0x00000000fd500000| PB 0x00000000fd500000| Complete 
| 982|0x00000000fd600000, 0x00000000fd700000, 0x00000000fd700000|100%| E|CS|TAMS 0x00000000fd600000| PB 0x00000000fd600000| Complete 
| 983|0x00000000fd700000, 0x00000000fd800000, 0x00000000fd800000|100%| E|CS|TAMS 0x00000000fd700000| PB 0x00000000fd700000| Complete 
| 984|0x00000000fd800000, 0x00000000fd900000, 0x00000000fd900000|100%| E|CS|TAMS 0x00000000fd800000| PB 0x00000000fd800000| Complete 
| 985|0x00000000fd900000, 0x00000000fda00000, 0x00000000fda00000|100%| E|CS|TAMS 0x00000000fd900000| PB 0x00000000fd900000| Complete 
| 986|0x00000000fda00000, 0x00000000fdb00000, 0x00000000fdb00000|100%| E|CS|TAMS 0x00000000fda00000| PB 0x00000000fda00000| Complete 
| 987|0x00000000fdb00000, 0x00000000fdc00000, 0x00000000fdc00000|100%| E|CS|TAMS 0x00000000fdb00000| PB 0x00000000fdb00000| Complete 
| 988|0x00000000fdc00000, 0x00000000fdd00000, 0x00000000fdd00000|100%| E|CS|TAMS 0x00000000fdc00000| PB 0x00000000fdc00000| Complete 
| 989|0x00000000fdd00000, 0x00000000fde00000, 0x00000000fde00000|100%| E|CS|TAMS 0x00000000fdd00000| PB 0x00000000fdd00000| Complete 
| 990|0x00000000fde00000, 0x00000000fdf00000, 0x00000000fdf00000|100%| E|CS|TAMS 0x00000000fde00000| PB 0x00000000fde00000| Complete 
| 991|0x00000000fdf00000, 0x00000000fe000000, 0x00000000fe000000|100%| E|CS|TAMS 0x00000000fdf00000| PB 0x00000000fdf00000| Complete 
| 992|0x00000000fe000000, 0x00000000fe100000, 0x00000000fe100000|100%| E|CS|TAMS 0x00000000fe000000| PB 0x00000000fe000000| Complete 
| 993|0x00000000fe100000, 0x00000000fe200000, 0x00000000fe200000|100%| E|CS|TAMS 0x00000000fe100000| PB 0x00000000fe100000| Complete 
| 994|0x00000000fe200000, 0x00000000fe300000, 0x00000000fe300000|100%| E|CS|TAMS 0x00000000fe200000| PB 0x00000000fe200000| Complete 
| 995|0x00000000fe300000, 0x00000000fe400000, 0x00000000fe400000|100%| E|CS|TAMS 0x00000000fe300000| PB 0x00000000fe300000| Complete 
| 996|0x00000000fe400000, 0x00000000fe500000, 0x00000000fe500000|100%| E|CS|TAMS 0x00000000fe400000| PB 0x00000000fe400000| Complete 
| 997|0x00000000fe500000, 0x00000000fe600000, 0x00000000fe600000|100%| E|CS|TAMS 0x00000000fe500000| PB 0x00000000fe500000| Complete 
| 998|0x00000000fe600000, 0x00000000fe700000, 0x00000000fe700000|100%| E|CS|TAMS 0x00000000fe600000| PB 0x00000000fe600000| Complete 
| 999|0x00000000fe700000, 0x00000000fe800000, 0x00000000fe800000|100%| E|CS|TAMS 0x00000000fe700000| PB 0x00000000fe700000| Complete 
|1000|0x00000000fe800000, 0x00000000fe900000, 0x00000000fe900000|100%| E|CS|TAMS 0x00000000fe800000| PB 0x00000000fe800000| Complete 
|1001|0x00000000fe900000, 0x00000000fea00000, 0x00000000fea00000|100%| E|CS|TAMS 0x00000000fe900000| PB 0x00000000fe900000| Complete 
|1002|0x00000000fea00000, 0x00000000feb00000, 0x00000000feb00000|100%| E|CS|TAMS 0x00000000fea00000| PB 0x00000000fea00000| Complete 
|1003|0x00000000feb00000, 0x00000000fec00000, 0x00000000fec00000|100%| E|CS|TAMS 0x00000000feb00000| PB 0x00000000feb00000| Complete 
|1004|0x00000000fec00000, 0x00000000fed00000, 0x00000000fed00000|100%| E|CS|TAMS 0x00000000fec00000| PB 0x00000000fec00000| Complete 
|1005|0x00000000fed00000, 0x00000000fee00000, 0x00000000fee00000|100%| E|CS|TAMS 0x00000000fed00000| PB 0x00000000fed00000| Complete 
|1006|0x00000000fee00000, 0x00000000fef00000, 0x00000000fef00000|100%| E|CS|TAMS 0x00000000fee00000| PB 0x00000000fee00000| Complete 
|1007|0x00000000fef00000, 0x00000000ff000000, 0x00000000ff000000|100%| E|CS|TAMS 0x00000000fef00000| PB 0x00000000fef00000| Complete 
|1008|0x00000000ff000000, 0x00000000ff100000, 0x00000000ff100000|100%| E|CS|TAMS 0x00000000ff000000| PB 0x00000000ff000000| Complete 
|1009|0x00000000ff100000, 0x00000000ff200000, 0x00000000ff200000|100%| E|CS|TAMS 0x00000000ff100000| PB 0x00000000ff100000| Complete 
|1010|0x00000000ff200000, 0x00000000ff300000, 0x00000000ff300000|100%| E|CS|TAMS 0x00000000ff200000| PB 0x00000000ff200000| Complete 
|1011|0x00000000ff300000, 0x00000000ff400000, 0x00000000ff400000|100%| E|CS|TAMS 0x00000000ff300000| PB 0x00000000ff300000| Complete 
|1012|0x00000000ff400000, 0x00000000ff500000, 0x00000000ff500000|100%| E|CS|TAMS 0x00000000ff400000| PB 0x00000000ff400000| Complete 
|1013|0x00000000ff500000, 0x00000000ff600000, 0x00000000ff600000|100%| E|CS|TAMS 0x00000000ff500000| PB 0x00000000ff500000| Complete 
|1014|0x00000000ff600000, 0x00000000ff700000, 0x00000000ff700000|100%| E|CS|TAMS 0x00000000ff600000| PB 0x00000000ff600000| Complete 
|1015|0x00000000ff700000, 0x00000000ff800000, 0x00000000ff800000|100%| E|CS|TAMS 0x00000000ff700000| PB 0x00000000ff700000| Complete 
|1016|0x00000000ff800000, 0x00000000ff900000, 0x00000000ff900000|100%| E|CS|TAMS 0x00000000ff800000| PB 0x00000000ff800000| Complete 
|1017|0x00000000ff900000, 0x00000000ffa00000, 0x00000000ffa00000|100%| E|CS|TAMS 0x00000000ff900000| PB 0x00000000ff900000| Complete 
|1018|0x00000000ffa00000, 0x00000000ffb00000, 0x00000000ffb00000|100%| E|CS|TAMS 0x00000000ffa00000| PB 0x00000000ffa00000| Complete 
|1019|0x00000000ffb00000, 0x00000000ffc00000, 0x00000000ffc00000|100%| E|CS|TAMS 0x00000000ffb00000| PB 0x00000000ffb00000| Complete 
|1020|0x00000000ffc00000, 0x00000000ffd00000, 0x00000000ffd00000|100%| E|CS|TAMS 0x00000000ffc00000| PB 0x00000000ffc00000| Complete 
|1021|0x00000000ffd00000, 0x00000000ffe00000, 0x00000000ffe00000|100%| E|CS|TAMS 0x00000000ffd00000| PB 0x00000000ffd00000| Complete 
|1022|0x00000000ffe00000, 0x00000000fff00000, 0x00000000fff00000|100%| O|  |TAMS 0x00000000ffe00000| PB 0x00000000ffe00000| Untracked 
|1023|0x00000000fff00000, 0x0000000100000000, 0x0000000100000000|100%| E|CS|TAMS 0x00000000fff00000| PB 0x00000000fff00000| Complete 

Card table byte_map: [0x00007fd7d5c00000,0x00007fd7d5e00000] _byte_map_base: 0x00007fd7d5600000

Marking Bits: (CMBitMap*) 0x00007fd7d0057680
 Bits: [0x00007fd7d4c00000, 0x00007fd7d5c00000)

Polling page: 0x00007fd7d8e3f000

Metaspace:

Usage:
  Non-class:    191.78 MB used.
      Class:     29.36 MB used.
       Both:    221.13 MB used.

Virtual space:
  Non-class space:      256.00 MB reserved,     192.56 MB ( 75%) committed,  4 nodes.
      Class space:        1.00 GB reserved,      29.94 MB (  3%) committed,  1 nodes.
             Both:        1.25 GB reserved,     222.50 MB ( 17%) committed. 

Chunk freelists:
   Non-Class:  15.16 MB
       Class:  2.12 MB
        Both:  17.28 MB

MaxMetaspaceSize: unlimited
CompressedClassSpaceSize: 1.00 GB
Initial GC threshold: 21.00 MB
Current GC threshold: 370.56 MB
CDS: on
 - commit_granule_bytes: 65536.
 - commit_granule_words: 8192.
 - virtual_space_node_default_size: 8388608.
 - enlarge_chunks_in_place: 1.
 - use_allocation_guard: 0.


Internal statistics:

num_allocs_failed_limit: 66.
num_arena_births: 1922.
num_arena_deaths: 250.
num_vsnodes_births: 5.
num_vsnodes_deaths: 0.
num_space_committed: 3565.
num_space_uncommitted: 7.
num_chunks_returned_to_freelist: 461.
num_chunks_taken_from_freelist: 11824.
num_chunk_merges: 205.
num_chunk_splits: 7849.
num_chunks_enlarged: 5119.
num_inconsistent_stats: 0.

CodeCache: size=131072Kb used=14378Kb max_used=64498Kb free=116693Kb
 bounds [0x00007fd7bf400000, 0x00007fd7c3360000, 0x00007fd7c7400000]
 total_blobs=5173, nmethods=3859, adapters=1211, full_count=0
Compilation: enabled, stopped_count=0, restarted_count=0

Compilation events (20 events):
Event: 39.145 Thread 0x00007fd7b8081530 nmethod 36916 0x00007fd7bfb1dc90 code [0x00007fd7bfb1de00, 0x00007fd7bfb1de90]
Event: 39.145 Thread 0x00007fd740581e80 36939       4       org.lwjgl.util.lmdb.MDBVal::nmv_size (11 bytes)
Event: 39.145 Thread 0x00007fd740366f60 36940       4       org.lwjgl.system.MemoryStack::stackGet (10 bytes)
Event: 39.145 Thread 0x00007fd740569a20 36915       4       java.util.zip.ZipUtils::CENCOM (9 bytes)
Event: 39.145 Thread 0x00007fd74036cd20 36935       2       java.io.FilterInputStream::<init> (10 bytes)
Event: 39.146 Thread 0x00007fd7b8081530 36913       4       jdk.internal.misc.Unsafe::toUnsignedLong (7 bytes)
Event: 39.146 Thread 0x00007fd74036cd20 nmethod 36935 0x00007fd7bf6edd90 code [0x00007fd7bf6edf20, 0x00007fd7bf6ee070]
Event: 39.146 Thread 0x00007fd74036cd20 36922       1       java.lang.Class::getClassLoader0 (5 bytes)
Event: 39.146 Thread 0x00007fd740581e80 nmethod 36939 0x00007fd7bfb31a10 code [0x00007fd7bfb31b80, 0x00007fd7bfb31bf0]
Event: 39.146 Thread 0x00007fd7d1058070 36923       1       java.lang.Class::getModule (5 bytes)
Event: 39.146 Thread 0x00007fd7b8081530 nmethod 36913 0x00007fd7bfb3b910 code [0x00007fd7bfb3ba80, 0x00007fd7bfb3bae8]
Event: 39.146 Thread 0x00007fd740569a20 nmethod 36915 0x00007fd7bf741d10 code [0x00007fd7bf741ea0, 0x00007fd7bf741f80]
Event: 39.146 Thread 0x00007fd7d1058070 nmethod 36923 0x00007fd7bfb53d10 code [0x00007fd7bfb53ea0, 0x00007fd7bfb53f60]
Event: 39.146 Thread 0x00007fd7d1058070 36926       1       java.lang.AbstractStringBuilder::length (5 bytes)
Event: 39.146 Thread 0x00007fd7b8081530 36908       4       java.util.zip.ZipUtils::CENHOW (9 bytes)
Event: 39.146 Thread 0x00007fd740569a20 36927       4       java.util.zip.ZipUtils::CENLEN (9 bytes)
Event: 39.146 Thread 0x00007fd740581e80 36917       4       jdk.internal.misc.VM::isModuleSystemInited (13 bytes)
Event: 39.146 Thread 0x00007fd740440750 36936       1       java.util.zip.Inflater$InflaterZStreamRef::address (5 bytes)
Event: 39.146 Thread 0x00007fd74036cd20 nmethod 36922 0x00007fd7bfc12e90 code [0x00007fd7bfc13020, 0x00007fd7bfc130e0]
Event: 39.146 Thread 0x00007fd74036cd20 36941       3       ch.qos.logback.classic.spi.ThrowableProxyUtil::indent (21 bytes)

GC Heap History (20 events):
Event: 38.782 GC heap before
{Heap before GC invocations=52 (full 20):
 garbage-first heap   total 1048576K, used 154322K [0x00000000c0000000, 0x0000000100000000)
  region size 1024K, 1 young (1024K), 0 survivors (0K)
 Metaspace       used 226271K, committed 227712K, reserved 1310720K
  class space    used 30051K, committed 30656K, reserved 1048576K
}
Event: 38.815 GC heap after
{Heap after GC invocations=53 (full 21):
 garbage-first heap   total 1048576K, used 154322K [0x00000000c0000000, 0x0000000100000000)
  region size 1024K, 0 young (0K), 0 survivors (0K)
 Metaspace       used 226271K, committed 227712K, reserved 1310720K
  class space    used 30051K, committed 30656K, reserved 1048576K
}
Event: 38.816 GC heap before
{Heap before GC invocations=53 (full 21):
 garbage-first heap   total 1048576K, used 154322K [0x00000000c0000000, 0x0000000100000000)
  region size 1024K, 1 young (1024K), 0 survivors (0K)
 Metaspace       used 226271K, committed 227712K, reserved 1310720K
  class space    used 30051K, committed 30656K, reserved 1048576K
}
Event: 38.850 GC heap after
{Heap after GC invocations=54 (full 22):
 garbage-first heap   total 1048576K, used 154322K [0x00000000c0000000, 0x0000000100000000)
  region size 1024K, 0 young (0K), 0 survivors (0K)
 Metaspace       used 226271K, committed 227712K, reserved 1310720K
  class space    used 30051K, committed 30656K, reserved 1048576K
}
Event: 38.851 GC heap before
{Heap before GC invocations=54 (full 22):
 garbage-first heap   total 1048576K, used 154322K [0x00000000c0000000, 0x0000000100000000)
  region size 1024K, 1 young (1024K), 0 survivors (0K)
 Metaspace       used 226273K, committed 227712K, reserved 1310720K
  class space    used 30051K, committed 30656K, reserved 1048576K
}
Event: 38.885 GC heap after
{Heap after GC invocations=55 (full 23):
 garbage-first heap   total 1048576K, used 154322K [0x00000000c0000000, 0x0000000100000000)
  region size 1024K, 0 young (0K), 0 survivors (0K)
 Metaspace       used 226273K, committed 227712K, reserved 1310720K
  class space    used 30051K, committed 30656K, reserved 1048576K
}
Event: 38.887 GC heap before
{Heap before GC invocations=55 (full 23):
 garbage-first heap   total 1048576K, used 154322K [0x00000000c0000000, 0x0000000100000000)
  region size 1024K, 1 young (1024K), 0 survivors (0K)
 Metaspace       used 226273K, committed 227712K, reserved 1310720K
  class space    used 30051K, committed 30656K, reserved 1048576K
}
Event: 38.920 GC heap after
{Heap after GC invocations=56 (full 24):
 garbage-first heap   total 1048576K, used 154322K [0x00000000c0000000, 0x0000000100000000)
  region size 1024K, 0 young (0K), 0 survivors (0K)
 Metaspace       used 226273K, committed 227712K, reserved 1310720K
  class space    used 30051K, committed 30656K, reserved 1048576K
}
Event: 38.921 GC heap before
{Heap before GC invocations=56 (full 24):
 garbage-first heap   total 1048576K, used 154322K [0x00000000c0000000, 0x0000000100000000)
  region size 1024K, 1 young (1024K), 0 survivors (0K)
 Metaspace       used 226273K, committed 227712K, reserved 1310720K
  class space    used 30051K, committed 30656K, reserved 1048576K
}
Event: 38.955 GC heap after
{Heap after GC invocations=57 (full 25):
 garbage-first heap   total 1048576K, used 154322K [0x00000000c0000000, 0x0000000100000000)
  region size 1024K, 0 young (0K), 0 survivors (0K)
 Metaspace       used 226273K, committed 227712K, reserved 1310720K
  class space    used 30051K, committed 30656K, reserved 1048576K
}
Event: 38.956 GC heap before
{Heap before GC invocations=57 (full 25):
 garbage-first heap   total 1048576K, used 154322K [0x00000000c0000000, 0x0000000100000000)
  region size 1024K, 1 young (1024K), 0 survivors (0K)
 Metaspace       used 226276K, committed 227712K, reserved 1310720K
  class space    used 30051K, committed 30656K, reserved 1048576K
}
Event: 38.992 GC heap after
{Heap after GC invocations=58 (full 26):
 garbage-first heap   total 1048576K, used 154333K [0x00000000c0000000, 0x0000000100000000)
  region size 1024K, 0 young (0K), 0 survivors (0K)
 Metaspace       used 226276K, committed 227712K, reserved 1310720K
  class space    used 30051K, committed 30656K, reserved 1048576K
}
Event: 38.993 GC heap before
{Heap before GC invocations=58 (full 26):
 garbage-first heap   total 1048576K, used 154333K [0x00000000c0000000, 0x0000000100000000)
  region size 1024K, 1 young (1024K), 0 survivors (0K)
 Metaspace       used 226282K, committed 227712K, reserved 1310720K
  class space    used 30051K, committed 30656K, reserved 1048576K
}
Event: 39.027 GC heap after
{Heap after GC invocations=59 (full 27):
 garbage-first heap   total 1048576K, used 154324K [0x00000000c0000000, 0x0000000100000000)
  region size 1024K, 0 young (0K), 0 survivors (0K)
 Metaspace       used 226282K, committed 227712K, reserved 1310720K
  class space    used 30051K, committed 30656K, reserved 1048576K
}
Event: 39.028 GC heap before
{Heap before GC invocations=59 (full 27):
 garbage-first heap   total 1048576K, used 154324K [0x00000000c0000000, 0x0000000100000000)
  region size 1024K, 1 young (1024K), 0 survivors (0K)
 Metaspace       used 226285K, committed 227712K, reserved 1310720K
  class space    used 30051K, committed 30656K, reserved 1048576K
}
Event: 39.063 GC heap after
{Heap after GC invocations=60 (full 28):
 garbage-first heap   total 1048576K, used 154324K [0x00000000c0000000, 0x0000000100000000)
  region size 1024K, 0 young (0K), 0 survivors (0K)
 Metaspace       used 226285K, committed 227712K, reserved 1310720K
  class space    used 30051K, committed 30656K, reserved 1048576K
}
Event: 39.064 GC heap before
{Heap before GC invocations=60 (full 28):
 garbage-first heap   total 1048576K, used 154324K [0x00000000c0000000, 0x0000000100000000)
  region size 1024K, 1 young (1024K), 0 survivors (0K)
 Metaspace       used 226285K, committed 227712K, reserved 1310720K
  class space    used 30051K, committed 30656K, reserved 1048576K
}
Event: 39.101 GC heap after
{Heap after GC invocations=61 (full 29):
 garbage-first heap   total 1048576K, used 154324K [0x00000000c0000000, 0x0000000100000000)
  region size 1024K, 0 young (0K), 0 survivors (0K)
 Metaspace       used 226285K, committed 227712K, reserved 1310720K
  class space    used 30051K, committed 30656K, reserved 1048576K
}
Event: 39.103 GC heap before
{Heap before GC invocations=61 (full 29):
 garbage-first heap   total 1048576K, used 154324K [0x00000000c0000000, 0x0000000100000000)
  region size 1024K, 1 young (1024K), 0 survivors (0K)
 Metaspace       used 226285K, committed 227712K, reserved 1310720K
  class space    used 30051K, committed 30656K, reserved 1048576K
}
Event: 39.139 GC heap after
{Heap after GC invocations=62 (full 30):
 garbage-first heap   total 1048576K, used 154325K [0x00000000c0000000, 0x0000000100000000)
  region size 1024K, 0 young (0K), 0 survivors (0K)
 Metaspace       used 226285K, committed 227712K, reserved 1310720K
  class space    used 30051K, committed 30656K, reserved 1048576K
}

Dll operation events (20 events):
Event: 0.095 Attempting to load shared library /usr/lib/jvm/java-21-openjdk/lib/libjimage.so
Event: 0.095 Loaded shared library /usr/lib/jvm/java-21-openjdk/lib/libjimage.so
Event: 0.155 Attempting to load shared library /usr/lib/jvm/java-21-openjdk/lib/libnet.so
Event: 0.155 Loaded shared library /usr/lib/jvm/java-21-openjdk/lib/libnet.so
Event: 0.337 Attempting to load shared library /home/ggvgc/.cache/JNA/temp/jna15535637305863999963.tmp
Event: 0.337 Loaded shared library /home/ggvgc/.cache/JNA/temp/jna15535637305863999963.tmp
Event: 0.397 Attempting to load shared library /usr/lib/jvm/java-21-openjdk/lib/libextnet.so
Event: 0.397 Loaded shared library /usr/lib/jvm/java-21-openjdk/lib/libextnet.so
Event: 0.464 Attempting to load shared library /usr/lib/jvm/java-21-openjdk/lib/libmanagement.so
Event: 0.464 Loaded shared library /usr/lib/jvm/java-21-openjdk/lib/libmanagement.so
Event: 0.465 Attempting to load shared library /usr/lib/jvm/java-21-openjdk/lib/libmanagement_ext.so
Event: 0.465 Loaded shared library /usr/lib/jvm/java-21-openjdk/lib/libmanagement_ext.so
Event: 0.902 Attempting to load shared library /tmp/.sbt4e571dda/swoval/swoval-jni/8779753505618001651-libswoval-files0.so
Event: 0.902 Loaded shared library /tmp/.sbt4e571dda/swoval/swoval-jni/8779753505618001651-libswoval-files0.so
Event: 10.296 Attempting to load shared library /tmp/lwjgl_ggvgc/3.3.3+5/x64/liblwjgl.so
Event: 10.296 Loaded shared library /tmp/lwjgl_ggvgc/3.3.3+5/x64/liblwjgl.so
Event: 10.311 Attempting to load shared library /tmp/lwjgl_ggvgc/3.3.3+5/x64/liblwjgl_lmdb.so
Event: 10.311 Loaded shared library /tmp/lwjgl_ggvgc/3.3.3+5/x64/liblwjgl_lmdb.so
Event: 11.290 Attempting to load shared library /usr/lib/jvm/java-21-openjdk/lib/libverify.so
Event: 11.291 Loaded shared library /usr/lib/jvm/java-21-openjdk/lib/libverify.so

Deoptimization events (20 events):
Event: 39.145 Thread 0x00007fd74c174cc0 DEOPT UNPACKING pc=0x00007fd7bf457619 sp=0x00007fd508ffc1b0 mode 2
Event: 39.145 Thread 0x00007fd760699920 Uncommon trap: reason=unloaded action=reinterpret pc=0x00007fd7c30ccc40 method=org.eclipse.rdf4j.sail.lmdb.LmdbSailStore$LmdbSailDataset.getStatements(Lorg/eclipse/rdf4j/model/Resource;Lorg/eclipse/rdf4j/model/IRI;Lorg/eclipse/rdf4j/model/Value;[Lorg/ecli
Event: 39.145 Thread 0x00007fd760699920 DEOPT PACKING pc=0x00007fd7c30ccc40 sp=0x00007fd5037fc620
Event: 39.145 Thread 0x00007fd760699920 DEOPT UNPACKING pc=0x00007fd7bf457619 sp=0x00007fd5037fc5f0 mode 2
Event: 39.145 Thread 0x00007fd760699920 Uncommon trap: trap_request=0x00000014 fr.pc=0x00007fd7c2d5064c relative=0x00000000000009ec
Event: 39.145 Thread 0x00007fd760699920 Uncommon trap: reason=unloaded action=reinterpret pc=0x00007fd7c2d5064c method=org.eclipse.rdf4j.repository.sail.SailRepositoryConnection.getStatements(Lorg/eclipse/rdf4j/model/Resource;Lorg/eclipse/rdf4j/model/IRI;Lorg/eclipse/rdf4j/model/Value;Z[Lorg/ec
Event: 39.145 Thread 0x00007fd74c174cc0 Uncommon trap: trap_request=0x00000014 fr.pc=0x00007fd7c2d5064c relative=0x00000000000009ec
Event: 39.145 Thread 0x00007fd74c174cc0 Uncommon trap: reason=unloaded action=reinterpret pc=0x00007fd7c2d5064c method=org.eclipse.rdf4j.repository.sail.SailRepositoryConnection.getStatements(Lorg/eclipse/rdf4j/model/Resource;Lorg/eclipse/rdf4j/model/IRI;Lorg/eclipse/rdf4j/model/Value;Z[Lorg/ec
Event: 39.145 Thread 0x00007fd74c174cc0 DEOPT PACKING pc=0x00007fd7c2d5064c sp=0x00007fd508ffc300
Event: 39.145 Thread 0x00007fd760699920 DEOPT PACKING pc=0x00007fd7c2d5064c sp=0x00007fd5037fc740
Event: 39.145 Thread 0x00007fd760699920 DEOPT UNPACKING pc=0x00007fd7bf457619 sp=0x00007fd5037fc680 mode 2
Event: 39.145 Thread 0x00007fd74c174cc0 DEOPT UNPACKING pc=0x00007fd7bf457619 sp=0x00007fd508ffc240 mode 2
Event: 39.146 Thread 0x00007fd74c174cc0 Uncommon trap: trap_request=0x0000004e fr.pc=0x00007fd7c1dc46f4 relative=0x0000000000000ad4
Event: 39.146 Thread 0x00007fd74c174cc0 Uncommon trap: reason=unloaded action=reinterpret pc=0x00007fd7c1dc46f4 method=org.eclipse.rdf4j.query.algebra.evaluation.impl.evaluationsteps.StatementPatternQueryEvaluationStep.getIteration(Lorg/eclipse/rdf4j/query/BindingSet;)Lorg/eclipse/rdf4j/query/a
Event: 39.146 Thread 0x00007fd74c174cc0 DEOPT PACKING pc=0x00007fd7c1dc46f4 sp=0x00007fd508ffd0b0
Event: 39.146 Thread 0x00007fd74c174cc0 DEOPT UNPACKING pc=0x00007fd7bf457619 sp=0x00007fd508ffd0a0 mode 2
Event: 39.146 Thread 0x00007fd760699920 Uncommon trap: trap_request=0x0000004e fr.pc=0x00007fd7c1dc46f4 relative=0x0000000000000ad4
Event: 39.146 Thread 0x00007fd760699920 Uncommon trap: reason=unloaded action=reinterpret pc=0x00007fd7c1dc46f4 method=org.eclipse.rdf4j.query.algebra.evaluation.impl.evaluationsteps.StatementPatternQueryEvaluationStep.getIteration(Lorg/eclipse/rdf4j/query/BindingSet;)Lorg/eclipse/rdf4j/query/a
Event: 39.146 Thread 0x00007fd760699920 DEOPT PACKING pc=0x00007fd7c1dc46f4 sp=0x00007fd5037fd4f0
Event: 39.146 Thread 0x00007fd760699920 DEOPT UNPACKING pc=0x00007fd7bf457619 sp=0x00007fd5037fd4e0 mode 2

Classes loaded (20 events):
Event: 13.455 Loading class java/util/Locale$LocaleNameGetter
Event: 13.455 Loading class java/util/Locale$LocaleNameGetter done
Event: 13.456 Loading class sun/util/locale/provider/LocaleNameProviderImpl
Event: 13.456 Loading class sun/util/locale/provider/LocaleNameProviderImpl done
Event: 13.457 Loading class sun/util/resources/cldr/LocaleNames
Event: 13.457 Loading class sun/util/resources/cldr/LocaleNames done
Event: 13.457 Loading class sun/util/resources/cldr/LocaleNames_en
Event: 13.462 Loading class sun/util/resources/cldr/LocaleNames_en done
Event: 13.462 Loading class sun/util/resources/cldr/LocaleNames_en_US
Event: 13.462 Loading class sun/util/resources/cldr/LocaleNames_en_US done
Event: 13.462 Loading class sun/util/resources/cldr/LocaleNames_en_US
Event: 13.462 Loading class sun/util/resources/cldr/LocaleNames_en_US done
Event: 14.049 Loading class java/util/function/ToIntBiFunction
Event: 14.049 Loading class java/util/function/ToIntBiFunction done
Event: 14.385 Loading class java/util/concurrent/locks/StampedLock$WriterNode
Event: 14.385 Loading class java/util/concurrent/locks/StampedLock$WriterNode done
Event: 14.417 Loading class java/util/regex/Pattern$SliceU
Event: 14.417 Loading class java/util/regex/Pattern$SliceU done
Event: 39.145 Loading class java/nio/file/SimpleFileVisitor
Event: 39.145 Loading class java/nio/file/SimpleFileVisitor done

Classes unloaded (20 events):
Event: 13.206 Thread 0x00007fd7d0460890 Unloading class 0x00007fd7693805d8 'org/scalactic/source/Position$$$Lambda+0x00007fd7693805d8'
Event: 13.206 Thread 0x00007fd7d0460890 Unloading class 0x00007fd7693803d0 'org/scalactic/Resources$'
Event: 13.206 Thread 0x00007fd7d0460890 Unloading class 0x00007fd769364520 'org/scalactic/source/Position$$$Lambda+0x00007fd769364520'
Event: 13.206 Thread 0x00007fd7d0460890 Unloading class 0x00007fd769380000 'org/scalactic/source/Position$$$Lambda+0x00007fd769380000'
Event: 13.206 Thread 0x00007fd7d0460890 Unloading class 0x00007fd769364220 'org/scalactic/source/Position'
Event: 13.206 Thread 0x00007fd7d0460890 Unloading class 0x00007fd769364000 'org/scalactic/source/Position$'
Event: 38.001 Thread 0x00007fd7d0460890 Unloading class 0x00007fd769d54000 'java/lang/invoke/LambdaForm$MH+0x00007fd769d54000'
Event: 38.001 Thread 0x00007fd7d0460890 Unloading class 0x00007fd769d53800 'java/lang/invoke/LambdaForm$DMH+0x00007fd769d53800'
Event: 38.001 Thread 0x00007fd7d0460890 Unloading class 0x00007fd769d53000 'java/lang/invoke/LambdaForm$DMH+0x00007fd769d53000'
Event: 38.001 Thread 0x00007fd7d0460890 Unloading class 0x00007fd769d52400 'java/lang/invoke/LambdaForm$DMH+0x00007fd769d52400'
Event: 38.001 Thread 0x00007fd7d0460890 Unloading class 0x00007fd769d51c00 'java/lang/invoke/LambdaForm$MH+0x00007fd769d51c00'
Event: 38.001 Thread 0x00007fd7d0460890 Unloading class 0x00007fd769d51800 'java/lang/invoke/LambdaForm$DMH+0x00007fd769d51800'
Event: 38.001 Thread 0x00007fd7d0460890 Unloading class 0x00007fd769d50c00 'java/lang/invoke/LambdaForm$DMH+0x00007fd769d50c00'
Event: 38.001 Thread 0x00007fd7d0460890 Unloading class 0x00007fd769d50400 'java/lang/invoke/LambdaForm$DMH+0x00007fd769d50400'
Event: 38.001 Thread 0x00007fd7d0460890 Unloading class 0x00007fd769d4d800 'java/lang/invoke/LambdaForm$MH+0x00007fd769d4d800'
Event: 38.001 Thread 0x00007fd7d0460890 Unloading class 0x00007fd769d4d000 'java/lang/invoke/LambdaForm$DMH+0x00007fd769d4d000'
Event: 38.001 Thread 0x00007fd7d0460890 Unloading class 0x00007fd769d4c800 'java/lang/invoke/LambdaForm$DMH+0x00007fd769d4c800'
Event: 38.001 Thread 0x00007fd7d0460890 Unloading class 0x00007fd769d4c400 'java/lang/invoke/LambdaForm$DMH+0x00007fd769d4c400'
Event: 38.001 Thread 0x00007fd7d0460890 Unloading class 0x00007fd769d2d000 'java/lang/invoke/LambdaForm$DMH+0x00007fd769d2d000'
Event: 38.001 Thread 0x00007fd7d0460890 Unloading class 0x00007fd769d00000 'java/lang/invoke/LambdaForm$DMH+0x00007fd769d00000'

Classes redefined (0 events):
No events

Internal exceptions (20 events):
Event: 13.476 Thread 0x00007fd7d26978d0 Exception <a 'java/lang/NoSuchMethodError'{0x00000000f3bdfd90}: 'java.lang.Object java.lang.invoke.Invokers$Holder.linkToTargetMethod(java.lang.Object, java.lang.Object, java.lang.Object, java.lang.Object, java.lang.Object, java.lang.Object, java.lang.Object, java.lang.Object, java.lang.Object, java.lang.Object, java.lang.Object, java.lang.Object, java.lang.Object, java.lang.Object)'> (0x00000000f3bdfd90) 
thrown [/usr/src/debug/java21-openjdk/jdk21u-jdk-21.0.12.1-1/src/hotspot/share/interpreter/linkResolv
Event: 13.476 Thread 0x00007fd7d269a0f0 Exception <a 'java/lang/NoSuchMethodError'{0x00000000f3bffc38}: 'java.lang.Object java.lang.invoke.DirectMethodHandle$Holder.invokeSpecialIFC(java.lang.Object, java.lang.Object, java.lang.Object, java.lang.Object, java.lang.Object, java.lang.Object, java.lang.Object, java.lang.Object, java.lang.Object, java.lang.Object, java.lang.Object, java.lang.Object, java.lang.Object, java.lang.Object, java.lang.Object, java.lang.Object)'> (0x00000000f3bffc38) 
thrown [/usr/src/debug/java21-openjdk/jdk21u-jdk-21.0.12.
Event: 13.476 Thread 0x00007fd7d26978d0 Exception <a 'java/lang/NoSuchMethodError'{0x00000000f3be6cb8}: 'java.lang.Object java.lang.invoke.DirectMethodHandle$Holder.invokeSpecialIFC(java.lang.Object, java.lang.Object, java.lang.Object, java.lang.Object, java.lang.Object, java.lang.Object, java.lang.Object, java.lang.Object, java.lang.Object, java.lang.Object, java.lang.Object, java.lang.Object, java.lang.Object, java.lang.Object, java.lang.Object, java.lang.Object)'> (0x00000000f3be6cb8) 
thrown [/usr/src/debug/java21-openjdk/jdk21u-jdk-21.0.12.
Event: 13.477 Thread 0x00007fd7d269a0f0 Exception <a 'java/lang/NoSuchMethodError'{0x00000000f3a67738}: 'java.lang.Object java.lang.invoke.DirectMethodHandle$Holder.newInvokeSpecial(java.lang.Object, java.lang.Object, java.lang.Object, java.lang.Object, java.lang.Object, java.lang.Object, java.lang.Object, java.lang.Object, java.lang.Object, java.lang.Object, java.lang.Object, java.lang.Object, java.lang.Object, java.lang.Object, java.lang.Object)'> (0x00000000f3a67738) 
thrown [/usr/src/debug/java21-openjdk/jdk21u-jdk-21.0.12.1-1/src/hotspot/sh
Event: 13.477 Thread 0x00007fd7d26978d0 Exception <a 'java/lang/NoSuchMethodError'{0x00000000f3bf5968}: 'java.lang.Object java.lang.invoke.DirectMethodHandle$Holder.newInvokeSpecial(java.lang.Object, java.lang.Object, java.lang.Object, java.lang.Object, java.lang.Object, java.lang.Object, java.lang.Object, java.lang.Object, java.lang.Object, java.lang.Object, java.lang.Object, java.lang.Object, java.lang.Object, java.lang.Object, java.lang.Object)'> (0x00000000f3bf5968) 
thrown [/usr/src/debug/java21-openjdk/jdk21u-jdk-21.0.12.1-1/src/hotspot/sh
Event: 13.477 Thread 0x00007fd7d269a0f0 Exception <a 'java/lang/NoSuchMethodError'{0x00000000f3a6d860}: 'java.lang.Object java.lang.invoke.DirectMethodHandle$Holder.invokeSpecial(java.lang.Object, java.lang.Object, java.lang.Object, java.lang.Object, java.lang.Object, java.lang.Object, java.lang.Object, java.lang.Object, java.lang.Object, java.lang.Object, java.lang.Object, java.lang.Object, java.lang.Object, java.lang.Object, java.lang.Object, java.lang.Object)'> (0x00000000f3a6d860) 
thrown [/usr/src/debug/java21-openjdk/jdk21u-jdk-21.0.12.1-1
Event: 13.477 Thread 0x00007fd7d26978d0 Exception <a 'java/lang/NoSuchMethodError'{0x00000000f3a76378}: 'java.lang.Object java.lang.invoke.DirectMethodHandle$Holder.invokeSpecial(java.lang.Object, java.lang.Object, java.lang.Object, java.lang.Object, java.lang.Object, java.lang.Object, java.lang.Object, java.lang.Object, java.lang.Object, java.lang.Object, java.lang.Object, java.lang.Object, java.lang.Object, java.lang.Object, java.lang.Object, java.lang.Object)'> (0x00000000f3a76378) 
thrown [/usr/src/debug/java21-openjdk/jdk21u-jdk-21.0.12.1-1
Event: 13.477 Thread 0x00007fd7d26978d0 Exception <a 'java/lang/NoSuchMethodError'{0x00000000f3a7b590}: 'java.lang.Object java.lang.invoke.Invokers$Holder.linkToTargetMethod(java.lang.Object, java.lang.Object, java.lang.Object, java.lang.Object, java.lang.Object, java.lang.Object, java.lang.Object, java.lang.Object, java.lang.Object, java.lang.Object, java.lang.Object, java.lang.Object, java.lang.Object, java.lang.Object, java.lang.Object)'> (0x00000000f3a7b590) 
thrown [/usr/src/debug/java21-openjdk/jdk21u-jdk-21.0.12.1-1/src/hotspot/share/inte
Event: 13.477 Thread 0x00007fd7d269a0f0 Exception <a 'java/lang/NoSuchMethodError'{0x00000000f3a72a28}: 'java.lang.Object java.lang.invoke.Invokers$Holder.linkToTargetMethod(java.lang.Object, java.lang.Object, java.lang.Object, java.lang.Object, java.lang.Object, java.lang.Object, java.lang.Object, java.lang.Object, java.lang.Object, java.lang.Object, java.lang.Object, java.lang.Object, java.lang.Object, java.lang.Object, java.lang.Object)'> (0x00000000f3a72a28) 
thrown [/usr/src/debug/java21-openjdk/jdk21u-jdk-21.0.12.1-1/src/hotspot/share/inte
Event: 13.671 Thread 0x00007fd7b0013b40 Exception <a 'java/lang/NoSuchMethodError'{0x00000000ed9a3230}: 'java.lang.Object java.lang.invoke.DirectMethodHandle$Holder.invokeVirtual(java.lang.Object, java.lang.Object, int)'> (0x00000000ed9a3230) 
thrown [/usr/src/debug/java21-openjdk/jdk21u-jdk-21.0.12.1-1/src/hotspot/share/interpreter/linkResolver.cpp, line 772]
Event: 13.672 Thread 0x00007fd7b0013b40 Exception <a 'java/lang/IncompatibleClassChangeError'{0x00000000ed9aafe0}: Found class java.lang.Object, but interface was expected> (0x00000000ed9aafe0) 
thrown [/usr/src/debug/java21-openjdk/jdk21u-jdk-21.0.12.1-1/src/hotspot/share/interpreter/linkResolver.cpp, line 840]
Event: 13.830 Thread 0x00007fd7d269a0f0 Implicit null exception at 0x00007fd7c084c16a to 0x00007fd7c084cc44
Event: 13.847 Thread 0x00007fd7d269a0f0 Exception <a 'java/lang/IncompatibleClassChangeError'{0x00000000e6c0f078}: Found class java.lang.Object, but interface was expected> (0x00000000e6c0f078) 
thrown [/usr/src/debug/java21-openjdk/jdk21u-jdk-21.0.12.1-1/src/hotspot/share/interpreter/linkResolver.cpp, line 840]
Event: 13.851 Thread 0x00007fd7d269a0f0 Exception <a 'java/lang/IncompatibleClassChangeError'{0x00000000e6923678}: Found class java.lang.Object, but interface was expected> (0x00000000e6923678) 
thrown [/usr/src/debug/java21-openjdk/jdk21u-jdk-21.0.12.1-1/src/hotspot/share/interpreter/linkResolver.cpp, line 840]
Event: 13.851 Thread 0x00007fd7d269a0f0 Exception <a 'java/lang/IncompatibleClassChangeError'{0x00000000e6926ea8}: Found class java.lang.Object, but interface was expected> (0x00000000e6926ea8) 
thrown [/usr/src/debug/java21-openjdk/jdk21u-jdk-21.0.12.1-1/src/hotspot/share/interpreter/linkResolver.cpp, line 840]
Event: 13.851 Thread 0x00007fd7d269a0f0 Exception <a 'java/lang/IncompatibleClassChangeError'{0x00000000e692a690}: Found class java.lang.Object, but interface was expected> (0x00000000e692a690) 
thrown [/usr/src/debug/java21-openjdk/jdk21u-jdk-21.0.12.1-1/src/hotspot/share/interpreter/linkResolver.cpp, line 840]
Event: 13.864 Thread 0x00007fd7d269a0f0 Implicit null exception at 0x00007fd7c03555a6 to 0x00007fd7c0355900
Event: 14.348 Thread 0x00007fd744084ff0 Implicit null exception at 0x00007fd7c156df1d to 0x00007fd7c156fe78
Event: 14.899 Thread 0x00007fd74c174cc0 Implicit null exception at 0x00007fd7bfe5a27e to 0x00007fd7bfe5bd74
Event: 14.900 Thread 0x00007fd74c174cc0 Implicit null exception at 0x00007fd7c0e00f7e to 0x00007fd7c0e021d0

ZGC Phase Switch (0 events):
No events

VM Operations (20 events):
Event: 38.782 Executing safepoint VM operation: G1CollectFull (System.gc())
Event: 38.815 Executing safepoint VM operation: G1CollectFull (System.gc()) done
Event: 38.816 Executing safepoint VM operation: G1CollectFull (System.gc())
Event: 38.850 Executing safepoint VM operation: G1CollectFull (System.gc()) done
Event: 38.851 Executing safepoint VM operation: G1CollectFull (System.gc())
Event: 38.885 Executing safepoint VM operation: G1CollectFull (System.gc()) done
Event: 38.887 Executing safepoint VM operation: G1CollectFull (System.gc())
Event: 38.920 Executing safepoint VM operation: G1CollectFull (System.gc()) done
Event: 38.921 Executing safepoint VM operation: G1CollectFull (System.gc())
Event: 38.955 Executing safepoint VM operation: G1CollectFull (System.gc()) done
Event: 38.956 Executing safepoint VM operation: G1CollectFull (System.gc())
Event: 38.992 Executing safepoint VM operation: G1CollectFull (System.gc()) done
Event: 38.993 Executing safepoint VM operation: G1CollectFull (System.gc())
Event: 39.027 Executing safepoint VM operation: G1CollectFull (System.gc()) done
Event: 39.028 Executing safepoint VM operation: G1CollectFull (System.gc())
Event: 39.063 Executing safepoint VM operation: G1CollectFull (System.gc()) done
Event: 39.064 Executing safepoint VM operation: G1CollectFull (System.gc())
Event: 39.101 Executing safepoint VM operation: G1CollectFull (System.gc()) done
Event: 39.103 Executing safepoint VM operation: G1CollectFull (System.gc())
Event: 39.139 Executing safepoint VM operation: G1CollectFull (System.gc()) done

Memory protections (20 events):
Event: 14.469 Protecting memory [0x00007fd504400000,0x00007fd504404000] with protection modes 0
Event: 14.470 Protecting memory [0x00007fd504400000,0x00007fd504404000] with protection modes 0
Event: 14.473 Protecting memory [0x00007fd504400000,0x00007fd504404000] with protection modes 0
Event: 14.475 Protecting memory [0x00007fd504400000,0x00007fd504404000] with protection modes 0
Event: 14.482 Protecting memory [0x00007fd504400000,0x00007fd504404000] with protection modes 0
Event: 14.483 Protecting memory [0x00007fd504400000,0x00007fd504404000] with protection modes 0
Event: 14.503 Protecting memory [0x00007fd504400000,0x00007fd504404000] with protection modes 0
Event: 14.504 Protecting memory [0x00007fd504400000,0x00007fd504404000] with protection modes 0
Event: 14.539 Protecting memory [0x00007fd504400000,0x00007fd504404000] with protection modes 0
Event: 14.541 Protecting memory [0x00007fd504400000,0x00007fd504404000] with protection modes 0
Event: 14.557 Protecting memory [0x00007fd504400000,0x00007fd504404000] with protection modes 0
Event: 14.816 Protecting memory [0x00007fd504400000,0x00007fd504404000] with protection modes 0
Event: 39.144 Protecting memory [0x00007fd765a00000,0x00007fd765a04000] with protection modes 0
Event: 39.144 Protecting memory [0x00007fd73b100000,0x00007fd73b104000] with protection modes 0
Event: 39.145 Protecting memory [0x00007fd73b000000,0x00007fd73b004000] with protection modes 0
Event: 39.145 Protecting memory [0x00007fd7bc100000,0x00007fd7bc104000] with protection modes 0
Event: 39.145 Protecting memory [0x00007fd7bc000000,0x00007fd7bc004000] with protection modes 0
Event: 39.145 Protecting memory [0x00007fd765b00000,0x00007fd765b04000] with protection modes 0
Event: 39.145 Protecting memory [0x00007fd73a8fe000,0x00007fd73a902000] with protection modes 0
Event: 39.146 Protecting memory [0x00007fd739f00000,0x00007fd739f04000] with protection modes 0

Nmethod flushes (20 events):
Event: 38.271 Thread 0x00007fd7d0460890 flushing  nmethod 0x00007fd7c2f9dc90
Event: 38.271 Thread 0x00007fd7d0460890 flushing  nmethod 0x00007fd7c2f9f610
Event: 38.271 Thread 0x00007fd7d0460890 flushing  nmethod 0x00007fd7c2fab190
Event: 38.271 Thread 0x00007fd7d0460890 flushing  nmethod 0x00007fd7c2fad090
Event: 38.271 Thread 0x00007fd7d0460890 flushing  nmethod 0x00007fd7c2faf910
Event: 38.271 Thread 0x00007fd7d0460890 flushing  nmethod 0x00007fd7c2fb0790
Event: 38.271 Thread 0x00007fd7d0460890 flushing  nmethod 0x00007fd7c2fb7690
Event: 38.271 Thread 0x00007fd7d0460890 flushing  nmethod 0x00007fd7c2fbf810
Event: 38.271 Thread 0x00007fd7d0460890 flushing  nmethod 0x00007fd7c2fbfb90
Event: 38.271 Thread 0x00007fd7d0460890 flushing  nmethod 0x00007fd7c2fbff90
Event: 38.271 Thread 0x00007fd7d0460890 flushing  nmethod 0x00007fd7c2fc0410
Event: 38.271 Thread 0x00007fd7d0460890 flushing  nmethod 0x00007fd7c2fc1290
Event: 38.271 Thread 0x00007fd7d0460890 flushing  nmethod 0x00007fd7c2fc1690
Event: 38.271 Thread 0x00007fd7d0460890 flushing  nmethod 0x00007fd7c3227f10
Event: 38.271 Thread 0x00007fd7d0460890 flushing  nmethod 0x00007fd7c322a690
Event: 38.271 Thread 0x00007fd7d0460890 flushing  nmethod 0x00007fd7c322f590
Event: 38.271 Thread 0x00007fd7d0460890 flushing  nmethod 0x00007fd7c3231090
Event: 38.487 Thread 0x00007fd7d0460890 flushing  nmethod 0x00007fd7c1b65c90
Event: 38.768 Thread 0x00007fd7d0460890 flushing  nmethod 0x00007fd7bf663b90
Event: 38.908 Thread 0x00007fd7d0460890 flushing  nmethod 0x00007fd7bf967a10

Events (20 events):
Event: 14.570 Thread 0x00007fd74467b220 Thread exited: 0x00007fd74467b220
Event: 14.816 Thread 0x00007fd7d12ca200 Thread added: 0x0000556c44d02b40
Event: 14.895 Thread 0x00007fd7446543d0 Thread exited: 0x00007fd7446543d0
Event: 14.895 Thread 0x00007fd73ce3d4d0 Thread exited: 0x00007fd73ce3d4d0
Event: 16.634 Thread 0x00007fd73c0c4b70 Thread exited: 0x00007fd73c0c4b70
Event: 16.634 Thread 0x00007fd74463c290 Thread exited: 0x00007fd74463c290
Event: 16.634 Thread 0x00007fd7482a8930 Thread exited: 0x00007fd7482a8930
Event: 16.635 Thread 0x00007fd740026060 Thread exited: 0x00007fd740026060
Event: 16.635 Thread 0x00007fd740024d60 Thread exited: 0x00007fd740024d60
Event: 19.949 Thread 0x00007fd74405a600 Thread exited: 0x00007fd74405a600
Event: 21.500 Thread 0x00007fd740129f70 Thread exited: 0x00007fd740129f70
Event: 23.501 Thread 0x00007fd73c16ee10 Thread exited: 0x00007fd73c16ee10
Event: 39.144 Thread 0x00007fd7d0471ce0 Thread added: 0x00007fd740593070
Event: 39.144 Thread 0x00007fd740593070 Thread added: 0x00007fd7b8081530
Event: 39.145 Thread 0x00007fd7d0471ce0 Thread added: 0x00007fd740366f60
Event: 39.145 Thread 0x00007fd7d0471ce0 Thread added: 0x00007fd740569a20
Event: 39.145 Thread 0x00007fd7d0471ce0 Thread added: 0x00007fd740581e80
Event: 39.145 Thread 0x00007fd7d0471ce0 Thread added: 0x00007fd740440750
Event: 39.145 Thread 0x00007fd7d0471ce0 Thread added: 0x00007fd74036cd20
Event: 39.146 Thread 0x00007fd7b8081530 Thread added: 0x00007fd7d1058070


Dynamic libraries:
c0000000-ffe00000 rw-p 00000000 00:00 0 
ffe00000-fff0d000 rw-p 00cdb000 00:1c 11763989                           /usr/lib/jvm/java-21-openjdk/lib/server/classes.jsa
fff0d000-100000000 rw-p 00000000 00:00 0 
556c37eee000-556c37eef000 r--p 00000000 00:1c 11763751                   /usr/lib/jvm/java-21-openjdk/bin/java
556c37eef000-556c37ef0000 r-xp 00001000 00:1c 11763751                   /usr/lib/jvm/java-21-openjdk/bin/java
556c37ef0000-556c37ef1000 r--p 00002000 00:1c 11763751                   /usr/lib/jvm/java-21-openjdk/bin/java
556c37ef1000-556c37ef2000 r--p 00002000 00:1c 11763751                   /usr/lib/jvm/java-21-openjdk/bin/java
556c37ef2000-556c37ef3000 rw-p 00003000 00:1c 11763751                   /usr/lib/jvm/java-21-openjdk/bin/java
556c444fb000-556c45878000 rw-p 00000000 00:00 0                          [heap]
7fd4ff000000-7fd4ff0e0000 rw-p 00000000 00:00 0 
7fd4ff0e0000-7fd503004000 ---p 00000000 00:00 0 
7fd503004000-7fd503400000 rw-p 00000000 00:00 0 
7fd503400000-7fd503404000 ---p 00000000 00:00 0 
7fd503404000-7fd503800000 rw-p 00000000 00:00 0 
7fd503800000-7fd503804000 ---p 00000000 00:00 0 
7fd503804000-7fd503c00000 rw-p 00000000 00:00 0 
7fd503c00000-7fd503c04000 ---p 00000000 00:00 0 
7fd503c04000-7fd504000000 rw-p 00000000 00:00 0 
7fd504000000-7fd504004000 ---p 00000000 00:00 0 
7fd504004000-7fd504400000 rw-p 00000000 00:00 0 
7fd504400000-7fd504404000 ---p 00000000 00:00 0 
7fd504404000-7fd504800000 rw-p 00000000 00:00 0 
7fd504800000-7fd504804000 ---p 00000000 00:00 0 
7fd504804000-7fd504c00000 rw-p 00000000 00:00 0 
7fd504c00000-7fd504c04000 ---p 00000000 00:00 0 
7fd504c04000-7fd505000000 rw-p 00000000 00:00 0 
7fd505000000-7fd505004000 ---p 00000000 00:00 0 
7fd505004000-7fd505400000 rw-p 00000000 00:00 0 
7fd505400000-7fd505404000 ---p 00000000 00:00 0 
7fd505404000-7fd505800000 rw-p 00000000 00:00 0 
7fd505800000-7fd505804000 ---p 00000000 00:00 0 
7fd505804000-7fd505c00000 rw-p 00000000 00:00 0 
7fd505c00000-7fd505c04000 ---p 00000000 00:00 0 
7fd505c04000-7fd506000000 rw-p 00000000 00:00 0 
7fd506400000-7fd506404000 ---p 00000000 00:00 0 
7fd506404000-7fd506800000 rw-p 00000000 00:00 0 
7fd506800000-7fd506804000 ---p 00000000 00:00 0 
7fd506804000-7fd506c00000 rw-p 00000000 00:00 0 
7fd507000000-7fd507004000 ---p 00000000 00:00 0 
7fd507004000-7fd507400000 rw-p 00000000 00:00 0 
7fd507800000-7fd507804000 ---p 00000000 00:00 0 
7fd507804000-7fd507c00000 rw-p 00000000 00:00 0 
7fd507c00000-7fd507c04000 ---p 00000000 00:00 0 
7fd507c04000-7fd508000000 rw-p 00000000 00:00 0 
7fd508000000-7fd508004000 ---p 00000000 00:00 0 
7fd508004000-7fd508400000 rw-p 00000000 00:00 0 
7fd508800000-7fd508804000 ---p 00000000 00:00 0 
7fd508804000-7fd508c00000 rw-p 00000000 00:00 0 
7fd508c00000-7fd508c04000 ---p 00000000 00:00 0 
7fd508c04000-7fd509000000 rw-p 00000000 00:00 0 
7fd509000000-7fd509004000 ---p 00000000 00:00 0 
7fd509004000-7fd509400000 rw-p 00000000 00:00 0 
7fd509400000-7fd509404000 ---p 00000000 00:00 0 
7fd509404000-7fd509800000 rw-p 00000000 00:00 0 
7fd509800000-7fd509804000 ---p 00000000 00:00 0 
7fd509804000-7fd509c00000 rw-p 00000000 00:00 0 
7fd509c00000-7fd509c04000 ---p 00000000 00:00 0 
7fd509c04000-7fd50a000000 rw-p 00000000 00:00 0 
7fd50a000000-7fd50a004000 ---p 00000000 00:00 0 
7fd50a004000-7fd50a400000 rw-p 00000000 00:00 0 
7fd50a400000-7fd50a404000 ---p 00000000 00:00 0 
7fd50a404000-7fd50a800000 rw-p 00000000 00:00 0 
7fd70a800000-7fd70a804000 ---p 00000000 00:00 0 
7fd70a804000-7fd70ac00000 rw-p 00000000 00:00 0 
7fd70ac00000-7fd70ac04000 ---p 00000000 00:00 0 
7fd70ac04000-7fd70b000000 rw-p 00000000 00:00 0 
7fd70b400000-7fd70b404000 ---p 00000000 00:00 0 
7fd70b404000-7fd70b800000 rw-p 00000000 00:00 0 
7fd70bc00000-7fd70bc04000 ---p 00000000 00:00 0 
7fd70bc04000-7fd70c000000 rw-p 00000000 00:00 0 
7fd70c000000-7fd70c004000 ---p 00000000 00:00 0 
7fd70c004000-7fd70c400000 rw-p 00000000 00:00 0 
7fd70c800000-7fd70c804000 ---p 00000000 00:00 0 
7fd70c804000-7fd70cc00000 rw-p 00000000 00:00 0 
7fd70cc00000-7fd70cc04000 ---p 00000000 00:00 0 
7fd70cc04000-7fd70d000000 rw-p 00000000 00:00 0 
7fd70d000000-7fd70d004000 ---p 00000000 00:00 0 
7fd70d004000-7fd70d400000 rw-p 00000000 00:00 0 
7fd70d800000-7fd70d804000 ---p 00000000 00:00 0 
7fd70d804000-7fd70dc00000 rw-p 00000000 00:00 0 
7fd70dc00000-7fd70dc04000 ---p 00000000 00:00 0 
7fd70dc04000-7fd70e000000 rw-p 00000000 00:00 0 
7fd70e000000-7fd70e004000 ---p 00000000 00:00 0 
7fd70e004000-7fd70e400000 rw-p 00000000 00:00 0 
7fd70e400000-7fd70e404000 ---p 00000000 00:00 0 
7fd70e404000-7fd70e800000 rw-p 00000000 00:00 0 
7fd70ec00000-7fd70ec04000 ---p 00000000 00:00 0 
7fd70ec04000-7fd70f000000 rw-p 00000000 00:00 0 
7fd70f000000-7fd70f004000 ---p 00000000 00:00 0 
7fd70f004000-7fd70f400000 rw-p 00000000 00:00 0 
7fd70f400000-7fd70f404000 ---p 00000000 00:00 0 
7fd70f404000-7fd70f800000 rw-p 00000000 00:00 0 
7fd70fc00000-7fd70fc04000 ---p 00000000 00:00 0 
7fd70fc04000-7fd710000000 rw-p 00000000 00:00 0 
7fd710000000-7fd710004000 ---p 00000000 00:00 0 
7fd710004000-7fd710400000 rw-p 00000000 00:00 0 
7fd710400000-7fd710404000 ---p 00000000 00:00 0 
7fd710404000-7fd710800000 rw-p 00000000 00:00 0 
7fd710800000-7fd710804000 ---p 00000000 00:00 0 
7fd710804000-7fd710c00000 rw-p 00000000 00:00 0 
7fd711000000-7fd711004000 ---p 00000000 00:00 0 
7fd711004000-7fd711400000 rw-p 00000000 00:00 0 
7fd711800000-7fd711804000 ---p 00000000 00:00 0 
7fd711804000-7fd711c00000 rw-p 00000000 00:00 0 
7fd711c00000-7fd711c04000 ---p 00000000 00:00 0 
7fd711c04000-7fd712000000 rw-p 00000000 00:00 0 
7fd712400000-7fd712404000 ---p 00000000 00:00 0 
7fd712404000-7fd712800000 rw-p 00000000 00:00 0 
7fd712c00000-7fd712c04000 ---p 00000000 00:00 0 
7fd712c04000-7fd713000000 rw-p 00000000 00:00 0 
7fd713400000-7fd713404000 ---p 00000000 00:00 0 
7fd713404000-7fd713800000 rw-p 00000000 00:00 0 
7fd713800000-7fd713804000 ---p 00000000 00:00 0 
7fd713804000-7fd713c00000 rw-p 00000000 00:00 0 
7fd714000000-7fd714004000 ---p 00000000 00:00 0 
7fd714004000-7fd714400000 rw-p 00000000 00:00 0 
7fd714800000-7fd714804000 ---p 00000000 00:00 0 
7fd714804000-7fd714c00000 rw-p 00000000 00:00 0 
7fd715000000-7fd715004000 ---p 00000000 00:00 0 
7fd715004000-7fd715400000 rw-p 00000000 00:00 0 
7fd715800000-7fd715804000 ---p 00000000 00:00 0 
7fd715804000-7fd715c00000 rw-p 00000000 00:00 0 
7fd715c00000-7fd715c04000 ---p 00000000 00:00 0 
7fd715c04000-7fd716000000 rw-p 00000000 00:00 0 
7fd716400000-7fd716404000 ---p 00000000 00:00 0 
7fd716404000-7fd716800000 rw-p 00000000 00:00 0 
7fd716800000-7fd716804000 ---p 00000000 00:00 0 
7fd716804000-7fd716c00000 rw-p 00000000 00:00 0 
7fd716c00000-7fd716c04000 ---p 00000000 00:00 0 
7fd716c04000-7fd717000000 rw-p 00000000 00:00 0 
7fd717400000-7fd717404000 ---p 00000000 00:00 0 
7fd717404000-7fd717800000 rw-p 00000000 00:00 0 
7fd717800000-7fd717804000 ---p 00000000 00:00 0 
7fd717804000-7fd717c00000 rw-p 00000000 00:00 0 
7fd717c00000-7fd717c04000 ---p 00000000 00:00 0 
7fd717c04000-7fd718000000 rw-p 00000000 00:00 0 
7fd718400000-7fd718404000 ---p 00000000 00:00 0 
7fd718404000-7fd718800000 rw-p 00000000 00:00 0 
7fd718800000-7fd718804000 ---p 00000000 00:00 0 
7fd718804000-7fd718c00000 rw-p 00000000 00:00 0 
7fd718c00000-7fd718c04000 ---p 00000000 00:00 0 
7fd718c04000-7fd719000000 rw-p 00000000 00:00 0 
7fd719000000-7fd719004000 ---p 00000000 00:00 0 
7fd719004000-7fd719400000 rw-p 00000000 00:00 0 
7fd719400000-7fd719404000 ---p 00000000 00:00 0 
7fd719404000-7fd719800000 rw-p 00000000 00:00 0 
7fd719800000-7fd719804000 ---p 00000000 00:00 0 
7fd719804000-7fd719c00000 rw-p 00000000 00:00 0 
7fd719c00000-7fd719c04000 ---p 00000000 00:00 0 
7fd719c04000-7fd71a000000 rw-p 00000000 00:00 0 
7fd71a000000-7fd71ac00000 rw-p 00000000 00:00 0 
7fd71ac00000-7fd71adc0000 rw-p 00000000 00:00 0 
7fd71adc0000-7fd71ae00000 rw-p 00000000 00:00 0 
7fd71ae00000-7fd71b500000 rw-p 00000000 00:00 0 
7fd71b500000-7fd71b600000 rw-p 00000000 00:00 0 
7fd71b600000-7fd71c1c0000 rw-p 00000000 00:00 0 
7fd71c1c0000-7fd71c300000 rw-p 00000000 00:00 0 
7fd71c300000-7fd71c400000 rw-p 00000000 00:00 0 
7fd71c400000-7fd71cea0000 rw-p 00000000 00:00 0 
7fd71cea0000-7fd71cec0000 rw-p 00000000 00:00 0 
7fd71cec0000-7fd71cf00000 rw-p 00000000 00:00 0 
7fd71cf00000-7fd71d100000 rw-p 00000000 00:00 0 
7fd71d100000-7fd71d200000 rw-p 00000000 00:00 0 
7fd71d200000-7fd71dc00000 rw-p 00000000 00:00 0 
7fd71dc00000-7fd71df80000 rw-p 00000000 00:00 0 
7fd71df80000-7fd71dfb0000 rw-p 00000000 00:00 0 
7fd71dfb0000-7fd71e000000 ---p 00000000 00:00 0 
7fd71e200000-7fd71e204000 ---p 00000000 00:00 0 
7fd71e204000-7fd71e600000 rw-p 00000000 00:00 0 
7fd71e600000-7fd71e604000 ---p 00000000 00:00 0 
7fd71e604000-7fd71ea00000 rw-p 00000000 00:00 0 
7fd71eb55000-7fd720a59000 rw-p 00000000 00:00 0 
7fd721000000-7fd721004000 ---p 00000000 00:00 0 
7fd721004000-7fd721400000 rw-p 00000000 00:00 0 
7fd721400000-7fd721404000 ---p 00000000 00:00 0 
7fd721404000-7fd721800000 rw-p 00000000 00:00 0 
7fd721800000-7fd721804000 ---p 00000000 00:00 0 
7fd721804000-7fd721c00000 rw-p 00000000 00:00 0 
7fd722000000-7fd722004000 ---p 00000000 00:00 0 
7fd722004000-7fd722400000 rw-p 00000000 00:00 0 
7fd722400000-7fd722404000 ---p 00000000 00:00 0 
7fd722404000-7fd722800000 rw-p 00000000 00:00 0 
7fd722800000-7fd722804000 ---p 00000000 00:00 0 
7fd722804000-7fd722c00000 rw-p 00000000 00:00 0 
7fd722c00000-7fd722c04000 ---p 00000000 00:00 0 
7fd722c04000-7fd723000000 rw-p 00000000 00:00 0 
7fd723000000-7fd723004000 ---p 00000000 00:00 0 
7fd723004000-7fd723400000 rw-p 00000000 00:00 0 
7fd723400000-7fd723404000 ---p 00000000 00:00 0 
7fd723404000-7fd723800000 rw-p 00000000 00:00 0 
7fd723800000-7fd723804000 ---p 00000000 00:00 0 
7fd723804000-7fd723c00000 rw-p 00000000 00:00 0 
7fd723c00000-7fd723c04000 ---p 00000000 00:00 0 
7fd723c04000-7fd724000000 rw-p 00000000 00:00 0 
7fd724000000-7fd724004000 ---p 00000000 00:00 0 
7fd724004000-7fd724400000 rw-p 00000000 00:00 0 
7fd724533000-7fd724c00000 rw-p 00000000 00:00 0 
7fd724c00000-7fd724c04000 ---p 00000000 00:00 0 
7fd724c04000-7fd725000000 rw-p 00000000 00:00 0 
7fd725000000-7fd725004000 ---p 00000000 00:00 0 
7fd725004000-7fd725400000 rw-p 00000000 00:00 0 
7fd725400000-7fd725404000 ---p 00000000 00:00 0 
7fd725404000-7fd725800000 rw-p 00000000 00:00 0 
7fd725800000-7fd725804000 ---p 00000000 00:00 0 
7fd725804000-7fd725c00000 rw-p 00000000 00:00 0 
7fd725c00000-7fd725c04000 ---p 00000000 00:00 0 
7fd725c04000-7fd726000000 rw-p 00000000 00:00 0 
7fd726000000-7fd726004000 ---p 00000000 00:00 0 
7fd726004000-7fd726400000 rw-p 00000000 00:00 0 
7fd726400000-7fd726404000 ---p 00000000 00:00 0 
7fd726404000-7fd726800000 rw-p 00000000 00:00 0 
7fd726800000-7fd726804000 ---p 00000000 00:00 0 
7fd726804000-7fd726c00000 rw-p 00000000 00:00 0 
7fd726c00000-7fd726c04000 ---p 00000000 00:00 0 
7fd726c04000-7fd727000000 rw-p 00000000 00:00 0 
7fd727000000-7fd727004000 ---p 00000000 00:00 0 
7fd727004000-7fd727400000 rw-p 00000000 00:00 0 
7fd727400000-7fd727404000 ---p 00000000 00:00 0 
7fd727404000-7fd727800000 rw-p 00000000 00:00 0 
7fd727800000-7fd727804000 ---p 00000000 00:00 0 
7fd727804000-7fd727c00000 rw-p 00000000 00:00 0 
7fd727c00000-7fd727c04000 ---p 00000000 00:00 0 
7fd727c04000-7fd728000000 rw-p 00000000 00:00 0 
7fd728000000-7fd728004000 ---p 00000000 00:00 0 
7fd728004000-7fd728400000 rw-p 00000000 00:00 0 
7fd728400000-7fd728404000 ---p 00000000 00:00 0 
7fd728404000-7fd728800000 rw-p 00000000 00:00 0 
7fd728800000-7fd728804000 ---p 00000000 00:00 0 
7fd728804000-7fd728c00000 rw-p 00000000 00:00 0 
7fd728c00000-7fd728c04000 ---p 00000000 00:00 0 
7fd728c04000-7fd729000000 rw-p 00000000 00:00 0 
7fd729000000-7fd729900000 rw-p 00000000 00:00 0 
7fd729900000-7fd72aec0000 rw-p 00000000 00:00 0 
7fd72aec0000-7fd72b540000 rw-p 00000000 00:00 0 
7fd72b540000-7fd72b980000 rw-p 00000000 00:00 0 
7fd72b980000-7fd72bae0000 rw-p 00000000 00:00 0 
7fd72bae0000-7fd72c9c0000 rw-p 00000000 00:00 0 
7fd72c9c0000-7fd72ca00000 rw-p 00000000 00:00 0 
7fd72ca00000-7fd72d000000 rw-p 00000000 00:00 0 
7fd72d02b000-7fd72de00000 rw-p 00000000 00:00 0 
7fd72de00000-7fd72de04000 ---p 00000000 00:00 0 
7fd72de04000-7fd72e200000 rw-p 00000000 00:00 0 
7fd72e200000-7fd72e204000 ---p 00000000 00:00 0 
7fd72e204000-7fd72e600000 rw-p 00000000 00:00 0 
7fd72ea00000-7fd72ea04000 ---p 00000000 00:00 0 
7fd72ea04000-7fd72ee00000 rw-p 00000000 00:00 0 
7fd72f200000-7fd72f204000 ---p 00000000 00:00 0 
7fd72f204000-7fd72f600000 rw-p 00000000 00:00 0 
7fd72fa00000-7fd72fa04000 ---p 00000000 00:00 0 
7fd72fa04000-7fd72fe00000 rw-p 00000000 00:00 0 
7fd730256000-7fd7306d0000 rw-p 00000000 00:00 0 
7fd730c00000-7fd730c04000 ---p 00000000 00:00 0 
7fd730c04000-7fd731000000 rw-p 00000000 00:00 0 
7fd731400000-7fd731404000 ---p 00000000 00:00 0 
7fd731404000-7fd731800000 rw-p 00000000 00:00 0 
7fd731800000-7fd731804000 ---p 00000000 00:00 0 
7fd731804000-7fd731c00000 rw-p 00000000 00:00 0 
7fd731c00000-7fd731c04000 ---p 00000000 00:00 0 
7fd731c04000-7fd732000000 rw-p 00000000 00:00 0 
7fd732400000-7fd732404000 ---p 00000000 00:00 0 
7fd732404000-7fd732800000 rw-p 00000000 00:00 0 
7fd732800000-7fd732804000 ---p 00000000 00:00 0 
7fd732804000-7fd732c00000 rw-p 00000000 00:00 0 
7fd732c00000-7fd732c04000 ---p 00000000 00:00 0 
7fd732c04000-7fd733000000 rw-p 00000000 00:00 0 
7fd733000000-7fd733004000 ---p 00000000 00:00 0 
7fd733004000-7fd733400000 rw-p 00000000 00:00 0 
7fd733600000-7fd733604000 ---p 00000000 00:00 0 
7fd733604000-7fd733a00000 rw-p 00000000 00:00 0 
7fd733a00000-7fd733a04000 ---p 00000000 00:00 0 
7fd733a04000-7fd733e00000 rw-p 00000000 00:00 0 
7fd733ed0000-7fd734400000 rw-p 00000000 00:00 0 
7fd734805000-7fd735000000 rw-p 00000000 00:00 0 
7fd735400000-7fd735404000 ---p 00000000 00:00 0 
7fd735404000-7fd735800000 rw-p 00000000 00:00 0 
7fd735800000-7fd735804000 ---p 00000000 00:00 0 
7fd735804000-7fd735c00000 rw-p 00000000 00:00 0 
7fd735c00000-7fd735c04000 ---p 00000000 00:00 0 
7fd735c04000-7fd736000000 rw-p 00000000 00:00 0 
7fd736000000-7fd736004000 ---p 00000000 00:00 0 
7fd736004000-7fd736400000 rw-p 00000000 00:00 0 
7fd736400000-7fd736404000 ---p 00000000 00:00 0 
7fd736404000-7fd736800000 rw-p 00000000 00:00 0 
7fd736800000-7fd736804000 ---p 00000000 00:00 0 
7fd736804000-7fd736c00000 rw-p 00000000 00:00 0 
7fd736c00000-7fd736c04000 ---p 00000000 00:00 0 
7fd736c04000-7fd737000000 rw-p 00000000 00:00 0 
7fd737000000-7fd737004000 ---p 00000000 00:00 0 
7fd737004000-7fd737400000 rw-p 00000000 00:00 0 
7fd737400000-7fd737404000 ---p 00000000 00:00 0 
7fd737404000-7fd737800000 rw-p 00000000 00:00 0 
7fd737800000-7fd737804000 ---p 00000000 00:00 0 
7fd737804000-7fd737c00000 rw-p 00000000 00:00 0 
7fd737c00000-7fd737c04000 ---p 00000000 00:00 0 
7fd737c04000-7fd738000000 rw-p 00000000 00:00 0 
7fd738000000-7fd738004000 ---p 00000000 00:00 0 
7fd738004000-7fd738400000 rw-p 00000000 00:00 0 
7fd738400000-7fd738404000 ---p 00000000 00:00 0 
7fd738404000-7fd738800000 rw-p 00000000 00:00 0 
7fd738800000-7fd738804000 ---p 00000000 00:00 0 
7fd738804000-7fd738c00000 rw-p 00000000 00:00 0 
7fd738c00000-7fd738c04000 ---p 00000000 00:00 0 
7fd738c04000-7fd739000000 rw-p 00000000 00:00 0 
7fd739000000-7fd739001000 r-xp 00000000 00:9c 1659                       /tmp/.sbt4e571dda/swoval/swoval-jni/8779753505618001651-libswoval-files0.so
7fd739001000-7fd739200000 ---p 00001000 00:9c 1659                       /tmp/.sbt4e571dda/swoval/swoval-jni/8779753505618001651-libswoval-files0.so
7fd739200000-7fd739201000 r--p 00000000 00:9c 1659                       /tmp/.sbt4e571dda/swoval/swoval-jni/8779753505618001651-libswoval-files0.so
7fd739201000-7fd739202000 rw-p 00001000 00:9c 1659                       /tmp/.sbt4e571dda/swoval/swoval-jni/8779753505618001651-libswoval-files0.so
7fd739400000-7fd739404000 ---p 00000000 00:00 0 
7fd739404000-7fd739800000 rw-p 00000000 00:00 0 
7fd739a48000-7fd739a4c000 ---p 00000000 00:00 0 
7fd739a4c000-7fd739b48000 rw-p 00000000 00:00 0 
7fd739b4b000-7fd739e00000 rw-p 00000000 00:00 0 
7fd739f00000-7fd739f04000 ---p 00000000 00:00 0 
7fd739f04000-7fd73a000000 rw-p 00000000 00:00 0 
7fd73a000000-7fd73a004000 ---p 00000000 00:00 0 
7fd73a004000-7fd73a400000 rw-p 00000000 00:00 0 
7fd73a400000-7fd73a404000 ---p 00000000 00:00 0 
7fd73a404000-7fd73a800000 rw-p 00000000 00:00 0 
7fd73a8fe000-7fd73a902000 ---p 00000000 00:00 0 
7fd73a902000-7fd73ac00000 rw-p 00000000 00:00 0 
7fd73ac00000-7fd73ac04000 ---p 00000000 00:00 0 
7fd73ac04000-7fd73b000000 rw-p 00000000 00:00 0 
7fd73b000000-7fd73b004000 ---p 00000000 00:00 0 
7fd73b004000-7fd73b100000 rw-p 00000000 00:00 0 
7fd73b100000-7fd73b104000 ---p 00000000 00:00 0 
7fd73b104000-7fd73b200000 rw-p 00000000 00:00 0 
7fd73b200000-7fd73b21e000 r-xp 00000000 00:66 85                         /home/ggvgc/.cache/JNA/temp/jna15535637305863999963.tmp (deleted)
7fd73b21e000-7fd73b41d000 ---p 0001e000 00:66 85                         /home/ggvgc/.cache/JNA/temp/jna15535637305863999963.tmp (deleted)
7fd73b41d000-7fd73b41e000 rw-p 0001d000 00:66 85                         /home/ggvgc/.cache/JNA/temp/jna15535637305863999963.tmp (deleted)
7fd73b41e000-7fd73b41f000 rw-p 00000000 00:00 0 
7fd73b4f5000-7fd73c000000 rw-p 00000000 00:00 0 
7fd73c000000-7fd73e509000 rw-p 00000000 00:00 0 
7fd73e509000-7fd740000000 ---p 00000000 00:00 0 
7fd740000000-7fd740fee000 rw-p 00000000 00:00 0 
7fd740fee000-7fd744000000 ---p 00000000 00:00 0 
7fd744000000-7fd744de9000 rw-p 00000000 00:00 0 
7fd744de9000-7fd748000000 ---p 00000000 00:00 0 
7fd748000000-7fd7497f9000 rw-p 00000000 00:00 0 
7fd7497f9000-7fd74c000000 ---p 00000000 00:00 0 
7fd74c000000-7fd74cd67000 rw-p 00000000 00:00 0 
7fd74cd67000-7fd750000000 ---p 00000000 00:00 0 
7fd750000000-7fd750b87000 rw-p 00000000 00:00 0 
7fd750b87000-7fd754000000 ---p 00000000 00:00 0 
7fd754000000-7fd757319000 rw-p 00000000 00:00 0 
7fd757319000-7fd758000000 ---p 00000000 00:00 0 
7fd758000000-7fd759c04000 rw-p 00000000 00:00 0 
7fd759c04000-7fd75c000000 ---p 00000000 00:00 0 
7fd75c000000-7fd75c400000 rw-p 00000000 00:00 0 
7fd75c400000-7fd75cdc0000 rw-p 00000000 00:00 0 
7fd75cdc0000-7fd75cf40000 rw-p 00000000 00:00 0 
7fd75cf40000-7fd75e000000 rw-p 00000000 00:00 0 
7fd75e000000-7fd75e0c0000 rw-p 00000000 00:00 0 
7fd75e0c0000-7fd75eb00000 rw-p 00000000 00:00 0 
7fd75eb00000-7fd75ec00000 rw-p 00000000 00:00 0 
7fd75ec00000-7fd75fb40000 rw-p 00000000 00:00 0 
7fd75fb40000-7fd75fb80000 rw-p 00000000 00:00 0 
7fd75fb80000-7fd75fd00000 rw-p 00000000 00:00 0 
7fd75fd00000-7fd75fe00000 rw-p 00000000 00:00 0 
7fd75fe00000-7fd760000000 rw-p 00000000 00:00 0 
7fd760000000-7fd7631c4000 rw-p 00000000 00:00 0 
7fd7631c4000-7fd764000000 ---p 00000000 00:00 0 
7fd764089000-7fd7640b2000 r--p 00000000 00:9c 124                        /tmp/lwjgl_ggvgc/3.3.3+5/x64/liblwjgl.so
7fd7640b2000-7fd7640e4000 r-xp 00029000 00:9c 124                        /tmp/lwjgl_ggvgc/3.3.3+5/x64/liblwjgl.so
7fd7640e4000-7fd7640fd000 r--p 0005b000 00:9c 124                        /tmp/lwjgl_ggvgc/3.3.3+5/x64/liblwjgl.so
7fd7640fd000-7fd7640fe000 r--p 00073000 00:9c 124                        /tmp/lwjgl_ggvgc/3.3.3+5/x64/liblwjgl.so
7fd7640fe000-7fd7640ff000 rw-p 00074000 00:9c 124                        /tmp/lwjgl_ggvgc/3.3.3+5/x64/liblwjgl.so
7fd7640ff000-7fd764200000 rw-p 00000000 00:00 0 
7fd764200000-7fd764204000 ---p 00000000 00:00 0 
7fd764204000-7fd764600000 rw-p 00000000 00:00 0 
7fd764600000-7fd764604000 ---p 00000000 00:00 0 
7fd764604000-7fd764a00000 rw-p 00000000 00:00 0 
7fd764a00000-7fd764a04000 ---p 00000000 00:00 0 
7fd764a04000-7fd764e00000 rw-p 00000000 00:00 0 
7fd764e00000-7fd764e04000 ---p 00000000 00:00 0 
7fd764e04000-7fd765200000 rw-p 00000000 00:00 0 
7fd765200000-7fd765204000 ---p 00000000 00:00 0 
7fd765204000-7fd765600000 rw-p 00000000 00:00 0 
7fd765600000-7fd765604000 ---p 00000000 00:00 0 
7fd765604000-7fd765a00000 rw-p 00000000 00:00 0 
7fd765a00000-7fd765a04000 ---p 00000000 00:00 0 
7fd765a04000-7fd765b00000 rw-p 00000000 00:00 0 
7fd765b00000-7fd765b04000 ---p 00000000 00:00 0 
7fd765b04000-7fd765c00000 rw-p 00000000 00:00 0 
7fd765c00000-7fd765c04000 ---p 00000000 00:00 0 
7fd765c04000-7fd766000000 rw-p 00000000 00:00 0 
7fd766000000-7fd766004000 ---p 00000000 00:00 0 
7fd766004000-7fd766400000 rw-p 00000000 00:00 0 
7fd766400000-7fd766404000 ---p 00000000 00:00 0 
7fd766404000-7fd766800000 rw-p 00000000 00:00 0 
7fd766800000-7fd766804000 ---p 00000000 00:00 0 
7fd766804000-7fd766c00000 rw-p 00000000 00:00 0 
7fd766c00000-7fd766c04000 ---p 00000000 00:00 0 
7fd766c04000-7fd767000000 rw-p 00000000 00:00 0 
7fd767000000-7fd767c9c000 rw-p 00001000 00:1c 11763989                   /usr/lib/jvm/java-21-openjdk/lib/server/classes.jsa
7fd767c9c000-7fd768000000 ---p 00000000 00:00 0 
7fd768000000-7fd768040000 rw-p 00000000 00:00 0 
7fd768040000-7fd768080000 rw-p 00000000 00:00 0 
7fd768080000-7fd7682c0000 rw-p 00000000 00:00 0 
7fd7682c0000-7fd768300000 rw-p 00000000 00:00 0 
7fd768300000-7fd768700000 rw-p 00000000 00:00 0 
7fd768700000-7fd7695c0000 rw-p 00000000 00:00 0 
7fd7695c0000-7fd769600000 rw-p 00000000 00:00 0 
7fd769600000-7fd769ae0000 rw-p 00000000 00:00 0 
7fd769ae0000-7fd769df0000 rw-p 00000000 00:00 0 
7fd769df0000-7fd7a8000000 ---p 00000000 00:00 0 
7fd7a8000000-7fd7aa8ef000 rw-p 00000000 00:00 0 
7fd7aa8ef000-7fd7ac000000 ---p 00000000 00:00 0 
7fd7ac000000-7fd7ae44d000 rw-p 00000000 00:00 0 
7fd7ae44d000-7fd7b0000000 ---p 00000000 00:00 0 
7fd7b0000000-7fd7b0b50000 rw-p 00000000 00:00 0 
7fd7b0b50000-7fd7b4000000 ---p 00000000 00:00 0 
7fd7b4000000-7fd7b5003000 rw-p 00000000 00:00 0 
7fd7b5003000-7fd7b8000000 ---p 00000000 00:00 0 
7fd7b8000000-7fd7ba207000 rw-p 00000000 00:00 0 
7fd7ba207000-7fd7bc004000 ---p 00000000 00:00 0 
7fd7bc004000-7fd7bc100000 rw-p 00000000 00:00 0 
7fd7bc100000-7fd7bc104000 ---p 00000000 00:00 0 
7fd7bc104000-7fd7bc200000 rw-p 00000000 00:00 0 
7fd7bc200000-7fd7bc204000 ---p 00000000 00:00 0 
7fd7bc204000-7fd7bc300000 rw-p 00000000 00:00 0 
7fd7bc300000-7fd7bc304000 ---p 00000000 00:00 0 
7fd7bc304000-7fd7bc400000 rw-p 00000000 00:00 0 
7fd7bc400000-7fd7bc404000 ---p 00000000 00:00 0 
7fd7bc404000-7fd7bc800000 rw-p 00000000 00:00 0 
7fd7bc800000-7fd7bc804000 ---p 00000000 00:00 0 
7fd7bc804000-7fd7bcc00000 rw-p 00000000 00:00 0 
7fd7bcc06000-7fd7bcc08000 r--p 00000000 00:1c 11763980                   /usr/lib/jvm/java-21-openjdk/lib/libverify.so
7fd7bcc08000-7fd7bcc0f000 r-xp 00002000 00:1c 11763980                   /usr/lib/jvm/java-21-openjdk/lib/libverify.so
7fd7bcc0f000-7fd7bcc11000 r--p 00009000 00:1c 11763980                   /usr/lib/jvm/java-21-openjdk/lib/libverify.so
7fd7bcc11000-7fd7bcc13000 r--p 0000a000 00:1c 11763980                   /usr/lib/jvm/java-21-openjdk/lib/libverify.so
7fd7bcc13000-7fd7bcc14000 rw-p 0000c000 00:1c 11763980                   /usr/lib/jvm/java-21-openjdk/lib/libverify.so
7fd7bcc14000-7fd7bcc17000 r--p 00000000 00:9c 125                        /tmp/lwjgl_ggvgc/3.3.3+5/x64/liblwjgl_lmdb.so
7fd7bcc17000-7fd7bcc28000 r-xp 00003000 00:9c 125                        /tmp/lwjgl_ggvgc/3.3.3+5/x64/liblwjgl_lmdb.so
7fd7bcc28000-7fd7bcc2b000 r--p 00014000 00:9c 125                        /tmp/lwjgl_ggvgc/3.3.3+5/x64/liblwjgl_lmdb.so
7fd7bcc2b000-7fd7bcc2c000 r--p 00016000 00:9c 125                        /tmp/lwjgl_ggvgc/3.3.3+5/x64/liblwjgl_lmdb.so
7fd7bcc2c000-7fd7bcc2d000 rw-p 00017000 00:9c 125                        /tmp/lwjgl_ggvgc/3.3.3+5/x64/liblwjgl_lmdb.so
7fd7bcc2d000-7fd7bcc30000 r--p 00000000 00:1c 12507757                   /usr/lib/libnss_resolve.so.2
7fd7bcc30000-7fd7bcc64000 r-xp 00003000 00:1c 12507757                   /usr/lib/libnss_resolve.so.2
7fd7bcc64000-7fd7bcc7d000 r--p 00037000 00:1c 12507757                   /usr/lib/libnss_resolve.so.2
7fd7bcc7d000-7fd7bcc84000 r--p 00050000 00:1c 12507757                   /usr/lib/libnss_resolve.so.2
7fd7bcc84000-7fd7bcc85000 rw-p 00057000 00:1c 12507757                   /usr/lib/libnss_resolve.so.2
7fd7bcc85000-7fd7bcc89000 r--p 00000000 00:1c 12507756                   /usr/lib/libnss_mymachines.so.2
7fd7bcc89000-7fd7bccda000 r-xp 00004000 00:1c 12507756                   /usr/lib/libnss_mymachines.so.2
7fd7bccda000-7fd7bccf4000 r--p 00055000 00:1c 12507756                   /usr/lib/libnss_mymachines.so.2
7fd7bccf4000-7fd7bccf8000 r--p 0006f000 00:1c 12507756                   /usr/lib/libnss_mymachines.so.2
7fd7bccf8000-7fd7bccf9000 rw-p 00073000 00:1c 12507756                   /usr/lib/libnss_mymachines.so.2
7fd7bccf9000-7fd7bd0fd000 rw-p 00000000 00:00 0 
7fd7bd0fd000-7fd7bf400000 rw-p 00000000 00:00 0 
7fd7bf400000-7fd7c3360000 rwxp 00000000 00:00 0 
7fd7c3360000-7fd7c7400000 ---p 00000000 00:00 0 
7fd7c7400000-7fd7cfef7000 r--s 00000000 00:1c 11763982                   /usr/lib/jvm/java-21-openjdk/lib/modules
7fd7cfeff000-7fd7d26ac000 rw-p 00000000 00:00 0 
7fd7d26ac000-7fd7d4000000 ---p 00000000 00:00 0 
7fd7d4002000-7fd7d4006000 ---p 00000000 00:00 0 
7fd7d4006000-7fd7d4024000 rw-p 00000000 00:00 0 
7fd7d4024000-7fd7d4029000 r--p 00000000 00:1c 11763965                   /usr/lib/jvm/java-21-openjdk/lib/libjsvml.so
7fd7d4029000-7fd7d406a000 r-xp 00005000 00:1c 11763965                   /usr/lib/jvm/java-21-openjdk/lib/libjsvml.so
7fd7d406a000-7fd7d40f3000 r--p 00046000 00:1c 11763965                   /usr/lib/jvm/java-21-openjdk/lib/libjsvml.so
7fd7d40f3000-7fd7d40f4000 r--p 000ce000 00:1c 11763965                   /usr/lib/jvm/java-21-openjdk/lib/libjsvml.so
7fd7d40f4000-7fd7d40f5000 rw-p 000cf000 00:1c 11763965                   /usr/lib/jvm/java-21-openjdk/lib/libjsvml.so
7fd7d40f5000-7fd7d49fe000 rw-p 00000000 00:00 0 
7fd7d49fe000-7fd7d4c00000 rw-p 00000000 00:00 0 
7fd7d4c00000-7fd7d6000000 rw-p 00000000 00:00 0 
7fd7d6011000-7fd7d6012000 r--p 00000000 00:1c 12531460                   /usr/lib/libpthread.so.0
7fd7d6012000-7fd7d6013000 r-xp 00001000 00:1c 12531460                   /usr/lib/libpthread.so.0
7fd7d6013000-7fd7d6014000 r--p 00002000 00:1c 12531460                   /usr/lib/libpthread.so.0
7fd7d6014000-7fd7d6015000 r--p 00002000 00:1c 12531460                   /usr/lib/libpthread.so.0
7fd7d6015000-7fd7d6016000 rw-p 00003000 00:1c 12531460                   /usr/lib/libpthread.so.0
7fd7d6016000-7fd7d60f2000 rw-p 00000000 00:00 0 
7fd7d60f2000-7fd7d61f3000 rw-p 00000000 00:00 0 
7fd7d61f3000-7fd7d6f7f000 rw-p 00000000 00:00 0 
7fd7d6f7f000-7fd7d7000000 ---p 00000000 00:00 0 
7fd7d7000000-7fd7d7004000 ---p 00000000 00:00 0 
7fd7d7004000-7fd7d7400000 rw-p 00000000 00:00 0 
7fd7d7400000-7fd7d749a000 r--p 00000000 00:1c 11607274                   /usr/lib/libstdc++.so.6.0.36
7fd7d749a000-7fd7d761d000 r-xp 0009a000 00:1c 11607274                   /usr/lib/libstdc++.so.6.0.36
7fd7d761d000-7fd7d76bd000 r--p 0021d000 00:1c 11607274                   /usr/lib/libstdc++.so.6.0.36
7fd7d76bd000-7fd7d76ce000 r--p 002bc000 00:1c 11607274                   /usr/lib/libstdc++.so.6.0.36
7fd7d76ce000-7fd7d76cf000 rw-p 002cd000 00:1c 11607274                   /usr/lib/libstdc++.so.6.0.36
7fd7d76cf000-7fd7d76d3000 rw-p 00000000 00:00 0 
7fd7d76d5000-7fd7d76d6000 r--p 00000000 00:1c 12531438                   /usr/lib/libdl.so.2
7fd7d76d6000-7fd7d76d7000 r-xp 00001000 00:1c 12531438                   /usr/lib/libdl.so.2
7fd7d76d7000-7fd7d76d8000 r--p 00002000 00:1c 12531438                   /usr/lib/libdl.so.2
7fd7d76d8000-7fd7d76d9000 r--p 00002000 00:1c 12531438                   /usr/lib/libdl.so.2
7fd7d76d9000-7fd7d76da000 rw-p 00003000 00:1c 12531438                   /usr/lib/libdl.so.2
7fd7d76da000-7fd7d76dc000 r--p 00000000 00:1c 11763970                   /usr/lib/jvm/java-21-openjdk/lib/libmanagement_ext.so
7fd7d76dc000-7fd7d76df000 r-xp 00002000 00:1c 11763970                   /usr/lib/jvm/java-21-openjdk/lib/libmanagement_ext.so
7fd7d76df000-7fd7d76e1000 r--p 00005000 00:1c 11763970                   /usr/lib/jvm/java-21-openjdk/lib/libmanagement_ext.so
7fd7d76e1000-7fd7d76e2000 r--p 00006000 00:1c 11763970                   /usr/lib/jvm/java-21-openjdk/lib/libmanagement_ext.so
7fd7d76e2000-7fd7d76e3000 rw-p 00007000 00:1c 11763970                   /usr/lib/jvm/java-21-openjdk/lib/libmanagement_ext.so
7fd7d76e3000-7fd7d76e5000 r--p 00000000 00:1c 11763968                   /usr/lib/jvm/java-21-openjdk/lib/libmanagement.so
7fd7d76e5000-7fd7d76e6000 r-xp 00002000 00:1c 11763968                   /usr/lib/jvm/java-21-openjdk/lib/libmanagement.so
7fd7d76e6000-7fd7d76e7000 r--p 00003000 00:1c 11763968                   /usr/lib/jvm/java-21-openjdk/lib/libmanagement.so
7fd7d76e7000-7fd7d76e8000 r--p 00003000 00:1c 11763968                   /usr/lib/jvm/java-21-openjdk/lib/libmanagement.so
7fd7d76e8000-7fd7d76e9000 rw-p 00004000 00:1c 11763968                   /usr/lib/jvm/java-21-openjdk/lib/libmanagement.so
7fd7d76e9000-7fd7d76ea000 r--p 00000000 00:1c 11763950                   /usr/lib/jvm/java-21-openjdk/lib/libextnet.so
7fd7d76ea000-7fd7d76eb000 r-xp 00001000 00:1c 11763950                   /usr/lib/jvm/java-21-openjdk/lib/libextnet.so
7fd7d76eb000-7fd7d76ec000 r--p 00002000 00:1c 11763950                   /usr/lib/jvm/java-21-openjdk/lib/libextnet.so
7fd7d76ec000-7fd7d76ed000 r--p 00002000 00:1c 11763950                   /usr/lib/jvm/java-21-openjdk/lib/libextnet.so
7fd7d76ed000-7fd7d76ee000 rw-p 00003000 00:1c 11763950                   /usr/lib/jvm/java-21-openjdk/lib/libextnet.so
7fd7d76ee000-7fd7d76f0000 r--p 00000000 00:1c 11763981                   /usr/lib/jvm/java-21-openjdk/lib/libzip.so
7fd7d76f0000-7fd7d76f4000 r-xp 00002000 00:1c 11763981                   /usr/lib/jvm/java-21-openjdk/lib/libzip.so
7fd7d76f4000-7fd7d76f6000 r--p 00006000 00:1c 11763981                   /usr/lib/jvm/java-21-openjdk/lib/libzip.so
7fd7d76f6000-7fd7d76f7000 r--p 00007000 00:1c 11763981                   /usr/lib/jvm/java-21-openjdk/lib/libzip.so
7fd7d76f7000-7fd7d76f8000 rw-p 00008000 00:1c 11763981                   /usr/lib/jvm/java-21-openjdk/lib/libzip.so
7fd7d76f8000-7fd7d76ff000 r--p 00000000 00:1c 11763973                   /usr/lib/jvm/java-21-openjdk/lib/libnio.so
7fd7d76ff000-7fd7d7708000 r-xp 00007000 00:1c 11763973                   /usr/lib/jvm/java-21-openjdk/lib/libnio.so
7fd7d7708000-7fd7d770c000 r--p 00010000 00:1c 11763973                   /usr/lib/jvm/java-21-openjdk/lib/libnio.so
7fd7d770c000-7fd7d770d000 r--p 00014000 00:1c 11763973                   /usr/lib/jvm/java-21-openjdk/lib/libnio.so
7fd7d770d000-7fd7d770e000 rw-p 00015000 00:1c 11763973                   /usr/lib/jvm/java-21-openjdk/lib/libnio.so
7fd7d774f000-7fd7d77b2000 rw-p 00000000 00:00 0 
7fd7d77b2000-7fd7d77bc000 r--p 00000000 00:1c 11763957                   /usr/lib/jvm/java-21-openjdk/lib/libjava.so
7fd7d77bc000-7fd7d77ca000 r-xp 0000a000 00:1c 11763957                   /usr/lib/jvm/java-21-openjdk/lib/libjava.so
7fd7d77ca000-7fd7d77d0000 r--p 00018000 00:1c 11763957                   /usr/lib/jvm/java-21-openjdk/lib/libjava.so
7fd7d77d0000-7fd7d77d1000 r--p 0001d000 00:1c 11763957                   /usr/lib/jvm/java-21-openjdk/lib/libjava.so
7fd7d77d1000-7fd7d77d2000 rw-p 0001e000 00:1c 11763957                   /usr/lib/jvm/java-21-openjdk/lib/libjava.so
7fd7d77d2000-7fd7d77d3000 rw-p 00000000 00:00 0 
7fd7d77d3000-7fd7d77d7000 r--p 00000000 00:1c 11607244                   /usr/lib/libgcc_s.so.1
7fd7d77d7000-7fd7d77fa000 r-xp 00004000 00:1c 11607244                   /usr/lib/libgcc_s.so.1
7fd7d77fa000-7fd7d77fe000 r--p 00027000 00:1c 11607244                   /usr/lib/libgcc_s.so.1
7fd7d77fe000-7fd7d77ff000 r--p 0002b000 00:1c 11607244                   /usr/lib/libgcc_s.so.1
7fd7d77ff000-7fd7d7800000 rw-p 0002c000 00:1c 11607244                   /usr/lib/libgcc_s.so.1
7fd7d7800000-7fd7d7810000 r--p 00000000 00:1c 11763992                   /usr/lib/jvm/java-21-openjdk/lib/server/libjvm.so
7fd7d7810000-7fd7d8796000 r-xp 00010000 00:1c 11763992                   /usr/lib/jvm/java-21-openjdk/lib/server/libjvm.so
7fd7d8796000-7fd7d8a90000 r--p 00f96000 00:1c 11763992                   /usr/lib/jvm/java-21-openjdk/lib/server/libjvm.so
7fd7d8a90000-7fd7d8b66000 r--p 01290000 00:1c 11763992                   /usr/lib/jvm/java-21-openjdk/lib/server/libjvm.so
7fd7d8b66000-7fd7d8b96000 rw-p 01366000 00:1c 11763992                   /usr/lib/jvm/java-21-openjdk/lib/server/libjvm.so
7fd7d8b96000-7fd7d8bfc000 rw-p 00000000 00:00 0 
7fd7d8c00000-7fd7d8c24000 r--p 00000000 00:1c 12531433                   /usr/lib/libc.so.6
7fd7d8c24000-7fd7d8d9f000 r-xp 00024000 00:1c 12531433                   /usr/lib/libc.so.6
7fd7d8d9f000-7fd7d8e15000 r--p 0019f000 00:1c 12531433                   /usr/lib/libc.so.6
7fd7d8e15000-7fd7d8e19000 r--p 00214000 00:1c 12531433                   /usr/lib/libc.so.6
7fd7d8e19000-7fd7d8e1b000 rw-p 00218000 00:1c 12531433                   /usr/lib/libc.so.6
7fd7d8e1b000-7fd7d8e24000 rw-p 00000000 00:00 0 
7fd7d8e24000-7fd7d8e25000 r-xp 00000000 00:9c 1656                       /tmp/ffispzz7I (deleted)
7fd7d8e25000-7fd7d8e27000 rw-p 00000000 00:00 0 
7fd7d8e27000-7fd7d8e28000 rw-p 00000000 00:00 0 
7fd7d8e28000-7fd7d8e2b000 r--p 00000000 00:1c 11763972                   /usr/lib/jvm/java-21-openjdk/lib/libnet.so
7fd7d8e2b000-7fd7d8e33000 r-xp 00003000 00:1c 11763972                   /usr/lib/jvm/java-21-openjdk/lib/libnet.so
7fd7d8e33000-7fd7d8e35000 r--p 0000b000 00:1c 11763972                   /usr/lib/jvm/java-21-openjdk/lib/libnet.so
7fd7d8e35000-7fd7d8e36000 r--p 0000d000 00:1c 11763972                   /usr/lib/jvm/java-21-openjdk/lib/libnet.so
7fd7d8e36000-7fd7d8e37000 rw-p 0000e000 00:1c 11763972                   /usr/lib/jvm/java-21-openjdk/lib/libnet.so
7fd7d8e37000-7fd7d8e3f000 rw-s 00000000 00:9c 1655                       /tmp/hsperfdata_ggvgc/18728
7fd7d8e3f000-7fd7d8e40000 ---p 00000000 00:00 0 
7fd7d8e40000-7fd7d8e41000 r--p 00000000 00:00 0 
7fd7d8e41000-7fd7d8e42000 ---p 00000000 00:00 0 
7fd7d8e42000-7fd7d8e43000 r--p 00000000 00:1c 11763961                   /usr/lib/jvm/java-21-openjdk/lib/libjimage.so
7fd7d8e43000-7fd7d8e46000 r-xp 00001000 00:1c 11763961                   /usr/lib/jvm/java-21-openjdk/lib/libjimage.so
7fd7d8e46000-7fd7d8e47000 r--p 00004000 00:1c 11763961                   /usr/lib/jvm/java-21-openjdk/lib/libjimage.so
7fd7d8e47000-7fd7d8e48000 r--p 00005000 00:1c 11763961                   /usr/lib/jvm/java-21-openjdk/lib/libjimage.so
7fd7d8e48000-7fd7d8e49000 rw-p 00006000 00:1c 11763961                   /usr/lib/jvm/java-21-openjdk/lib/libjimage.so
7fd7d8e49000-7fd7d8e59000 r--p 00000000 00:1c 12531443                   /usr/lib/libm.so.6
7fd7d8e59000-7fd7d8ef5000 r-xp 00010000 00:1c 12531443                   /usr/lib/libm.so.6
7fd7d8ef5000-7fd7d8f7e000 r--p 000ac000 00:1c 12531443                   /usr/lib/libm.so.6
7fd7d8f7e000-7fd7d8f7f000 r--p 00134000 00:1c 12531443                   /usr/lib/libm.so.6
7fd7d8f7f000-7fd7d8f80000 rw-p 00135000 00:1c 12531443                   /usr/lib/libm.so.6
7fd7d8f80000-7fd7d8f82000 rw-p 00000000 00:00 0 
7fd7d8f82000-7fd7d8f85000 r--p 00000000 00:1c 7730294                    /usr/lib/libz.so.1.3.2
7fd7d8f85000-7fd7d8f95000 r-xp 00003000 00:1c 7730294                    /usr/lib/libz.so.1.3.2
7fd7d8f95000-7fd7d8f9b000 r--p 00013000 00:1c 7730294                    /usr/lib/libz.so.1.3.2
7fd7d8f9b000-7fd7d8f9c000 r--p 00018000 00:1c 7730294                    /usr/lib/libz.so.1.3.2
7fd7d8f9c000-7fd7d8f9d000 rw-p 00019000 00:1c 7730294                    /usr/lib/libz.so.1.3.2
7fd7d8f9d000-7fd7d8f9f000 r--p 00000000 00:1c 11763962                   /usr/lib/jvm/java-21-openjdk/lib/libjli.so
7fd7d8f9f000-7fd7d8fa9000 r-xp 00002000 00:1c 11763962                   /usr/lib/jvm/java-21-openjdk/lib/libjli.so
7fd7d8fa9000-7fd7d8fac000 r--p 0000c000 00:1c 11763962                   /usr/lib/jvm/java-21-openjdk/lib/libjli.so
7fd7d8fac000-7fd7d8fad000 r--p 0000f000 00:1c 11763962                   /usr/lib/jvm/java-21-openjdk/lib/libjli.so
7fd7d8fad000-7fd7d8fae000 rw-p 00010000 00:1c 11763962                   /usr/lib/jvm/java-21-openjdk/lib/libjli.so
7fd7d8fae000-7fd7d8fb0000 rw-p 00000000 00:00 0 
7fd7d8fb0000-7fd7d8fea000 r--p 00000000 00:1c 12721536                   /etc/ld.so.cache
7fd7d8fea000-7fd7d8fee000 r--p 00000000 00:00 0                          [vvar]
7fd7d8fee000-7fd7d8ff0000 r--p 00000000 00:00 0                          [vvar_vclock]
7fd7d8ff0000-7fd7d8ff2000 r-xp 00000000 00:00 0                          [vdso]
7fd7d8ff2000-7fd7d8ff3000 r--p 00000000 00:1c 12531424                   /usr/lib/ld-linux-x86-64.so.2
7fd7d8ff3000-7fd7d9020000 r-xp 00001000 00:1c 12531424                   /usr/lib/ld-linux-x86-64.so.2
7fd7d9020000-7fd7d902f000 r--p 0002e000 00:1c 12531424                   /usr/lib/ld-linux-x86-64.so.2
7fd7d902f000-7fd7d9031000 r--p 0003d000 00:1c 12531424                   /usr/lib/ld-linux-x86-64.so.2
7fd7d9031000-7fd7d9032000 rw-p 0003f000 00:1c 12531424                   /usr/lib/ld-linux-x86-64.so.2
7fd7d9032000-7fd7d9033000 rw-p 00000000 00:00 0 
7ffeb89bb000-7ffeb89dc000 rw-p 00000000 00:00 0                          [stack]
7fffffffe000-7ffffffff000 --xp 00000000 00:00 0                          [uprobes]
ffffffffff600000-ffffffffff601000 --xp 00000000 00:00 0                  [vsyscall]
Total number of mappings: 581

JVMTI agents: none


VM Arguments:
jvm_args: -Dfile.encoding=UTF-8 -Dsbt.override.build.repos=true -Dsbt.repository.config=project/repositories -Xms1024m -Xmx1024m -Xss4M -XX:ReservedCodeCacheSize=128m -Dsbt.script=/home/ggvgc/.cache/coursier/arc/https/github.com/sbt/sbt/releases/download/v2.0.5/sbt-2.0.5.zip/sbt/bin/sbt -Dscala.ext.dirs=/home/ggvgc/.sbt/1.0/java9-rt-ext-arch_linux_21_0_12_1 
java_command: /home/ggvgc/.cache/coursier/arc/https/github.com/sbt/sbt/releases/download/v2.0.5/sbt-2.0.5.zip/sbt/bin/sbt-launch.jar rdfStore/test
java_class_path (initial): /home/ggvgc/.cache/coursier/arc/https/github.com/sbt/sbt/releases/download/v2.0.5/sbt-2.0.5.zip/sbt/bin/sbt-launch.jar
Launcher Type: SUN_STANDARD

[Global flags]
     intx CICompilerCount                          = 12                                        {product} {ergonomic}
     uint ConcGCThreads                            = 3                                         {product} {ergonomic}
     uint G1ConcRefinementThreads                  = 13                                        {product} {ergonomic}
   size_t G1HeapRegionSize                         = 1048576                                   {product} {ergonomic}
    uintx GCDrainStackTargetSize                   = 64                                        {product} {ergonomic}
   size_t InitialHeapSize                          = 1073741824                                {product} {command line}
   size_t MarkStackSize                            = 4194304                                   {product} {ergonomic}
   size_t MaxHeapSize                              = 1073741824                                {product} {command line}
   size_t MaxNewSize                               = 643825664                                 {product} {ergonomic}
   size_t MinHeapDeltaBytes                        = 1048576                                   {product} {ergonomic}
   size_t MinHeapSize                              = 1073741824                                {product} {command line}
    uintx NonNMethodCodeHeapSize                   = 4096                                   {pd product} {ergonomic}
    uintx NonProfiledCodeHeapSize                  = 0                                      {pd product} {ergonomic}
    uintx ProfiledCodeHeapSize                     = 0                                      {pd product} {ergonomic}
    uintx ReservedCodeCacheSize                    = 134217728                              {pd product} {command line}
   size_t SoftMaxHeapSize                          = 1073741824                             {manageable} {ergonomic}
     intx ThreadStackSize                          = 4096                                   {pd product} {command line}
     bool UseCompressedOops                        = true                           {product lp64_product} {ergonomic}
     bool UseG1GC                                  = true                                      {product} {ergonomic}

Logging:
Log output configuration:
 #0: stdout all=warning uptime,level,tags foldmultilines=false
 #1: stderr all=off uptime,level,tags foldmultilines=false

Release file:
IMPLEMENTOR="Arch Linux"
JAVA_RUNTIME_VERSION="21.0.12.1+1"
JAVA_VERSION="21.0.12.1"
JAVA_VERSION_DATE="2026-08-18"
LIBC="gnu"
MODULES="java.base java.compiler java.datatransfer java.xml java.prefs java.desktop java.instrument java.logging java.management java.security.sasl java.naming java.rmi java.management.rmi java.net.http java.scripting java.security.jgss java.transaction.xa java.sql java.sql.rowset java.xml.crypto java.se java.smartcardio jdk.accessibility jdk.internal.jvmstat jdk.attach jdk.charsets jdk.internal.opt jdk.zipfs jdk.compiler jdk.crypto.ec jdk.crypto.cryptoki jdk.dynalink jdk.internal.ed jdk.editpad jdk.hotspot.agent jdk.httpserver jdk.incubator.vector jdk.internal.le jdk.internal.vm.ci jdk.internal.vm.compiler jdk.internal.vm.compiler.management jdk.jartool jdk.javadoc jdk.jcmd jdk.management jdk.management.agent jdk.jconsole jdk.jdeps jdk.jdwp.agent jdk.jdi jdk.jfr jdk.jlink jdk.jpackage jdk.jshell jdk.jsobject jdk.jstatd jdk.localedata jdk.management.jfr jdk.naming.dns jdk.naming.rmi jdk.net jdk.nio.mapmode jdk.random jdk.sctp jdk.security.auth jdk.security.jgss jdk.unsupported jdk.unsupported.desktop jdk.xml.dom"
OS_ARCH="x86_64"
OS_NAME="Linux"
SOURCE=""

Environment Variables:
JAVA_OPTS=-Dfile.encoding=UTF-8
PATH=/home/ggvgc/.local/share/coursier/bin:/usr/local/sbin:/usr/local/bin:/usr/sbin:/usr/bin:/sbin:/bin
SHELL=/usr/sbin/zsh
TERM=xterm-256color

Active Locale:
LC_ALL=C
LC_COLLATE=C
LC_CTYPE=C
LC_MESSAGES=C
LC_MONETARY=C
LC_NUMERIC=C
LC_TIME=C

Signal Handlers:
   SIGSEGV: 0x00007fd7d8689560 in libjvm.so+15242592, mask=11100100010111111101111111111110, flags=SA_RESTART|SA_SIGINFO, unblocked
    SIGBUS: 0x00007fd7d8689560 in libjvm.so+15242592, mask=11100100010111111101111111111110, flags=SA_RESTART|SA_SIGINFO, unblocked
    SIGFPE: 0x00007fd7d8689560 in libjvm.so+15242592, mask=11100100010111111101111111111110, flags=SA_RESTART|SA_SIGINFO, unblocked
   SIGPIPE: 0x00007fd7d84d4330 in libjvm.so+13452080, mask=11100100010111111101111111111110, flags=SA_RESTART|SA_SIGINFO, blocked
   SIGXFSZ: 0x00007fd7d84d4330 in libjvm.so+13452080, mask=11100100010111111101111111111110, flags=SA_RESTART|SA_SIGINFO, blocked
    SIGILL: 0x00007fd7d8689560 in libjvm.so+15242592, mask=11100100010111111101111111111110, flags=SA_RESTART|SA_SIGINFO, unblocked
   SIGUSR2: 0x00007fd7d84d5d10 in libjvm.so+13458704, mask=00000000000000000000000000000000, flags=SA_RESTART|SA_SIGINFO, blocked
    SIGHUP: 0x00007fd7d84d3650 in libjvm.so+13448784, mask=11100100010111111101111111111110, flags=SA_RESTART|SA_SIGINFO, blocked
    SIGINT: 0x00007fd7d84d3650 in libjvm.so+13448784, mask=11100100010111111101111111111110, flags=SA_RESTART|SA_SIGINFO, blocked
   SIGTERM: 0x00007fd7d84d3650 in libjvm.so+13448784, mask=11100100010111111101111111111110, flags=SA_RESTART|SA_SIGINFO, blocked
   SIGQUIT: 0x00007fd7d84d3650 in libjvm.so+13448784, mask=11100100010111111101111111111110, flags=SA_RESTART|SA_SIGINFO, blocked
   SIGTRAP: 0x00007fd7d8689560 in libjvm.so+15242592, mask=11100100010111111101111111111110, flags=SA_RESTART|SA_SIGINFO, unblocked


Periodic native trim disabled

---------------  S Y S T E M  ---------------

OS:
Linux
uname: Linux 7.2.8-arch1-2 #1 SMP PREEMPT_DYNAMIC Thu, 01 Oct 2026 17:24:20 +0000 x86_64
OS uptime: 0 days 13:32 hours
libc: glibc 2.44 NPTL 2.44 
rlimit (soft/hard): STACK 8192k/infinity , CORE infinity/infinity , NPROC 110566/110566 , NOFILE 524288/524288 , AS infinity/infinity , CPU infinity/infinity , DATA infinity/infinity , FSIZE infinity/infinity , MEMLOCK 8192k/8192k
load average: 5.57 4.65 3.66

/proc/meminfo:
MemTotal:       28359648 kB
MemFree:         8254460 kB
MemAvailable:   17862548 kB
Buffers:            1060 kB
Cached:         10873132 kB
SwapCached:         2264 kB
Active:          9031344 kB
Inactive:        9859084 kB
Active(anon):    8477388 kB
Inactive(anon):   691496 kB
Active(file):     553956 kB
Inactive(file):  9167588 kB
Unevictable:           0 kB
Mlocked:               0 kB
SwapTotal:      33554428 kB
SwapFree:       33416436 kB
Zswap:             66360 kB
Zswapped:         122872 kB
Dirty:              1412 kB
Writeback:             0 kB
AnonPages:       8010616 kB
Mapped:          1225032 kB
Shmem:           1824940 kB
KReclaimable:     324236 kB
Slab:             614260 kB
SReclaimable:     324236 kB
SUnreclaim:       290024 kB
KernelStack:       26956 kB
PageTables:        62444 kB
SecPageTables:      3960 kB
NFS_Unstable:          0 kB
Bounce:                0 kB
WritebackTmp:          0 kB
CommitLimit:    47734252 kB
Committed_AS:   16592080 kB
VmallocTotal:   34359738367 kB
VmallocUsed:      127192 kB
VmallocChunk:          0 kB
Percpu:            15744 kB
HardwareCorrupted:     0 kB
AnonHugePages:   4157440 kB
ShmemHugePages:        0 kB
ShmemPmdMapped:        0 kB
FileHugePages:         0 kB
FilePmdMapped:         0 kB
CmaTotal:              0 kB
CmaFree:               0 kB
Unaccepted:            0 kB
Balloon:               0 kB
GPUActive:         67164 kB
GPUReclaim:        32100 kB
HugePages_Total:       0
HugePages_Free:        0
HugePages_Rsvd:        0
HugePages_Surp:        0
Hugepagesize:       2048 kB
Hugetlb:               0 kB
DirectMap4k:      501944 kB
DirectMap2M:    22200320 kB
DirectMap1G:     7340032 kB

/sys/kernel/mm/transparent_hugepage/enabled: <Not Available>
/sys/kernel/mm/transparent_hugepage/hpage_pmd_size: <Not Available>
/sys/kernel/mm/transparent_hugepage/defrag (defrag/compaction efforts parameter): <Not Available>

Process Memory:
Virtual Size: 4486224K (peak: 12874216K)
Resident Set Size: 1756744K (peak: 1793960K) (anon: 1724708K, file: 31520K, shmem: 516K)
Swapped out: 0K
C-Heap outstanding allocations: 306013K, retained: 189534K
glibc malloc tunables: (default)

/proc/sys/kernel/threads-max (system-wide limit on the number of threads): 221133
/proc/sys/vm/max_map_count (maximum number of memory map areas a process may have): 1048576
/proc/sys/vm/swappiness (control to define how aggressively the kernel swaps out anonymous memory): 60
/proc/sys/kernel/pid_max (system-wide limit on number of process identifiers): 4194304

container information not found.
Steal ticks since vm start: 0
Steal ticks percentage since vm start:  0.000

CPU: total 16 (initial active 16) (16 cores per cpu, 2 threads per core) family 25 model 116 stepping 1 microcode 0xa704107, cx8, cmov, fxsr, ht, mmx, 3dnowpref, sse, sse2, sse3, ssse3, sse4a, sse4.1, sse4.2, popcnt, lzcnt, tsc, tscinvbit, avx, avx2, aes, erms, clmul, bmi1, bmi2, adx, avx512f, avx512dq, avx512cd, avx512bw, avx512vl, sha, fma, vzeroupper, avx512_vpopcntdq, avx512_vpclmulqdq, avx512_vaes, avx512_vnni, clflush, clflushopt, avx512_vbmi2, avx512_vbmi, rdtscp, rdpid, fsrm, gfni, avx512_bitalg, f16c, pku, ospke, cet_ss, avx512_ifma
CPU Model and flags from /proc/cpuinfo:
model name	: AMD Ryzen 7 PRO 7840U w/ Radeon 780M Graphics
flags		: fpu vme de pse tsc msr pae mce cx8 apic sep mtrr pge mca cmov pat pse36 clflush mmx fxsr sse sse2 ht syscall nx mmxext fxsr_opt pdpe1gb rdtscp lm constant_tsc rep_good amd_lbr_v2 nopl xtopology nonstop_tsc cpuid extd_apicid aperfmperf rapl pni pclmulqdq monitor ssse3 fma cx16 sse4_1 sse4_2 x2apic movbe popcnt aes xsave avx f16c rdrand lahf_lm cmp_legacy svm extapic cr8_legacy abm sse4a misalignsse 3dnowprefetch osvw ibs skinit wdt tce topoext perfctr_core perfctr_nb bpext perfctr_llc mwaitx cpuid_fault cpb cat_l3 cdp_l3 hw_pstate ssbd mba perfmon_v2 ibrs ibpb stibp ibrs_enhanced vmmcall fsgsbase bmi1 avx2 smep bmi2 erms invpcid cqm rdt_a avx512f avx512dq rdseed adx smap avx512ifma clflushopt clwb avx512cd sha_ni avx512bw avx512vl xsaveopt xsavec xgetbv1 xsaves cqm_llc cqm_occup_llc cqm_mbm_total cqm_mbm_local user_shstk avx512_bf16 clzero irperf xsaveerptr rdpru wbnoinvd cppc arat npt lbrv svm_lock nrip_save tsc_scale vmcb_clean flushbyasid decodeassists pausefilter pfthreshold vgif x2avic v_spec_ctrl vnmi avx512vbmi umip pku ospke avx512_vbmi2 gfni vaes vpclmulqdq avx512_vnni avx512_bitalg avx512_vpopcntdq rdpid overflow_recov succor smca fsrm flush_l1d amd_lbr_pmc_freeze

Online cpus: <Not Available>
Offline cpus: <Not Available>
BIOS frequency limitation: <Not Available>
Frequency switch latency (ns): <Not Available>
Available cpu frequencies: <Not Available>
Current governor: <Not Available>
Core performance/turbo boost: <Not Available>

Memory: 4k page, physical 28359648k(17862548k free), swap 33554428k(33416436k free)
Page Sizes: 4k

vm_info: OpenJDK 64-Bit Server VM (21.0.12.1+1) for linux-amd64 JRE (21.0.12.1+1), built on 2026-08-18T17:04:29Z by "builduser" with gcc 16.2.1 20260810

END.
